record_id,sentence_text,country_source,source_role,source_line,source_document_id,source_sentence_id,source_split,derived_split,annotator1_raw,annotator2_raw,reconciliation_raw,recorded_label,label_path
train-0001,Da li je pošteno da se ukida prethodna stopa i da se povećava u odnosu na prethodnu?,HR,train_file,1,17023,2536,train,ucenje,N_Neutral,Negative,M_Negative,Negative,dva_kodera_i_uskladjenje
train-0003,Vizija predstavlja sliku idealne budućnosti a ciljevi način kako se ostvaruje ta vizija.,HR,train_file,3,41098,552,train,ucenje,P_Neutral,Positive,P_Neutral,Neutral,dva_kodera_i_uskladjenje
train-0004,"Znači banke imaju 9 i pol milijardi kuna slobodnih sredstava, HNB vodi ekstenzivnu monetarnu politiku.",HR,train_file,4,77562,2066,train,provjera,P_Neutral,Positive,Positive,Positive,dva_kodera_i_uskladjenje
train-0005,"Oni mogu biti i oružana agresija, dakle napad druge države, ali ono mogu biti i unutarnja oružana pobuna, oni mogu biti terorističke djelatnosti, može biti špijunaža, može biti diverzija.",HR,train_file,5,23551,540,train,provjera,Negative,Negative,Negative,Negative,dva_kodera_i_uskladjenje
train-0007,"Zemlje koje su uspješne nisu uspješne zbog interventnih mjera, nego zbog dalekovidne i pametne, pa ako hoćete i drske politike prije sedam, osam ili deset godina.",HR,train_file,7,3496,515,train,provjera,Positive,P_Neutral,Positive,Positive,dva_kodera_i_uskladjenje
train-0008,"Svatko ima pravo na pristup sudu, dakako da neuka stranka ima pravo na prostornu pomoć i ako je socijalno ugrožena da joj treba osigurati besplatnu pravnu, profesionalnu pravnu pomoć.",HR,train_file,8,22490,295,train,ucenje,Positive,M_Negative,P_Neutral,Neutral,dva_kodera_i_uskladjenje
train-0011,"Prema tome, njih čeka vrlo loš ishod 15.6. ukoliko ne donesete zamjensku mjeru.",HR,train_file,11,201410,858,train,provjera,Negative,Negative,Negative,Negative,dva_kodera_i_uskladjenje
train-0013,"Zapovjedništvo i postrojbe oružanih snaga suočeni su s problemom zastarjelosti, neujednačenosti i sporog obnavljanja postojeće borbene tehnike tako da je tenk oružanih snaga prosječne starosti 35 godina.",HR,train_file,13,22996,297,train,ucenje,Negative,Negative,Negative,Negative,dva_kodera_i_uskladjenje
train-0014,Državni zavod za statistiku govori da je čak 958 maloljetnika u Republici Hrvatskoj u 2008. godini osuđeno uz izrečene sankcije.,HR,train_file,14,50273,460,train,ucenje,Negative,N_Neutral,Negative,Negative,dva_kodera_i_uskladjenje
train-0018,Od strane laboratorija ustanovljeno je da bolujem od azbestoze a 2002. godine ustanovljeno je da imam fibrozu pluća a sada se sumnja da imam mezoteliom.,HR,train_file,18,149733,2269,train,ucenje,Negative,Negative,Negative,Negative,dva_kodera_i_uskladjenje
train-0021,"I dok nije oformljen porezni USKOK ništa se nije moglo učiniti, jer su isti čas curile informacije onima koji su porezne prekršaje činili.",HR,train_file,21,5009,2373,train,ucenje,Negative,M_Negative,Negative,Negative,dva_kodera_i_uskladjenje
train-0022,Ne znam postoje li ustrojbene jedinice pri ministarstvima ili ne postoje.,HR,train_file,22,65398,588,train,ucenje,N_Neutral,N_Neutral,N_Neutral,Neutral,dva_kodera_i_uskladjenje
train-0023,Možemo se složiti sa time da je cijena motiv ali ne može biti i jedini kriterij.,HR,train_file,23,62503,343,train,provjera,M_Negative,M_Negative,M_Negative,Negative,dva_kodera_i_uskladjenje
train-0025,Molim da se dizanjem ruke izjasnimo tko je za predloženu odluku?,HR,train_file,25,6710,1435,train,ucenje,P_Neutral,P_Neutral,P_Neutral,Neutral,dva_kodera_i_uskladjenje
train-0028,Sudeći prema nominalnoj vrijednosti ne radi se baš o maloj vrijednosti.,HR,train_file,28,59312,337,train,ucenje,N_Neutral,Negative,N_Neutral,Neutral,dva_kodera_i_uskladjenje
train-0031,Klub SDP-a podržava izmjene i dopune Zakona o izvršavanju kazne zatvora.,HR,train_file,31,62038,2110,train,ucenje,Positive,P_Neutral,P_Neutral,Neutral,dva_kodera_i_uskladjenje
train-0032,"Bilo bi čak i za otplatu duga umirovljenicima, a drugi je način davanja u zakup.",HR,train_file,32,24499,300,train,provjera,P_Neutral,M_Positive,P_Neutral,Neutral,dva_kodera_i_uskladjenje
train-0034,A neću niti govoriti da su kriteriji za izbor ovih kandidata jedna misaona imenica da zaista nemamo pojma po kojim kriterijima su birani članovi ovog Upravnog vijeća.,HR,train_file,34,84308,380,train,ucenje,Negative,Negative,Negative,Negative,dva_kodera_i_uskladjenje
train-0035,"To je evo i ova vlada komunicira, jednostavno, puno ima grešaka koje sad plaćamo.",HR,train_file,35,102178,2551,train,provjera,Negative,M_Negative,Negative,Negative,dva_kodera_i_uskladjenje
train-0036,Dobili smo 15.siječnja 2004. prijedlog zakona sa konačnim prijedlogom koji je imao u biti jedan članak ili članak drugi govori kada stupa na snagu.,HR,train_file,36,2463,265,train,ucenje,P_Neutral,N_Neutral,P_Neutral,Neutral,dva_kodera_i_uskladjenje
train-0037,"Osnovni cilj je naravno brži razvoj tih područja, povećanje kvalitete života stanovništva, kako bi se potaknula demografska obnova u tim krajevima, a njihovo gospodarstvo ujednačilo sa razinom ostalih dijelova Hrvatske.",HR,train_file,37,12741,1898,train,ucenje,Positive,Positive,Positive,Positive,dva_kodera_i_uskladjenje
train-0039,Tu se radi po našoj procjeni o najoštećenijoj kategoriji stanovništva i imamo utisak da oni imaju tretman gotovo isti kao što imaju tretman i naseljenici.,HR,train_file,39,73251,2184,train,ucenje,Negative,Negative,Negative,Negative,dva_kodera_i_uskladjenje
train-0041,"Drugo, naveli ste da u međimurju ima deklariranih 11000 roma, u međuvremenu ste rekli da je osnovnoškolsko obrazovanje 11400.",HR,train_file,41,87617,620,train,ucenje,N_Neutral,N_Neutral,N_Neutral,Neutral,dva_kodera_i_uskladjenje
train-0042,Oni više nisu ni hrvatska ni demokratska nego su samo zajednica koja glumi nekakvo lažno domoljublje kako bi dopustila daljnju pljačku i devastaciju hrvatskih građana a osobito onih najugroženijih a to su umirovljenici.,HR,train_file,42,110827,790,train,provjera,Negative,Negative,Negative,Negative,dva_kodera_i_uskladjenje
train-0043,"Znači to je pitanje, to je pitanje vaše percepcije onoga što ste pročitali.",HR,train_file,43,60364,1338,train,ucenje,N_Neutral,M_Negative,N_Neutral,Neutral,dva_kodera_i_uskladjenje
train-0047,I znamo svi da se vara i država i da se vara radnik time itd.,HR,train_file,47,71943,494,train,ucenje,Negative,Negative,Negative,Negative,dva_kodera_i_uskladjenje
train-0049,"Pa ne želeći komentirati način na koji je bio sad prezentiran, to moram samo reći nešto.",HR,train_file,49,82822,1421,train,ucenje,N_Neutral,N_Neutral,N_Neutral,Neutral,dva_kodera_i_uskladjenje
train-0053,"To je primarni interes po mom sudu uz interes za neke globalne, uređivačku, za globalnu uređivačku orijentaciju ili koncepciju koja je ovdje u nadležnosti gospodina Ljevaka i Programskoga vijeća.",HR,train_file,53,52853,1705,train,ucenje,P_Neutral,P_Neutral,P_Neutral,Neutral,dva_kodera_i_uskladjenje
train-0055,Ja vam se zahvaljujem što ste imali upornosti ostati petkom popodne da tako kažem i da ovu raspravu koju smo ipak vodili u dobrom dijelu konstruktivno možemo prenijeti i na neka buduća postupanja.,HR,train_file,55,59868,2069,train,ucenje,Positive,Positive,Positive,Positive,dva_kodera_i_uskladjenje
train-0057,"Oružje, znači jedan nož može služiti za rezanje rajčice, a može služiti i za hladnokrvno ubojstvo.",HR,train_file,57,26464,700,train,ucenje,N_Neutral,Negative,Negative,Negative,dva_kodera_i_uskladjenje
train-0059,Nemojmo samo od njih tražiti da to postignu ako mi ne pokušamo to postići i ovdje u Hrvatskom saboru.,HR,train_file,59,116712,1889,train,ucenje,M_Negative,M_Positive,M_Negative,Negative,dva_kodera_i_uskladjenje
train-0060,"Jer smo pustili korona virus u 8 domova koliko ja imam evidenciju, u 8 domova.",HR,train_file,60,199732,1591,train,ucenje,Negative,Negative,Negative,Negative,dva_kodera_i_uskladjenje
train-0061,Uvjeren sam da će već naredno izvješće potvrditi da je došlo do poboljšanja u njihovom radu kao i radu tijela koja dodjeljuju proračunska sredstva i kontroliraju njihovo namjensko trošenje.,HR,train_file,61,2820,2334,train,ucenje,Positive,Positive,Positive,Positive,dva_kodera_i_uskladjenje
train-0062,"Kolega Marelić ne sumnjam da je ovaj zakon nekima donio dobro i ne sumnjam da oni hvale ovaj zakon i to je logično ali oni gledaju usko i kratkovidno, ne gledaju širinu.",HR,train_file,62,61855,583,train,ucenje,M_Negative,M_Negative,M_Negative,Negative,dva_kodera_i_uskladjenje
train-0063,"Sljedeće, postojeći poticaj za prodaju domaće teladi za tov u iznosu od 600 kuna usmjerava se za povećanje iznosa poticaja za tov junadi domaćeg podrijetla koji sada ukupno iznosi 1.800,00 kuna.",HR,train_file,63,71020,2002,train,provjera,P_Neutral,Positive,P_Neutral,Neutral,dva_kodera_i_uskladjenje
train-0064,"Znači imamo nagli skok starosnih mirovina od 97.-99.i to za 40 tisuća, obično je to slijed od 5-10 tisuća.",HR,train_file,64,70218,2422,train,ucenje,Negative,Negative,Negative,Negative,dva_kodera_i_uskladjenje
train-0065,"Prelama se preko potrošača, a ne može im osigurati kvalitetnu i dostupnu opskrbu plinom.",HR,train_file,65,25290,48,train,ucenje,Negative,Negative,Negative,Negative,dva_kodera_i_uskladjenje
train-0066,"Mislim da je strateški plan ove Vlade, a što je premijer u prvim danima prepoznao i glasno izgovorio da među nasušnim brojnim potrebama u sustavu zdravstvu prominira dječja bolnica u Zagrebu.",HR,train_file,66,25627,1431,train,provjera,M_Negative,M_Positive,M_Negative,Negative,dva_kodera_i_uskladjenje
train-0069,I zato klub SDP-a će i dalje energično koliko to možemo i SDP Hrvatske raditi na približavanju Hrvatske Europi.,HR,train_file,69,4308,396,train,provjera,Positive,Positive,Positive,Positive,dva_kodera_i_uskladjenje
train-0070,"A dogodilo se ono na što mi u HSS-u upozoravamo od početka izbijanja afere Agrokor, dogodila se neviđena pljačka pod pokroviteljstvom i uz znanje najvišeg vrha državnog odnosno Vlade RH, samog premijera.",HR,train_file,70,77921,757,train,ucenje,Negative,Negative,Negative,Negative,dva_kodera_i_uskladjenje
train-0077,Tko će i kako plaćati štete koje se i sada ne plaćaju?,HR,train_file,77,101073,101,train,provjera,Negative,N_Neutral,Negative,Negative,dva_kodera_i_uskladjenje
train-0081,"Ali da, neka postoje, ali ovo je ipak pad, financijski pad.",HR,train_file,81,55533,472,train,ucenje,Negative,M_Negative,Negative,Negative,dva_kodera_i_uskladjenje
train-0083,Imali smo pad društvenog proizvoda a mi ćemo slijedeće godine građanima uzeti više i to još uredno potrošiti.,HR,train_file,83,43235,451,train,ucenje,Negative,Negative,Negative,Negative,dva_kodera_i_uskladjenje
train-0085,Međutim problem je kod ove vlasti što recimo ministar financija ne želi priznati svoju grešku nego uvijek na jedan osebujan način pronalazi greške u nekim drugim vladama.,HR,train_file,85,59382,579,train,ucenje,Negative,Negative,Negative,Negative,dva_kodera_i_uskladjenje
train-0089,"Znači, sumnja se na firmu koja masovno dobija poslove mimo natječaja kao kooperant i koja obavlja najzahtjevnije, a time i najskuplje radove, a da za njih često referenci nema.",HR,train_file,89,94651,389,train,ucenje,Negative,Negative,Negative,Negative,dva_kodera_i_uskladjenje
train-0090,"I prema tome ono što treba jasno na kraju, s tim ću završiti, reći Hrvatska demokratska zajednica podržava ovu inicijativu hrvatskih branitelja.",HR,train_file,90,76497,505,train,ucenje,Positive,Positive,Positive,Positive,dva_kodera_i_uskladjenje
train-0091,"4, 4,5 sata Ljubljana, a zamislite vlak da ne govorimo o unskoj pruzi o kojoj nema pojma nitko.",HR,train_file,91,115984,656,train,ucenje,P_Neutral,Negative,Negative,Negative,dva_kodera_i_uskladjenje
train-0093,Ustava RH koji kaže da smo svi pred zakonom jednaki i ako se u ovom obliku izglasa u Hrvatskom saboru svaka nova ustavna tužba će ga srušiti na Ustavnom sudu.,HR,train_file,93,40625,550,train,ucenje,Negative,Negative,Negative,Negative,dva_kodera_i_uskladjenje
train-0094,"Ukupni fiskalni kapaciteti svih 26 općina oba grada i županije u protekloj godini iznosili su uz dotaciju, izdašnu dotaciju države oko 400 milijuna kuna.",HR,train_file,94,26083,1912,train,ucenje,P_Neutral,N_Neutral,P_Neutral,Neutral,dva_kodera_i_uskladjenje
train-0104,Sutra ga hoćeš nećeš moramo izglasati u Saboru kako znamo i umijemo jer se Ministarstvo zaštite okoliša i prirode posljednjih godinu dana češljalo dok je kuća gorjela.,HR,train_file,104,44683,2533,train,ucenje,Negative,M_Negative,Negative,Negative,dva_kodera_i_uskladjenje
train-0106,"Ovo podizanje, predloženo podizanje PDV-a za ugostiteljstvo moramo si postaviti temeljno pitanje da li hrvatski turizam stavlja u podređeni položaj ili u povoljniji položaj?",HR,train_file,106,9651,2435,train,ucenje,N_Neutral,M_Negative,M_Negative,Negative,dva_kodera_i_uskladjenje
train-0107,Moramo više stvarati i moramo manje gubiti kroz korupcijske kanale i korupcijske skandale.,HR,train_file,107,53633,468,train,provjera,M_Negative,M_Negative,M_Negative,Negative,dva_kodera_i_uskladjenje
train-0108,"E, ono što je posebno vesela priča u Hrvatskoj, a to je eksploatacija šljunka.",HR,train_file,108,38394,2329,train,ucenje,Negative,Negative,Negative,Negative,dva_kodera_i_uskladjenje
train-0110,"I ta činjenica je bila jedna od onih koje i sami neki istaknuti pripadnici HOS-a posljednjih dana, nedvosmisleno karakteriziraju kao provokaciju.",HR,train_file,110,48092,2045,train,provjera,Negative,M_Negative,Negative,Negative,dva_kodera_i_uskladjenje
train-0117,Vi ne doprinosite nikakvoj efikasnosti u smislu davanja otkaza neradniku.,HR,train_file,117,41923,1378,train,ucenje,Negative,Negative,Negative,Negative,dva_kodera_i_uskladjenje
train-0119,"U tom dijelu on će biti organizator, onaj koji podupire proizvodnju na svojem prostoru i području.",HR,train_file,119,15402,2284,train,ucenje,P_Neutral,Positive,P_Neutral,Neutral,dva_kodera_i_uskladjenje
train-0120,Ma koji bi se bedak išao zadužiti na tekući račun i plaćati kamatnu stopu 15 do 16%?,HR,train_file,120,56057,573,train,ucenje,Negative,Negative,Negative,Negative,dva_kodera_i_uskladjenje
train-0123,"Ono što je imperativ i to mora biti imperativ, ne samo vas ministre, nego i Ministarstva financija i ostalih, da bude kontrola veća.",HR,train_file,123,78834,2026,train,ucenje,P_Neutral,M_Positive,P_Neutral,Neutral,dva_kodera_i_uskladjenje
train-0124,"Gospodine ministre, kad bi to bilo točno da Hrvatska liječnička komora zastupa snažne interese primarne zdravstvene zaštite liječnika, onda ne bi primarna zdravstvena zaštita bila tu gdje jest.",HR,train_file,124,98788,780,train,ucenje,Negative,Negative,Negative,Negative,dva_kodera_i_uskladjenje
train-0129,"Dakle, mora se postići odgovornost, ali da bi postigli odgovornost, mora se postići socijalna stabilnost i socijalna sigurnost građana.",HR,train_file,129,90402,769,train,ucenje,Positive,M_Positive,M_Positive,Positive,dva_kodera_i_uskladjenje
train-0131,"A ne, pardon, ono nije bila stanka, točno, da, da, izvolite.",HR,train_file,131,161713,2088,train,provjera,M_Positive,P_Neutral,P_Neutral,Neutral,dva_kodera_i_uskladjenje
train-0132,"U 2004. godini odbačajem kaznene prijave riješeno je 34% prijava, neposrednim optuženjem 58% i podnošenjem istražnog zahtjeva 8%.",HR,train_file,132,50938,2559,train,ucenje,N_Neutral,N_Neutral,N_Neutral,Neutral,dva_kodera_i_uskladjenje
train-0133,Isključivo u taksativno navedenim situacijama predviđenima u članku 17. i 101.,HR,train_file,133,6417,672,train,ucenje,P_Neutral,N_Neutral,P_Neutral,Neutral,dva_kodera_i_uskladjenje
train-0134,"Mi moramo utvrditi pravedni balans, utoliko su ovi ugovori i lihvarski jer oni na neki način utvrđuju obvezu bez kraja i konca bez ikakvoga mjerenja.",HR,train_file,134,127242,2163,train,ucenje,Negative,Negative,Negative,Negative,dva_kodera_i_uskladjenje
train-0135,U tijeku je izrada dugoročnog plana razvoja oružanih snaga kojim utvrđujemo vojne sposobnosti koje ćemo dugoročno razvijati i održavati.,HR,train_file,135,54879,1628,train,ucenje,Positive,P_Neutral,P_Neutral,Neutral,dva_kodera_i_uskladjenje
train-0137,"Mišljenja smo da je ovakvo usporeno neprofesionalno upravljanje ove Vlade opetovano šteti ovoj državi, njenim građanima ali i ugledu koji imamo u međunarodnim krugovima.",HR,train_file,137,32977,2587,train,ucenje,Negative,Negative,Negative,Negative,dva_kodera_i_uskladjenje
train-0139,"A druga stvar je koju ste problematizirali, a to jeste hrvatska rak rana to su odnosi sa susjedima odnosno granice sa susjedima.",HR,train_file,139,42221,554,train,ucenje,Negative,Negative,Negative,Negative,dva_kodera_i_uskladjenje
train-0140,"Republika Hrvatska i Republika Makedonija imaju u nizu područja već potpisane bilateralne sporazume kao na primjer o slobodnoj trgovini, o suradnji u području kulture, znanosti, turizma, prometa i tako dalje.",HR,train_file,140,16118,285,train,ucenje,Positive,Positive,Positive,Positive,dva_kodera_i_uskladjenje
train-0143,"I još jedna mala polemika, kažete da ste s manje novca izliječiti više pacijenata.",HR,train_file,143,24563,1458,train,ucenje,M_Negative,M_Negative,M_Negative,Negative,dva_kodera_i_uskladjenje
train-0145,"E sad hoćemo i dalje radit na tome da se oni bogate, a da to ide na teret naših stanovnika i na teret naših građana, na teret naših proizvođača.",HR,train_file,145,193704,116,train,ucenje,Negative,Negative,Negative,Negative,dva_kodera_i_uskladjenje
train-0146,Nemamo previše novca a imamo previše potreba u ovoj zemlji.,HR,train_file,146,37441,2173,train,ucenje,Negative,Negative,Negative,Negative,dva_kodera_i_uskladjenje
train-0148,Sljedeći Kluba zastupnika onaj GLAS-a u ime kojeg će govoriti poštovani zastupnik Goran Beus Richembergh.,HR,train_file,148,149893,1814,train,ucenje,Positive,P_Neutral,P_Neutral,Neutral,dva_kodera_i_uskladjenje
train-0149,Prije je kolegica glavak nabrojala one novinare koji su u posljednje vrijeme dobili otkaz.,HR,train_file,149,106738,638,train,ucenje,Negative,Negative,Negative,Negative,dva_kodera_i_uskladjenje
train-0150,Pred nama je u drugom čitanju Zakon o Državnom inspektoratu.,HR,train_file,150,117598,2407,train,provjera,P_Neutral,P_Neutral,P_Neutral,Neutral,dva_kodera_i_uskladjenje
train-0152,"Sada su počeli ljudi gubiti radna mjesta masovno, u svim industrijama, kako će oni vraćati te kredite, kako će otplaćivati rate kredita kada izgube radno mjesto.",HR,train_file,152,26288,425,train,ucenje,Negative,Negative,Negative,Negative,dva_kodera_i_uskladjenje
train-0154,"Uvaženi ministre, da u pravu ste, to je ta dilema treba li to iz mirovinskog sustava ili iz općih poreza?",HR,train_file,154,204990,861,train,provjera,P_Neutral,N_Neutral,P_Neutral,Neutral,dva_kodera_i_uskladjenje
train-0157,Znači li to da je konačno i danas vladajuća koalicija shvatila što je međunarodna i što su međunarodni kriteriji i što su međunarodno priznate vrijednosti kada govorimo o nezaposlenosti?,HR,train_file,157,4709,1388,train,ucenje,M_Negative,M_Negative,M_Negative,Negative,dva_kodera_i_uskladjenje
train-0158,"I sada ako govorimo o terorizmu, postoji raznih vrsta terorizama, mislim da je terorizam koji dolazi iz te strane za Hrvatsku najopasniji.",HR,train_file,158,143881,810,train,ucenje,Negative,Negative,Negative,Negative,dva_kodera_i_uskladjenje
train-0159,"Dakle neke će regije biti dobitnici, neke regije će biti gubitnici, a nekima će ostati isto kao što je bilo i do sada.",HR,train_file,159,12489,2150,train,ucenje,P_Neutral,M_Negative,P_Neutral,Neutral,dva_kodera_i_uskladjenje
train-0160,"Uvijek ovo jedno čitanje, brza procedura zbog usklađivanja sa zakonodavstvom Europske unije.",HR,train_file,160,47178,1488,train,ucenje,P_Neutral,Negative,N_Neutral,Neutral,dva_kodera_i_uskladjenje
train-0161,"Danas već imamo veliki manjak liječnika, veliki manjak medicinskih sestara, naravno i svih ostalih profesija u zdravstvu da sada ne nabrajam.",HR,train_file,161,15912,407,train,ucenje,Negative,Negative,Negative,Negative,dva_kodera_i_uskladjenje
train-0164,"Ovdje se pokušava nešto učiniti, istina kratkoročno a i sam premijer je rekao i predsjednik, pardon, ministar ovdje, da se ćemo efekte toga vidjeti.",HR,train_file,164,190235,846,train,provjera,M_Positive,M_Positive,M_Positive,Positive,dva_kodera_i_uskladjenje
train-0165,"I peto, svakom je jasno kako je kod šumskih požara najvažnija hitna reakacija na samom očetku požara.",HR,train_file,165,14383,284,train,ucenje,P_Neutral,N_Neutral,N_Neutral,Neutral,dva_kodera_i_uskladjenje
train-0166,Isto tako se zaboravilo na očuvanje ugroženih izvornih zaštićenih pasmina domaćih životinja i ugroženih izvornih zaštićenih vrsta i kultivara poljoprivrednog bilja.,HR,train_file,166,74694,602,train,ucenje,Negative,Negative,Negative,Negative,dva_kodera_i_uskladjenje
train-0167,"Međutim, iako su ovi financijski pokazatelji dobri, Hrvatska banka za obnovu i razvitak mora raditi puno efikasnije, puno kvalitetnije, jer hrvatsko gospodarstvo ima potrebe za njihovim radom.",HR,train_file,167,3510,1960,train,provjera,M_Negative,M_Positive,M_Negative,Negative,dva_kodera_i_uskladjenje
train-0168,"Imamo još oko 900 km2 minsko sumnjive površine ili površine koje se nalaze pod minama, to je užasno velika površina.",HR,train_file,168,3299,1367,train,ucenje,Negative,Negative,Negative,Negative,dva_kodera_i_uskladjenje
train-0169,"Tu se država iskazuje je li učinkovita, je li sposobna zaštititi građane a da oni to ne traže.",HR,train_file,169,29886,307,train,ucenje,N_Neutral,P_Neutral,P_Neutral,Neutral,dva_kodera_i_uskladjenje
train-0170,"To kaže Ustav Republike Hrvatske, to kaže Europska konvencija o ljudskim pravima i temeljnim slobodama, Konvencija o pristupu informacijama i brojni međunarodni ugovori.",HR,train_file,170,64805,2387,train,ucenje,P_Neutral,P_Neutral,P_Neutral,Neutral,dva_kodera_i_uskladjenje
train-0171,Onda bi mi imali situaciju da je 20% domicilnog stanovništva u pograničnoj kopnenoj granici zapravo su ilegalni migranti.,HR,train_file,171,145848,1621,train,ucenje,Negative,Negative,Negative,Negative,dva_kodera_i_uskladjenje
train-0172,"Dakle javnost se sa pravom pita kako je moguće da je jedna prof. iz dubrovačke gimnazije, kako se špekulira raspolaže imovinom većom od 5 milijuna eura.",HR,train_file,172,156800,1661,train,ucenje,Negative,Negative,Negative,Negative,dva_kodera_i_uskladjenje
train-0177,Ovo je prebacivanje iz jednih stupaca u drugi kako bi se pokrpao sustav.,HR,train_file,177,173082,2493,train,ucenje,Negative,Negative,Negative,Negative,dva_kodera_i_uskladjenje
train-0182,Stoga je svijest i potreba za zajedničkim povezivanjem s ciljem jačanja izgradnje obrambenih sposobnosti u Europi postala nužnost.,HR,train_file,182,54480,572,train,ucenje,Positive,P_Neutral,M_Positive,Positive,dva_kodera_i_uskladjenje
train-0183,"Postoje izuzeci kao što sam rekao kod najtežih kaznenih djela kad se neki instituti mogu primjenjivat s odgodom, opće se mogu primjenjivati itd.",HR,train_file,183,53504,1842,train,ucenje,N_Neutral,N_Neutral,N_Neutral,Neutral,dva_kodera_i_uskladjenje
train-0184,Utvrđujem da navedeni amandman nije dobio dovoljan broj glasova da se uvrsti u konačni prijedlog zakona.,HR,train_file,184,22002,692,train,provjera,N_Neutral,N_Neutral,N_Neutral,Neutral,dva_kodera_i_uskladjenje
train-0186,Prošlu godinu je pokrenuta inicijativa za mijenjanje ovog zakona jer nema efekata davanja poticaja.,HR,train_file,186,56172,576,train,ucenje,N_Neutral,P_Neutral,N_Neutral,Neutral,dva_kodera_i_uskladjenje
train-0189,Netočno je gospodin Kovačević ustvrdio da gospođa je morala biti na bojištu da bi stekla status hrvatskoga branitelja.,HR,train_file,189,50040,1775,train,ucenje,Negative,Negative,Negative,Negative,dva_kodera_i_uskladjenje
train-0196,"Takvi domovi pružaju kvalitetnu socijalnu skrb, uslugu stanovanja, dnevnog boravka, prehrane te njegu i brigu o zdravlju.",HR,train_file,196,89768,385,train,ucenje,Positive,Positive,Positive,Positive,dva_kodera_i_uskladjenje
train-0197,To je još uvijek nešto nepoznato što razara duh i tijelo.,HR,train_file,197,73214,2083,train,ucenje,Negative,Negative,Negative,Negative,dva_kodera_i_uskladjenje
train-0198,Srušeno je izvješće HAKOM-a i definitivno jedini izlaz iz ove situacije je i ostavka koju mi zahtijevamo i tražimo.,HR,train_file,198,53159,731,train,ucenje,Negative,Negative,Negative,Negative,dva_kodera_i_uskladjenje
train-0199,"Želim reći isto tako budući da sam se vratio sinoć kasno iz mostara, znam da je sabor izrazio svoju sućut jučer na početku.",HR,train_file,199,3668,267,train,ucenje,P_Neutral,N_Neutral,P_Neutral,Neutral,dva_kodera_i_uskladjenje
train-0200,Vodeći računa o tome da se stupanjem u punopravno članstvo Zakon o državnim potporama i svi drugi domaći zakonski propisi temeljem Zakona o državnim potporama stavljaju izvan snage.,HR,train_file,200,46896,325,train,ucenje,N_Neutral,N_Neutral,N_Neutral,Neutral,dva_kodera_i_uskladjenje
train-0201,"Vi ste se jako dobro izrazili u svojim iskazivanjima realnog stanja o izvješću, možda ste bili čak i malo preblagi u odnosu na stvarno stanje u društvu.",HR,train_file,201,8979,2586,train,ucenje,M_Positive,M_Positive,M_Positive,Positive,dva_kodera_i_uskladjenje
train-0205,Znači u ovom slučaju je strah od javnog iskazivanja nezadovoljstva građana pred sjedištem Vlade puno jači od popuštanja pred negativnim stavom javnosti kao u prethodnim slučajevima.,HR,train_file,205,52216,1997,train,ucenje,Negative,Negative,Negative,Negative,dva_kodera_i_uskladjenje
train-0207,"Nedovoljna diferencijacija statusa krugova poslova lokalnih samoupravnih jedinica koje su objektivno različite po veličini, stupnju razvijenosti i drugim objektivnim pokazateljima.",HR,train_file,207,29980,2060,train,ucenje,Negative,N_Neutral,N_Neutral,Neutral,dva_kodera_i_uskladjenje
train-0208,Što kazati o korupciji postoji više definicija što je korupcija najkraće rečeno korupcija je rak rana hrvatskog društva.,HR,train_file,208,30972,2595,train,ucenje,Negative,Negative,Negative,Negative,dva_kodera_i_uskladjenje
train-0209,"Treće, na ovim modelu bruto trošaka rada, bruto cijena rada ostaje ista kao i dosad.",HR,train_file,209,8411,1427,train,ucenje,P_Neutral,P_Neutral,P_Neutral,Neutral,dva_kodera_i_uskladjenje
train-0212,"Privatizacija s druge strane znači prijenos javne usluge ili firme u privatne ruke, kako bi bila vođena u skladu s privatnim interesom a ne u skladu s javnim interesom"".",HR,train_file,212,39350,2303,train,ucenje,P_Neutral,Negative,N_Neutral,Neutral,dva_kodera_i_uskladjenje
train-0213,"Mačevi su naši, a oni su tamo u dvoboju.",HR,train_file,213,109458,2509,train,ucenje,Negative,M_Negative,Negative,Negative,dva_kodera_i_uskladjenje
train-0217,"Nije dobro jer mi želimo biti nekakva ravnopravna članica EU, štoviše ako slušamo neke najave najistaknutijih političara mi ćemo čak biti uzor u tim europskim državama a dopuštamo dakle da se državu pljačka.",HR,train_file,217,64689,742,train,ucenje,Negative,Negative,Negative,Negative,dva_kodera_i_uskladjenje
train-0223,Potpuno je netočno da ministar Vukelić nije bio upoznat sa štetnim djelovanjem uprave protiv koje sada Državno odvjetništvo pokreće istragu i traži pritvor.,HR,train_file,223,84743,2315,train,provjera,Negative,Negative,Negative,Negative,dva_kodera_i_uskladjenje
train-0224,Da li smo možda neki od nas mi sudjelovali u tome pa nas je strah da ne bi bili razotkriveni.,HR,train_file,224,60008,1771,train,ucenje,Negative,Negative,Negative,Negative,dva_kodera_i_uskladjenje
train-0225,"One su potvrđene, nego je samo bilo pitanje o namjeri je li dotična novinarka imala namjeru oklevetati tužitelja u tom slučaju sam bio ja.",HR,train_file,225,30764,1567,train,ucenje,M_Negative,M_Negative,M_Negative,Negative,dva_kodera_i_uskladjenje
train-0226,"To što IDS neće podržati Vladu HDZ-a to ne znači da IDS, da ja kao čovjek ne bih volio da ta Vlada uspije da realizira sva svoja obečanja.",HR,train_file,226,303,1346,train,ucenje,M_Negative,M_Positive,M_Positive,Positive,dva_kodera_i_uskladjenje
train-0227,"Koliko god mi ponavljali u dijelu ne samo javnosti nego politike ovdje u Hrvatskoj se neće prepoznati ono što je činjenica, a to je da izbjeglice nisu migranti.",HR,train_file,227,181496,1534,train,ucenje,Negative,N_Neutral,Negative,Negative,dva_kodera_i_uskladjenje
train-0228,"Pula nam je najranjivija u Hrvatskoj, ništa bolje ne stoji ni Poreč ni Umag odnosno Rovinj, a nije ni čudo.",HR,train_file,228,96533,1945,train,provjera,Negative,Negative,Negative,Negative,dva_kodera_i_uskladjenje
train-0231,Mislim da je to najveći problem s kojim se trebala pozabaviti ova Vlada i mi svi zajedno.,HR,train_file,231,85276,2041,train,ucenje,Negative,Negative,Negative,Negative,dva_kodera_i_uskladjenje
train-0232,Ne samo da Rumunjska je ukinula drugi stup jer je on štetan i nepotreban.,HR,train_file,232,100205,783,train,provjera,Negative,Negative,Negative,Negative,dva_kodera_i_uskladjenje
train-0233,"Dakle, nitko razuman ne želi suprotno lokalne administracije tko god bio lokalno na vlasti i lokalne sredine činiti nekakav projekt.",HR,train_file,233,32930,546,train,ucenje,Negative,Negative,Negative,Negative,dva_kodera_i_uskladjenje
train-0235,"Na kraju smatramo da će se ovom reformom potaknuti jači investicijski ciklus, zapošljavanje i povećati dohodak građana ali isto tako i zadržati proračun stabilnim te imamo pozitivan stav prema predloženim promjenama.",HR,train_file,235,4985,685,train,ucenje,Positive,Positive,Positive,Positive,dva_kodera_i_uskladjenje
train-0238,"Mislim da je ta kritika izuzetno oštra i moj je osobni dojam da je izrečena kritika samo radi određene kritike, da bi se moglo kritizirati prijedlog zakona koji je u biti racionalan.",HR,train_file,238,39439,548,train,ucenje,Negative,Negative,Negative,Negative,dva_kodera_i_uskladjenje
train-0241,"Ali vi i dalje odgađate primjenu Ovršnoga zakona, odgađate, zašto?",HR,train_file,241,110578,2215,train,ucenje,Negative,Negative,Negative,Negative,dva_kodera_i_uskladjenje
train-0242,Ja vam mogu reći dakle da zemlje koje nama mogu biti u mnogočemu uzor su također ovaj naš institucionalni okvir ocijenili kao odličan primjer za bavljenje iseljeništvom svojih zemalja.,HR,train_file,242,96879,1349,train,ucenje,Positive,Positive,Positive,Positive,dva_kodera_i_uskladjenje
train-0244,Oni kojima su prozori okrenuti prema Remetincu mogu se dobiti i jeftinije od 1500 eura po kvadratnom metru.,HR,train_file,244,69934,1982,train,provjera,P_Neutral,P_Neutral,P_Neutral,Neutral,dva_kodera_i_uskladjenje
train-0245,To što tek sada raspravljamo o izvješću od 11. rujna krivnja je Sabora a ne Vlade.,HR,train_file,245,108741,2159,train,ucenje,Negative,Negative,Negative,Negative,dva_kodera_i_uskladjenje
train-0246,Izravno podupiru interoperabilnost i kompatibilnost naših Oružanih snaga s oružanim snagama država članica NATO-a i Europske unije.,HR,train_file,246,59465,338,train,provjera,P_Neutral,Positive,Positive,Positive,dva_kodera_i_uskladjenje
train-0247,"Ponavljam ovdje, uzrok odlaska mladih ljudi, liječnika, kolegica Strenja je Linić liječnica, liječnika, svi koji odlaze, isključivo odlaze zbog načina ponašanja župana i upravljanja u Splitsko-dalmatinskoj županiji.",HR,train_file,247,156014,821,train,provjera,Negative,Negative,Negative,Negative,dva_kodera_i_uskladjenje
train-0250,"A činjenice primjerice za 1998. godinu kažu: prometne ozljede ubile su oko 1,2 milijuna osoba.",HR,train_file,250,64477,2000,train,provjera,Negative,N_Neutral,Negative,Negative,dva_kodera_i_uskladjenje
train-0253,Nema logike da su kazne u Hrvatskoj veće nego u Njemačkoj.,HR,train_file,253,10070,2441,train,ucenje,Negative,Negative,Negative,Negative,dva_kodera_i_uskladjenje
train-0254,Nije ideja ovoga rješenja da nema suradnje i zajedničkog rada ministarstva i grada na tom pitanju.,HR,train_file,254,49205,563,train,provjera,M_Positive,N_Neutral,M_Positive,Positive,dva_kodera_i_uskladjenje
train-0257,Zato je zbog toga važno da se svaka kuna zna točno kome ide i zašto se daje.,HR,train_file,257,71994,1963,train,provjera,P_Neutral,P_Neutral,P_Neutral,Neutral,dva_kodera_i_uskladjenje
train-0258,To nije provođeno ovaj put na lokalnim izborima i smatramo da to ne može biti razina samo uputa Državnog izbornog povjerenstva nego da to moraju biti zakonska rješenja koja jamče tajnost glasovanja.,HR,train_file,258,42843,2505,train,ucenje,M_Negative,M_Negative,M_Negative,Negative,dva_kodera_i_uskladjenje
train-0260,Nakon višegodišnjeg pada obrambenog proračuna uspjeli smo zaustaviti trend njegovog smanjenja koji je usporavao dinamiku razvoja obrambenih sposobnosti i potkopavao kvalitetu ispunjavanja međunarodnih obaveza.,HR,train_file,260,81980,762,train,ucenje,M_Negative,M_Negative,M_Negative,Negative,dva_kodera_i_uskladjenje
train-0263,"Ne, prvo i osnovno branitelji nisu teret i nikad neće biti teret nijedne države.",HR,train_file,263,74555,501,train,provjera,Positive,M_Positive,M_Positive,Positive,dva_kodera_i_uskladjenje
train-0265,"Znači, nestalo u tome kraju di ih se trebalo gajiti, znači to je i tamo prema paškom dijelu janjetinu oni su satrali i sad na sudu.",HR,train_file,265,203206,120,train,provjera,Negative,Negative,Negative,Negative,dva_kodera_i_uskladjenje
train-0266,"Ali nije problem one hrpetine mesa koje dobivamo iz ratnih rezerva, ne znam odakle iz cijele Europe i koje konzumiramo na neprimjeren način.",HR,train_file,266,77080,2050,train,ucenje,Negative,Negative,Negative,Negative,dva_kodera_i_uskladjenje
train-0267,Mislim da to niti je opravdano niti je korektno prema tim ljudima.,HR,train_file,267,52252,466,train,ucenje,Negative,Negative,Negative,Negative,dva_kodera_i_uskladjenje
train-0268,"Inače, izvješće pohvaljujem gospodine ravnatelju, ono je izvrsno i mi ćemo ga podržati.",HR,train_file,268,104963,1921,train,ucenje,Positive,Positive,Positive,Positive,dva_kodera_i_uskladjenje
train-0270,"Mi mislimo da ćemo se nekome svidjeti, ne, napad na bilo kojeg političara napad je na sve nas.",HR,train_file,270,3794,669,train,ucenje,Negative,Negative,Negative,Negative,dva_kodera_i_uskladjenje
train-0272,"Stoga je, pazite na sam zahtjev struke bitno je odgovoriti na tu diferenciju između lakih i teških droga.",HR,train_file,272,44266,2285,train,provjera,P_Neutral,N_Neutral,P_Neutral,Neutral,dva_kodera_i_uskladjenje
train-0273,Zakona o kaznenom postupku koja se odnosi na početak kaznenog postupka za sva kaznena djela time da je jasno definirano da se početak kaznenog postupka vezuje uz potvrđivanje optužnice ili druge radnje suda.,HR,train_file,273,33770,2374,train,ucenje,N_Neutral,N_Neutral,N_Neutral,Neutral,dva_kodera_i_uskladjenje
train-0274,"Ona se mora spomenuti ovdje, a na Vladi RH koja je predložila taj zakon da iznađe model kako to riješiti.",HR,train_file,274,4632,1401,train,ucenje,P_Neutral,N_Neutral,N_Neutral,Neutral,dva_kodera_i_uskladjenje
train-0275,"Mislim da zbog principa podjele vlasti ili jačanje parlamentarne demokracije, i na kraju krajeva, jačanje pozicije zakonodavne vlasti se osobito u kontroli kao pitanje treba zaustaviti.",HR,train_file,275,20093,2486,train,ucenje,M_Negative,M_Positive,M_Negative,Negative,dva_kodera_i_uskladjenje
train-0276,"Jednostavno je bilo ono tisuću cvjetova neka cvate na HRT-u, a nije bilo tako.",HR,train_file,276,65516,1869,train,ucenje,Negative,Negative,Negative,Negative,dva_kodera_i_uskladjenje
train-0277,"Pa tako što će se olakšati njihovo poslovanje i povećati dobit kroz uklanjanje prepreka trgovini te poticanje ulaganja u sigurnijem, jasnijem i modernijem pravnom okviru.",HR,train_file,277,42452,2349,train,ucenje,Positive,Positive,Positive,Positive,dva_kodera_i_uskladjenje
train-0279,"Most nezavisnih lista podupire izvješće povjerenice, kao i preporuke, koje povjerenica za informiranje dala u svom izvješću i poziva vladu da učini znatno veće napore, kako bi se realizirale ove preporuke.",HR,train_file,279,86206,1955,train,provjera,Positive,Positive,Positive,Positive,dva_kodera_i_uskladjenje
train-0282,"Vi ste postali teret ovoj Vladi, postali ste teret državi, postali ste teret koalicijskih partnera i nemojte gajiti iluzije da će i Vlada i koalicijski partneri dugo taj teret nositi.",HR,train_file,282,45465,452,train,provjera,Negative,Negative,Negative,Negative,dva_kodera_i_uskladjenje
train-0283,Prema tome ovdje upozoravam da bi se trebali svi zabrinuti i osuditi taj nehigijenski sadržaj.,HR,train_file,283,50501,1370,train,ucenje,Negative,Negative,Negative,Negative,dva_kodera_i_uskladjenje
train-0285,"Pa evo gospodin Mimica je rekao da je vladajući HDZ krenuo putem koji ne vodi nikud, vratite se razumu.",HR,train_file,285,52260,1415,train,ucenje,Negative,M_Negative,Negative,Negative,dva_kodera_i_uskladjenje
train-0286,"Oporbeni je PDP također isti taj biskup nikad nije osudio zločine koje je ustaška vojska predvođena slušajte ovo katoličkim svećenicima počinila u banjalučkim selima Drakulić, Motike, Donjoj Gradini itd.",HR,train_file,286,7193,82,train,ucenje,Negative,Negative,Negative,Negative,dva_kodera_i_uskladjenje
train-0287,"I ponavljam još jedanput, bude li se to nastavilo duže vrijeme tu nam izlaza neće biti baš sjajnoga.",HR,train_file,287,112949,2278,train,ucenje,Negative,Negative,Negative,Negative,dva_kodera_i_uskladjenje
train-0288,Kao ne znam u pravosuđu da nemate odgovor koliko godina zatvora ima ili treba dobiti da to zakonodavac nije rekao nakon ne znam nekakvog ubojstva.,HR,train_file,288,13090,529,train,ucenje,Negative,Negative,Negative,Negative,dva_kodera_i_uskladjenje
train-0289,Mi cijeli ovaj postupak i cijeli ovaj posao koji je istražno povjerenstvo radilo trebamo shvatiti po meni na način da li nam je nešto moralno i društveno prihvatljivo.,HR,train_file,289,55422,2291,train,ucenje,P_Neutral,M_Positive,M_Positive,Positive,dva_kodera_i_uskladjenje
train-0291,"Dakle, onaj tamo gdje nedostaje infrastrukturalna ili opreme ili čak i kadrovi ili znanje po pitanju funkcioniranja dnevnih bolnica i dnevne kirurgije odmah već u proljeće 2015. godine ulazi u operativu.",HR,train_file,291,99194,1500,train,provjera,Negative,M_Positive,Negative,Negative,dva_kodera_i_uskladjenje
train-0294,"Pa evo ja bih samo kratko a propos kritičnosti, samokritičnosti, konstruktivne kritike, ovakve, onakve kritike.",HR,train_file,294,69463,750,train,ucenje,Negative,N_Neutral,N_Neutral,Neutral,dva_kodera_i_uskladjenje
train-0297,Očito da postoji problem u Vladi o donošenju odluke o prodaji putem javnog nadmetanja.,HR,train_file,297,106023,1790,train,ucenje,Negative,Negative,Negative,Negative,dva_kodera_i_uskladjenje
train-0300,"Dakle, u dijelu obrazovanja piše da će Vlada provesti reformu obrazovanja u skladu s najboljom europskom praksom.",HR,train_file,300,1405,2392,train,ucenje,P_Neutral,P_Neutral,P_Neutral,Neutral,dva_kodera_i_uskladjenje
train-0301,"Posebno se obraćamo sredstvima javnog informiranja i molimo ih da prenose informacije o šećernoj bolesti i kroničnim nezaraznim bolestima, posebice medijima koji su javni i koji bi trebali tu ulogu preuzeti potpuno besplatno.",HR,train_file,301,75015,503,train,ucenje,P_Neutral,P_Neutral,P_Neutral,Neutral,dva_kodera_i_uskladjenje
train-0302,"Predlagatelj zakona je Klub zastupnika HNS-a, PGS-a i LIBRE.",HR,train_file,302,8909,275,train,ucenje,P_Neutral,P_Neutral,P_Neutral,Neutral,dva_kodera_i_uskladjenje
train-0305,"Naime, nakon stjecanja diplome i nemogućnosti zapošljavanja oni nastavljaju školovanje.",HR,train_file,305,73261,598,train,ucenje,N_Neutral,N_Neutral,N_Neutral,Neutral,dva_kodera_i_uskladjenje
train-0306,"Dakle, ja odavde, dakle podržavam ovu inicijativu koju je kolega Lesar pokrenuo.",HR,train_file,306,70708,491,train,provjera,Positive,Positive,Positive,Positive,dva_kodera_i_uskladjenje
train-0308,"Jedan dio je već u tijeku a to je poduzimanje mjera, rušenja onoga što je bespravno izgrađeno.",HR,train_file,308,16450,1747,train,ucenje,P_Neutral,M_Positive,M_Positive,Positive,dva_kodera_i_uskladjenje
train-0309,"Nadležnosti i način rada Uprave za zatvorski sustav kao i prava zatvorenika propisana su Zakonom o izvršenju kazne zatvora, Ustavom RH, nacionalnim zakonima i međunarodnim ugovorima.",HR,train_file,309,75486,754,train,ucenje,P_Neutral,N_Neutral,N_Neutral,Neutral,dva_kodera_i_uskladjenje
train-0311,Osiguravanje dosljedne i visoke razine zaštite osobnih podataka pojedinaca te olakšavanje razmjene osobnih podataka među nadležnim tijelima država članica ključno je kako bi se osigurala učinkovita policijska i pravosudna suradnja u kaznenim stvarima.,HR,train_file,311,91672,770,train,provjera,Positive,P_Neutral,Positive,Positive,dva_kodera_i_uskladjenje
train-0313,"Predsjednik udruge pacijenata s tog područja predočio je novinarima odgovor ministar zdravstva Nevena Ljubičića o slučaju djevojčice koji je sinoć dostavljen i udruzi pacijenata, a ta vijest od još 7.12.2005. godine.",HR,train_file,313,62041,341,train,ucenje,N_Neutral,N_Neutral,N_Neutral,Neutral,dva_kodera_i_uskladjenje
train-0314,"Zakona o hrvatskom državljanstvu koji propisuje stjecanje hrvatskog državljanstva, iseljenika i njihovih potomaka.",HR,train_file,314,40775,716,train,ucenje,P_Neutral,P_Neutral,P_Neutral,Neutral,dva_kodera_i_uskladjenje
train-0317,Predlagatelj je po svim točkama dnevnog reda Vlada RH temeljem Članka 85.,HR,train_file,317,159865,825,train,provjera,P_Neutral,P_Neutral,P_Neutral,Neutral,dva_kodera_i_uskladjenje
train-0318,"Ne provođenje stvarnih gospodarskih reformi, inzistiranje na starom i dokazano pogrešnom modelu rasta će dovesti do daljnjeg pada hrvatskog gospodarstva i nastavka iseljavanja hrvatskih obitelji.",HR,train_file,318,103331,787,train,ucenje,Negative,Negative,Negative,Negative,dva_kodera_i_uskladjenje
train-0322,"Nažalost ova Vlada nema neke razvojne projekte ili fondove, gdje bi se moglo javiti, da se napravi škola.",HR,train_file,322,60600,1719,train,ucenje,Negative,Negative,Negative,Negative,dva_kodera_i_uskladjenje
train-0324,"Nekakav aditiv koji nije štetan, ali je eto zabranjen.",HR,train_file,324,22580,538,train,ucenje,Negative,Negative,Negative,Negative,dva_kodera_i_uskladjenje
train-0327,Sigurno to nisu teža kaznena djela da bi on … mogli doći u taj sustav.,HR,train_file,327,76322,605,train,provjera,P_Neutral,N_Neutral,N_Neutral,Neutral,dva_kodera_i_uskladjenje
train-0328,"I kažu gledajte vi te ljude kako da to kažem na način koji nije vulgaran, imaju dvoboj sa tuđim mačevima da tako kažemo.",HR,train_file,328,109458,1779,train,ucenje,Negative,M_Negative,Negative,Negative,dva_kodera_i_uskladjenje
train-0330,"Dakle, te tragične iznimke vi primjenom ovoga Zakona zapravo želite pretvoriti u tragična pravila gdje ćete povećati sasvim sigurno broj upravo samohranih majki.",HR,train_file,330,7704,519,train,ucenje,Negative,Negative,Negative,Negative,dva_kodera_i_uskladjenje
train-0331,"Od onih koji se danas protive ovom prijedlogu, a protive se i našem članstvu u NATO-u, čuli smo jednu fantastičnu ali ujedno i strašnu inverziju teza.",HR,train_file,331,100585,1979,train,provjera,Negative,Negative,Negative,Negative,dva_kodera_i_uskladjenje
train-0333,Također je ova izmjena zakona važna i bitna u dijelu u kojemu se sada ukida Agencija za zaštitu okoliša.,HR,train_file,333,98022,778,train,ucenje,M_Positive,N_Neutral,N_Neutral,Neutral,dva_kodera_i_uskladjenje
train-0337,A mi nemamo naroda u Bosanskoj Posavini 220 tisuća istjerano i nitko ih ne optužuje i nitko o tome ne govori.,HR,train_file,337,42007,1855,train,ucenje,Negative,Negative,Negative,Negative,dva_kodera_i_uskladjenje
train-0338,Taj zakon je na žalost i to uznemiravanje branitelja dovelo i do određenog broja suicida naših invalida koji su bili nezadovoljni stalnim pozivanjem na pojedine komisije i na dokazivanje svog statusa i okolnostima ranjavanja.,HR,train_file,338,7584,272,train,ucenje,Negative,Negative,Negative,Negative,dva_kodera_i_uskladjenje
train-0340,Ono na čemu još inzistiramo je smanjenje stope PDV-a u turizmu i u ugostiteljstvu s 13 na 10% kako bi u srednjem roku omogućili turističkom sektoru lakši i brži oporavak od posljedica krize.,HR,train_file,340,193690,851,train,ucenje,Positive,P_Neutral,Positive,Positive,dva_kodera_i_uskladjenje
train-0342,Kad ste svladali taj žargon otkrili ste da tamo nema velike pameti i tako ste se riješili velike samosvijesti.,HR,train_file,342,53868,2202,train,ucenje,Negative,Negative,Negative,Negative,dva_kodera_i_uskladjenje
train-0343,"Naime, svi dakle i u ovome Domu smo nekako posvećeni sustavu decentralizacije, ali pitanje je, dakle, tko je to izravno pokazao.",HR,train_file,343,70570,35,train,ucenje,M_Negative,M_Negative,M_Negative,Negative,dva_kodera_i_uskladjenje
train-0345,Ispravljam netočni navod da je uzrok otvaranja stečaja možda bilo nepostojanje ovog instrumenta iz jednostavnog razloga što uzroci mnogih stečaja su bile petogodišnje nenaplaćene potraživanja po osnovu poreza i doprinosa.,HR,train_file,345,6037,270,train,ucenje,Negative,Negative,Negative,Negative,dva_kodera_i_uskladjenje
train-0348,"Gube oni ljudi koji su ostali bez te nekretnine, ostali su na ulici, a zapravo nisu opet namirili svoj dug, gube i vjerovnici, dobivaju spekulanti.",HR,train_file,348,67506,591,train,ucenje,Negative,Negative,Negative,Negative,dva_kodera_i_uskladjenje
train-0350,"To je kolega zastpunik Tomljanović pa kolegica Fuček, izvolite.",HR,train_file,350,16987,1909,train,ucenje,P_Neutral,P_Neutral,P_Neutral,Neutral,dva_kodera_i_uskladjenje
train-0353,A sve to trebalo bi dovesti do veće transparentnosti lokalne samouprave i stvorilo bi se učinkovitije upravljanje uslugama lokalne samouprave za odgovarajuće potrebe građana.,HR,train_file,353,65505,353,train,ucenje,Positive,Positive,Positive,Positive,dva_kodera_i_uskladjenje
train-0354,"Bilo je ljudi koji su bili jako bogati, jako uspješni, jako slavni, pa danas kopaju po smeću, pa danas imaju mirovine nedovoljne za život.",HR,train_file,354,59841,737,train,ucenje,Negative,Negative,Negative,Negative,dva_kodera_i_uskladjenje
train-0356,"Da li ćemo postići smanjenje fragmentiranosti javne uprave, to je ono što svi želimo, to je ono što nas Europska komisija u svakom izvještaju kritizira da nam je javna uprava fragmentirana.",HR,train_file,356,118668,2408,train,ucenje,M_Negative,M_Negative,M_Negative,Negative,dva_kodera_i_uskladjenje
train-0357,"Ni jedna droga ne dolazi sa istoka, nego sve droge uglavnom, pa i švercerski putovi dolaze sa zapada.",HR,train_file,357,19232,689,train,ucenje,Negative,Negative,Negative,Negative,dva_kodera_i_uskladjenje
train-0359,"Morat će plaćati porez na tvrtku, članarinu Hrvatskoj obrtničkoj komori, Hrvatskoj gospodarskoj komori.",HR,train_file,359,101715,633,train,provjera,N_Neutral,Negative,Negative,Negative,dva_kodera_i_uskladjenje
train-0362,Još jednom želim naglasiti pozdraviti afganistanski narod i njihova nastojanja da imaju svoju slobodu i nadam se da će vrlo brzo doći dan kada će se sve okupacijske snage povući iz te ponosne zemlje.,HR,train_file,362,67696,746,train,ucenje,Positive,M_Positive,Positive,Positive,dva_kodera_i_uskladjenje
train-0363,Čini mi se da ovim zakonom napad na te birokratske prepreke je zapravo napad pračkom na slona.,HR,train_file,363,34369,1811,train,ucenje,Negative,Negative,Negative,Negative,dva_kodera_i_uskladjenje
train-0365,"I stoga je danas i bitno manja gužva na registrima trgovačkih sudova, bitno manja gužva.",HR,train_file,365,78629,2472,train,provjera,P_Neutral,Positive,Positive,Positive,dva_kodera_i_uskladjenje
train-0367,"Najveći broj aktivnosti informiranja stanovništva HCR je ostvario u suradnji sa MUP-om, Hrvatskim crvenim križem i Udrugom Hrvatska pomaže.",HR,train_file,367,83770,1469,train,ucenje,P_Neutral,P_Neutral,P_Neutral,Neutral,dva_kodera_i_uskladjenje
train-0368,"I ono što nas posebno zabrinjava, obzirom da uz ta energetska pića nerijetko ide i alkohol 47,5% učenika u posljednjih 12 mjeseci je kombiniralo energetska pića i alkohol.",HR,train_file,368,77088,756,train,provjera,Negative,Negative,Negative,Negative,dva_kodera_i_uskladjenje
train-0370,Desetak dana prije svoje smrti odnosno ubojstva poslao je pismu u kojem je upozorio da se sprema njegova likvidacija.,HR,train_file,370,64641,351,train,ucenje,Negative,Negative,Negative,Negative,dva_kodera_i_uskladjenje
train-0372,U Europi 13 zemalja a 4 prelaze na taj sustav.,HR,train_file,372,86689,1773,train,provjera,P_Neutral,M_Negative,N_Neutral,Neutral,dva_kodera_i_uskladjenje
train-0373,"To znači puno i za tog pacijenta ili pacijenticu, isto tako puno znači i za obitelji, tako da se zna da se ta opaka bolest odmah adresira i odmah dolazi do realizacije.",HR,train_file,373,106843,639,train,ucenje,Positive,Positive,Positive,Positive,dva_kodera_i_uskladjenje
train-0375,Protiv rješenja Visokog upravnog suda ne postoji nikakav pravni lijek i to vam je rješenje i konačno i pravomoćno i gubite mogućnost Ustavom zagarantiranog prava na žalbu na rješenja te institucije.,HR,train_file,375,94476,626,train,ucenje,Negative,N_Neutral,Negative,Negative,dva_kodera_i_uskladjenje
train-0378,"I još nešto, zaista je upitno da li je moguće na ovakav način ograničiti vlasništvo, a još obvezati vlasnika da je odgovoran za to.",HR,train_file,378,47369,1340,train,ucenje,Negative,M_Negative,M_Negative,Negative,dva_kodera_i_uskladjenje
train-0380,Naravno da nema kvalitetnog razvoja turizma bez kvalitetnog sadržaja i apsolutno trebamo se zapitati zašto u jednoj Irskoj ima 365 golf igrališta.,HR,train_file,380,22749,47,train,ucenje,Negative,M_Negative,M_Negative,Negative,dva_kodera_i_uskladjenje
train-0382,Uvode se nove ovlasti agencije za provođenje pokajničkih programa za poduzetnike koji surađuju sa agencijom u otkrivanju kartela.,HR,train_file,382,62561,53,train,provjera,P_Neutral,P_Neutral,P_Neutral,Neutral,dva_kodera_i_uskladjenje
train-0383,Svi oni imaju regulativu i mogućnost nadzora pa ako je tome tako napravimo i ovaj iskorak u radnom zakonodavstvo i pomognimo i onim djelatnostima koje se još uvijek sama nije snašla.,HR,train_file,383,70289,34,train,ucenje,Positive,Positive,Positive,Positive,dva_kodera_i_uskladjenje
train-0385,Pa molio bih vaš odgovor na koji način vi promišljate s obzirom da sam slušao da se tu može naći rješenje.,HR,train_file,385,19719,2181,train,ucenje,M_Negative,M_Negative,M_Negative,Negative,dva_kodera_i_uskladjenje
train-0387,Dakle uloga i značaj inspektora je izuzetno bitna i važna.,HR,train_file,387,113723,792,train,ucenje,Positive,Positive,Positive,Positive,dva_kodera_i_uskladjenje
train-0388,"To ovisi samo o nama, ovisi o ovom sazivu Sabora i zbog toga će se ova sjednica citirati u budućnosti.",HR,train_file,388,52189,465,train,provjera,P_Neutral,Positive,M_Positive,Positive,dva_kodera_i_uskladjenje
train-0389,Poštovani gospodine potpredsjedniče … /Upadica se ne razumije./…,HR,train_file,389,74286,600,train,ucenje,Positive,P_Neutral,P_Neutral,Neutral,dva_kodera_i_uskladjenje
train-0391,"Pozdravljena je i politika prema kojoj će sve institucije Republike Hrvatske u svoje programe socijalne i gospodarske politike ugraditi pitanje Hrvata izvan Hrvatske uključujući planiranje, provedbu te evaluaciju potrebnih projekata.",HR,train_file,391,77682,1880,train,ucenje,Positive,Positive,Positive,Positive,dva_kodera_i_uskladjenje
train-0392,"Odgoda, bez istovremene odgode plaćanja kamata odnosno oslobađanja plaćanja kamata nije svrhovita.",HR,train_file,392,197954,855,train,ucenje,Negative,Negative,Negative,Negative,dva_kodera_i_uskladjenje
train-0394,"Što sa stečajevima, što sa fina-om odnosno cjelokupnim ovim sustavom kada nema određenih plaćanja, fina također, mora zaustaviti proces otvaranja stečajeva na nekakvim trgovačkim poduzećima za cjelokupni taj period.",HR,train_file,394,199936,857,train,ucenje,Negative,M_Negative,M_Negative,Negative,dva_kodera_i_uskladjenje
train-0395,Kenija je naime otkazala procesuiranje uhićenih pirata pa su članice Europske unije u pronalaženju novih država koje bi prihvatile i procesuirale pirate.,HR,train_file,395,64955,2288,train,ucenje,N_Neutral,M_Negative,N_Neutral,Neutral,dva_kodera_i_uskladjenje
train-0397,Zamislite da se dogodi nekakva nesreća koju smo mi opet imali zapravo propust u zakonu.,HR,train_file,397,108187,2001,train,ucenje,Negative,Negative,Negative,Negative,dva_kodera_i_uskladjenje
train-0398,Najslobodniji pojedinci odnosno pojedinke su oni koji u potpunosti sami odlučuju o svojim ambicijama i realiziraju ih u skladu sa svojim talentima i željama.,HR,train_file,398,49312,564,train,provjera,P_Neutral,Positive,Positive,Positive,dva_kodera_i_uskladjenje
train-0400,Nažalost na kraju smo došli i do te situacije da je ta građevinska dozvola istekla i da vi zapravo više tu ne možete ništa raditi.,HR,train_file,400,7473,2249,train,provjera,Negative,Negative,Negative,Negative,dva_kodera_i_uskladjenje
train-0402,"Kolega Bačiću, vi i ja znamo da je tema Pelješkog mosta vrlo često služila za politiziranje u Dubrovačko-neretvanskoj županiji, pa i šire.",HR,train_file,402,114905,651,train,ucenje,Negative,Negative,Negative,Negative,dva_kodera_i_uskladjenje
train-0403,"Zbog svega navedenog, Klub zastupnika Hrvatske narodne stranke i Primorskog goranskog saveza podržati će prijedloge izmjene zakona koje je predložio Klub zastupnika LIBRE.",HR,train_file,403,20229,288,train,provjera,Positive,Positive,Positive,Positive,dva_kodera_i_uskladjenje
train-0406,"Turizam podsjećam da čini preko 20% našeg BDP-a, kada su turizam i ugostiteljstvo u pitanju Vlada u ovom segmentu nije napravila apsolutno ništa, praktični ništa osim sitnih kozmetičkih i tehničkih izmjena.",HR,train_file,406,197845,854,train,provjera,Negative,Negative,Negative,Negative,dva_kodera_i_uskladjenje
train-0408,Međutim ako netko počini prometni prekršaj ne samo nesreću o čemu je govorio gospodin šprem.,HR,train_file,408,6671,400,train,ucenje,N_Neutral,Negative,N_Neutral,Neutral,dva_kodera_i_uskladjenje
train-0410,"Dakle, 30 milijuna eura, a samo je ugovoreno 30 milijuna kuna za usavršavanje liječnika obiteljske medicine i to sa više od 2 godine kašnjenja.",HR,train_file,410,53104,94,train,ucenje,Negative,Negative,Negative,Negative,dva_kodera_i_uskladjenje
train-0411,"Stoga pomažemo poboljšanjem materijalnih uvjeta umirovljenika, obitelji i mladih kao i većim davanjima za zdravstvo i za obrazovanje.",HR,train_file,411,106270,1925,train,ucenje,Positive,Positive,Positive,Positive,dva_kodera_i_uskladjenje
train-0412,"Ali naravno kada nakon što se donese jedan zakon za agrokor u rh, nazove gospodin ivica todorić, ministar trči.",HR,train_file,412,96502,100,train,ucenje,Negative,Negative,Negative,Negative,dva_kodera_i_uskladjenje
train-0413,Pa definitivno dolazi vrijeme da se svi popisi pročiste od onih braniteljskih do onih koji su optuženi za ratne zločine i da se procesuiraju.,HR,train_file,413,95466,391,train,ucenje,Negative,M_Positive,M_Negative,Negative,dva_kodera_i_uskladjenje
train-0414,"A najčešće djeca invalidi sa cerebralnom paralizom su vrlo često i socijalno ugroženih obitelji, da ne govorim o invalidima iznad 18 godina o kojima više nitko ne skrbi.",HR,train_file,414,70845,1708,train,ucenje,Negative,Negative,Negative,Negative,dva_kodera_i_uskladjenje
train-0416,I ta operacija je odobrena rezolucijom Vijeća sigurnosti Ujedinjenih naroda iz 2001. godine.,HR,train_file,416,52357,467,train,provjera,P_Neutral,P_Neutral,P_Neutral,Neutral,dva_kodera_i_uskladjenje
train-0417,"Da li putem novih zaduženja se ova zemlja može izvući iz gliba to je pitanje, retoričko pitanje koje evo postavljam svima vama pa i hrvatskoj javnosti.",HR,train_file,417,88714,2398,train,ucenje,Negative,Negative,Negative,Negative,dva_kodera_i_uskladjenje
train-0419,"Vrlo važni su i kriteriji, a to je uglavnom ekološka održivost.",HR,train_file,419,68649,2481,train,ucenje,P_Neutral,P_Neutral,P_Neutral,Neutral,dva_kodera_i_uskladjenje
train-0420,"To kada se dođe u naglašenu opasnost da privatni interes i javni interes budu sučeljeni, to je onda trenutak kada bi se trebalo javiti ovo Povjerenstvo.",HR,train_file,420,73989,1940,train,ucenje,N_Neutral,M_Negative,M_Negative,Negative,dva_kodera_i_uskladjenje
train-0424,"Govorim o porezu na dobit, za razliku od drugih poreza, kao recimo porez na dodanu vrijednost koji ima sasvim obrnute karakteristike.",HR,train_file,424,26248,1934,train,ucenje,N_Neutral,P_Neutral,P_Neutral,Neutral,dva_kodera_i_uskladjenje
train-0426,"I to je normalno, da se jednoj osobi navečer koja je muška zdrava osoba fizički jaka večera daje u pola 6, namaz, kruh i s namazom.",HR,train_file,426,82198,764,train,ucenje,Negative,M_Negative,Negative,Negative,dva_kodera_i_uskladjenje
train-0431,Također nedostaje omjer zaposlenih i vanjskih suradnika u samom izvješću.,HR,train_file,431,27322,1518,train,provjera,N_Neutral,Negative,N_Neutral,Neutral,dva_kodera_i_uskladjenje
train-0432,"I jedan podatak koji kaže da prevalencija benignih oboljenja oblika plućne azbestoze ovisi o izloženosti radnika, o intenzitetu trajanja izloženosti te latentnom razdoblju bolesti.",HR,train_file,432,63601,2337,train,provjera,N_Neutral,N_Neutral,N_Neutral,Neutral,dva_kodera_i_uskladjenje
train-0439,"Zamjenik ministra kaže vama je jako dobro, samo to još niste skužili, a skužit ćete s vremenom, tko preživi.",HR,train_file,439,38074,2590,train,provjera,Negative,Negative,Negative,Negative,dva_kodera_i_uskladjenje
train-0440,"Međutim, ako stvar ogolimo za nas je uvijek prioritet priključenje da kažem toj srednjoj pa onda dalje sjevernoj europi.",HR,train_file,440,68416,55,train,ucenje,Positive,Positive,Positive,Positive,dva_kodera_i_uskladjenje
train-0441,"Horizontalne potpore, odnosno potpore horizontalnim ciljevima manje narušavaju tržišno natjecanje od sektorskih potpora budući da se usmjeravaju u one ciljeve u kojima tržište ne može dati odgovarajuće rezultate.",HR,train_file,441,5460,517,train,ucenje,P_Neutral,P_Neutral,P_Neutral,Neutral,dva_kodera_i_uskladjenje
train-0442,"Dakle, smatram da zaista trebamo biti društveno odgovorni i takvim braniteljima osigurati ono što su zaista zaslužili, a to je minimum pravednog života u hrvatskoj.",HR,train_file,442,62362,739,train,ucenje,Positive,Positive,Positive,Positive,dva_kodera_i_uskladjenje
train-0443,Poštovani kolega drago mi je da se slažemo u činjenici da je nedostatak financijskih sredstava jedan od temeljnih problema zatvorskog sustava.,HR,train_file,443,56314,2108,train,ucenje,M_Negative,M_Positive,M_Negative,Negative,dva_kodera_i_uskladjenje
train-0444,"U raspravi su članovi odbora podržali donošenje ovog zakona pri čemu su iznijeta sljedeća mišljenja, primjedbe i prijedlozi.",HR,train_file,444,50932,461,train,ucenje,Positive,P_Neutral,P_Neutral,Neutral,dva_kodera_i_uskladjenje
train-0446,"Svjesni smo da se mora napraviti nova katalogizacija obaveznika plaćanja turističke članarine, dakle isključiti od plaćanja turističke članarine one poslovne subjekte koji nemaju direktni benefit od turizma i tako ih osloboditi nepotrebnih nameta.",HR,train_file,446,23728,695,train,ucenje,P_Neutral,N_Neutral,P_Neutral,Neutral,dva_kodera_i_uskladjenje
train-0447,5 minuta u ime kluba Nezavisnih ljevičara iskoristiti će poštovani zastupnik Slavko Linić.,HR,train_file,447,118063,1985,train,ucenje,P_Neutral,P_Neutral,P_Neutral,Neutral,dva_kodera_i_uskladjenje
train-0448,Interes nekolicine nije opravdanje oduzimanja prava našoj djeci da gospodare i … …/Upadica Reiner: Hvala./… … baštine dakle prirodnu ljepotu Lijepe naše.,HR,train_file,448,38669,2468,train,ucenje,M_Negative,Negative,Negative,Negative,dva_kodera_i_uskladjenje
train-0451,"Prema tome,naša je obaveza bila da se usuglasimo i s obzirom na Ustav, ali i s obzirom na mišljenje Ustavnog suda o konkretnom zakonu.",HR,train_file,451,99788,1602,train,ucenje,P_Neutral,P_Neutral,P_Neutral,Neutral,dva_kodera_i_uskladjenje
train-0454,"Dakle, da jednog kandidata mogu smatrati svojim posebnim izborom i time ga na neki način honorirati u izborima da se i njegov status na stranačkoj listi adekvatno tome i vrednuje.",HR,train_file,454,57293,473,train,ucenje,Positive,P_Neutral,P_Neutral,Neutral,dva_kodera_i_uskladjenje
train-0457,Policijska uprava ima obvezu da tog liječnika obavijesti da li je njegov pacijent korisnik oružja.,HR,train_file,457,26370,697,train,ucenje,N_Neutral,N_Neutral,N_Neutral,Neutral,dva_kodera_i_uskladjenje
train-0464,"Agencija vodi očevidnik, redoslijeda osnova za plaćanje i operativno upravlja jedinstvenim registrom računa poslovnih subjekata.",HR,train_file,464,56160,2296,train,ucenje,P_Neutral,P_Neutral,P_Neutral,Neutral,dva_kodera_i_uskladjenje
train-0465,"I u ovom paketu zakona upravo je predlagač to uzeo u obzir i predvidio je rano otkrivanje najprije karcinoma dojke ove godine, pa karcinoma raka debelog crijeva iduće godine i drugih preventabilnih karcinoma.",HR,train_file,465,62095,1494,train,ucenje,Positive,P_Neutral,P_Neutral,Neutral,dva_kodera_i_uskladjenje
train-0466,"Moramo biti oprezni šta se tiče toga, svaka čast ja podržavam da treba stočarima zemlja, ali mora biti jaka kontrola.",HR,train_file,466,49633,93,train,ucenje,M_Negative,M_Negative,M_Negative,Negative,dva_kodera_i_uskladjenje
train-0468,Europska komisija u izvješću za Hrvatsku u 2017. ukazuje na problem segmentacije tržišta rada koja je uzrokovana velikom stopom broja ugovora o radu na određeno vrijeme.,HR,train_file,468,81119,760,train,ucenje,Negative,N_Neutral,Negative,Negative,dva_kodera_i_uskladjenje
train-0471,"Pa to ne vjerujem da je iz razloga što je 9 mjeseci vlasti Kukuriku koalicije, i novi menadžeri u tim poduzećima koji su na dužnosti 6 ili 7 mjeseci.",HR,train_file,471,15126,1762,train,ucenje,Negative,M_Negative,Negative,Negative,dva_kodera_i_uskladjenje
train-0472,"Većinom, većim dijelom i u ovim izvješćima se radi o nepravilnosti koje su nesankcionirane.",HR,train_file,472,36713,1460,train,ucenje,Negative,Negative,Negative,Negative,dva_kodera_i_uskladjenje
train-0473,"Trenutno su važeći pravilnici iz 1991. godine, dakle stari su punu 21 godinu i možemo samo nagađati koliko su primjereni i koliko osiguravaju ostvarivanje jednakih prava svih učenika u obrazovnom sustavu.",HR,train_file,473,8921,524,train,ucenje,Negative,Negative,Negative,Negative,dva_kodera_i_uskladjenje
train-0474,"Dakle, još uvijek 500 obitelji nije dobilo stanove jer eto brodarica je imala samo mogućnost od 400 stanova.",HR,train_file,474,92524,2489,train,ucenje,Negative,M_Negative,Negative,Negative,dva_kodera_i_uskladjenje
train-0475,U Ministarstvu obrane u sustavu kadrovskog savjeta ustrojen je Odbor za ravnopravnost spolova sa zadaćom ostvarivanja ravnopravnog tretmana i statusa te omogućavanja jednakog pristupa i mogućnosti pripadnicima obaju spolova.,HR,train_file,475,9395,1698,train,ucenje,P_Neutral,P_Neutral,P_Neutral,Neutral,dva_kodera_i_uskladjenje
train-0476,"Međutim nemojmo se zavaravat, jer iseljavanje i depopulacija ima duboke izvore i duboke korijene, ima duboke uzroke zbog kojih ne možemo otkloniti pribjegavajući samo provizornim rješenjima.",HR,train_file,476,53338,95,train,ucenje,Negative,Negative,Negative,Negative,dva_kodera_i_uskladjenje
train-0478,To je strana medalje jedne njemačke institucije i njihovo gledanje na stvari.,HR,train_file,478,14779,1689,train,provjera,P_Neutral,N_Neutral,P_Neutral,Neutral,dva_kodera_i_uskladjenje
train-0479,"Međutim, čudi me da ovdje niste dali ili bar ako niste se trebali verbalno izjasniti zašto niste i u mislima imali dakle, što je dovelo do ovog prijedloga Zakona.",HR,train_file,479,73941,67,train,provjera,Negative,Negative,Negative,Negative,dva_kodera_i_uskladjenje
train-0481,Zbog toga smo mi iz SDP-a predložili jedan amandman i jedan zaključak za koji se nadamo da ćete ih prihvatiti i podržati.,HR,train_file,481,190813,1817,train,ucenje,Positive,Positive,Positive,Positive,dva_kodera_i_uskladjenje
train-0484,"Prema tome, štednja koja u kratkom roku ne koristi nikome jer ne zbrinjava obitelji koje nisu stambeno nezbrinute i s druge strane ne potiče građevinski sektor na gradnju.",HR,train_file,484,56150,575,train,ucenje,Negative,Negative,Negative,Negative,dva_kodera_i_uskladjenje
train-0485,Klub zastupnika SDP-a bio je od početka principijelan kod ovog slučaja i kod glasovanja na Mandatno-imunitetnom povjerenstvu i na plenarnoj sjednici kad god je to bilo zatraženo.,HR,train_file,485,32305,437,train,ucenje,Positive,P_Neutral,Positive,Positive,dva_kodera_i_uskladjenje
train-0488,"Kolega Praniću, rekli ste prijedloge, spomenuli ste i djelatnosti i poljoprivredu kojima se može baviti i sve što je potrebno od energetike.",HR,train_file,488,122681,798,train,ucenje,P_Neutral,P_Neutral,P_Neutral,Neutral,dva_kodera_i_uskladjenje
train-0489,"Međutim, danas se kaju što su dopustili nešto takvoga jer nikad ta prava nisu vraćena jer i dan danas mogu upadati u stanove pod sumnjom da ste terorist.",HR,train_file,489,40260,549,train,provjera,Negative,Negative,Negative,Negative,dva_kodera_i_uskladjenje
train-0490,"I drugo, rekao sam da se na natječaj javila jedna sutkinja Vrhovnog suda.",HR,train_file,490,11006,1902,train,ucenje,P_Neutral,N_Neutral,P_Neutral,Neutral,dva_kodera_i_uskladjenje
train-0491,"Opet, ministar ne mora biti stručnjak za to područje, ne mora poznavati to područje.",HR,train_file,491,30441,2424,train,ucenje,N_Neutral,N_Neutral,N_Neutral,Neutral,dva_kodera_i_uskladjenje
train-0493,"Djeca i mladi imaju pravo na odmor slobodno vrijeme, igru i sudjelovanje u kulturnim i umjetničkim aktivnostima.",HR,train_file,493,74771,2054,train,ucenje,P_Neutral,Positive,P_Neutral,Neutral,dva_kodera_i_uskladjenje
train-0495,"I sada bismo trebali pristupiti glasovanju prijedlogu državnog proračuna, ali javlja se poštovani kolega bernardić, izvolite.",HR,train_file,495,107524,788,train,ucenje,P_Neutral,N_Neutral,P_Neutral,Neutral,dva_kodera_i_uskladjenje
train-0496,Klub dc-a i hsls-a se oštro protivi konceptu pasivnog sigurnosnog sustava koji služi samo otkrivanju počinitelja kaznenih djela.,HR,train_file,496,46699,324,train,ucenje,Negative,Negative,Negative,Negative,dva_kodera_i_uskladjenje
train-0500,Da isto tako kroz taj dio pokušavaju surađivati i one članice koje zapravo kandidiraju za postanak članicama NATO-a ili partnerstva za mir.,HR,train_file,500,82533,376,train,ucenje,P_Neutral,P_Neutral,P_Neutral,Neutral,dva_kodera_i_uskladjenje
train-0502,"U nekim aspektima smo bili bolji, u nekim aspektima neću reći da smo bili loši nego ću reći trebali smo biti puno bolji.",HR,train_file,502,57132,1684,train,provjera,M_Negative,M_Positive,M_Negative,Negative,dva_kodera_i_uskladjenje
train-0503,"Posve logično da nije primijetila nedostatak jer nije imala šta primijetiti, jer nedostatka nema.",HR,train_file,503,18048,411,train,ucenje,M_Positive,M_Negative,M_Positive,Positive,dva_kodera_i_uskladjenje
train-0505,"Međutim, sve ključne brojke vas demantiraju, od pada BDP-a, razine nezaposlenosti i dalje nedostatka investicija.",HR,train_file,505,82077,614,train,ucenje,Negative,Negative,Negative,Negative,dva_kodera_i_uskladjenje
train-0507,"I ovdje se vidi da je ovaj zakon isključivo u funkciji potrošnje i nabavi novaca, a novci se uvijek nabavljaju od sirotinje.",HR,train_file,507,16180,1879,train,provjera,Negative,Negative,Negative,Negative,dva_kodera_i_uskladjenje
train-0508,"Naime, govoreći o majci, dobroj majci i dobroj liječnici sigurno postoje dobri očevi koji su dobri liječnici.",HR,train_file,508,38002,1330,train,ucenje,Positive,Positive,Positive,Positive,dva_kodera_i_uskladjenje
train-0510,"Poštovani predsjedniče Hrvatskog sabora, poštovane kolegice i kolege zastupnici!",HR,train_file,510,3965,395,train,ucenje,Positive,Positive,Positive,Positive,dva_kodera_i_uskladjenje
train-0511,Jer ono naprosto nije jedini arbitar u konačnici koji treba upravo ono što sam citirao da treba postupati protiv počinitelja kaznenih djela i drugih kažnjivih djela jer naprosto ono mora djelovati u sustavu.,HR,train_file,511,51006,1405,train,provjera,N_Neutral,Negative,N_Neutral,Neutral,dva_kodera_i_uskladjenje
train-0513,"Prihvaćena je primjedba Kluba zastupnika IDS-a da Izvještaj o radu znanstvenika na znanstvenom radnom mjestu znanstvenog suradnika, višeg znanstvenog suradnika i znanstvenog savjetnika trebalo činiti povjerenstvo sastavljeno barem od 3 člana.",HR,train_file,513,45989,560,train,ucenje,Positive,P_Neutral,Positive,Positive,dva_kodera_i_uskladjenje
train-0516,Država treba sve poduzeti da je poduzetništvo najpoželjnija aktivnost u ovoj državi.,HR,train_file,516,79117,1954,train,ucenje,P_Neutral,Positive,Positive,Positive,dva_kodera_i_uskladjenje
train-0518,Zatim u SAD postoje značajne varijacije u pridržavanju standarda glede uporabe varfarina za sprečavanje celebralnog inzulta u bolesnika sa artrijalnom fibracijom.,HR,train_file,518,79657,2456,train,ucenje,N_Neutral,P_Neutral,N_Neutral,Neutral,dva_kodera_i_uskladjenje
train-0521,"Lepoglava je također poznat po nekim drugim stvarima, a da i ti ljudi koji su u zatvorima mogu preko sporta najbolje se socijalizirati i prilagoditi drugima.",HR,train_file,521,77400,1794,train,provjera,M_Negative,M_Positive,M_Positive,Positive,dva_kodera_i_uskladjenje
train-0522,"Kao prvo na području slobode kretanja roba, jer se napušta nadzor kakvoće proizvoda prije stavljanja na tržište po zahtjevu stranke.",HR,train_file,522,15876,44,train,provjera,Negative,N_Neutral,N_Neutral,Neutral,dva_kodera_i_uskladjenje
train-0527,"Omogućiti ne rezidentima poslovanje u slobodnoj zoni temeljem ugovora s koncesionarom, osigurati poticajne mjere za ulaganje koncesionara u infrastrukturu, te izgradnju, uređenje i opremanje poslovnih prostora.",HR,train_file,527,8338,83,train,ucenje,Positive,Positive,Positive,Positive,dva_kodera_i_uskladjenje
train-0531,"Poljoprivreda nam je tonula, tonula i tonula a upozoravali smo na to, održavali smo tiskovne konferencije.",HR,train_file,531,12712,2499,train,ucenje,Negative,Negative,Negative,Negative,dva_kodera_i_uskladjenje
train-0532,"Tome se niko ne raduje, ali moramo biti spremni na to da bi ljudi na neki način ta jamstva mogli ostvariti.",HR,train_file,532,203827,860,train,ucenje,M_Negative,M_Negative,M_Negative,Negative,dva_kodera_i_uskladjenje
train-0534,Danas nam je to isto oružje teret i još ćemo moramo platit njegovo uništavanje.,HR,train_file,534,9354,525,train,ucenje,Negative,Negative,Negative,Negative,dva_kodera_i_uskladjenje
train-0537,"Također pozivam hrvatsku javnost da se pobuni, da ne dozvoli da ovo prođe, da ne dozvoli da prođe ovaj skandal, da ne dozvoli da ovo postane standard ponašanja.",HR,train_file,537,77824,1323,train,ucenje,Negative,Negative,Negative,Negative,dva_kodera_i_uskladjenje
train-0539,"U tom smislu da se ojača i financijska disciplina, ali jednostavno u interesu i pravne sigurnosti i da se poštuje i načelo legaliteta.",HR,train_file,539,13872,281,train,ucenje,Positive,Positive,Positive,Positive,dva_kodera_i_uskladjenje
train-0540,"Nadalje, čak i uz taj zakon mi nećemo izdržati ako poglavito izvoznu industriju ne podupremo sa izravnim poticajima subvencijama za radno mjesto.",HR,train_file,540,30929,2381,train,ucenje,M_Negative,M_Negative,M_Negative,Negative,dva_kodera_i_uskladjenje
train-0543,Firma Plin Acro je trebala početi raditi plinovod istina prije nekoliko godina.,HR,train_file,543,76156,1850,train,ucenje,N_Neutral,Negative,N_Neutral,Neutral,dva_kodera_i_uskladjenje
train-0544,"Mogu kritički ocijeniti, a na kraju se vide i istraživanja gledanosti i jednih i drugih.",HR,train_file,544,73454,2355,train,provjera,N_Neutral,P_Neutral,N_Neutral,Neutral,dva_kodera_i_uskladjenje
train-0545,"Treba istači da je hrvatsko zakonodavstvo na ovom području već bilo usklađeno sa pravnom stečevinom EU, no tekst uredbi je bio dakle prenesen u nacionalno zakonodavstvo.",HR,train_file,545,41506,2426,train,ucenje,P_Neutral,Positive,P_Neutral,Neutral,dva_kodera_i_uskladjenje
train-0546,Kome si replicirao uopće? … /Upadica se ne razumije./…,HR,train_file,546,79407,508,train,ucenje,N_Neutral,N_Neutral,N_Neutral,Neutral,dva_kodera_i_uskladjenje
train-0547,"Jer ako nastavi ratovati po toj istoj strategiji u kojoj bitku za bitkom gubi onda će izgubit rat, a ja mislim da mi ovaj rat gubimo.",HR,train_file,547,31731,2581,train,ucenje,Negative,Negative,Negative,Negative,dva_kodera_i_uskladjenje
train-0551,"Klub HDSSB-a u potpunosti podržava konvenciju, a i sve zakone koji će dolaziti koji su u pitanju zaštiti interesa djece i posvojitelja i roditelja u RH.",HR,train_file,551,39586,2214,train,provjera,Positive,Positive,Positive,Positive,dva_kodera_i_uskladjenje
train-0552,Ovrha radi oduzimanja imovinske koristi ostvarene kaznenim djelom na prijedlog tužitelja određuje se i provodi prema posebnom zakonu ako zakonom nije drugačije propisano.,HR,train_file,552,65336,1732,train,provjera,N_Neutral,N_Neutral,N_Neutral,Neutral,dva_kodera_i_uskladjenje
train-0553,Ali ja još jedanput kažem poštovana gospodo da ova generacija hrvatskih političara koja danas obnaša najistaknutije dužnosti u zemlji nema veze sa UDBA-om.,HR,train_file,553,54416,1390,train,ucenje,P_Neutral,Positive,M_Positive,Positive,dva_kodera_i_uskladjenje
train-0554,"Ja kažem da Zadar ima nekoliko puta više od tog broja, dakle čista matematika je pogrešna, a da ne govorim ostale podatke u općenitosti koje priča u nedostatku konkretnih argumenata.",HR,train_file,554,49900,459,train,provjera,Negative,Negative,Negative,Negative,dva_kodera_i_uskladjenje
train-0558,"Ponavljam također da Hrvatska prodaje oružje Saudijskoj Arabiji glavnom američkom savezniku na Bliskom Istoku iz arapskog svijeta, a da ne zna gdje to oružje završava.",HR,train_file,558,67264,744,train,ucenje,Negative,Negative,Negative,Negative,dva_kodera_i_uskladjenje
train-0560,I Vlada je odradila jedan sjajan dribling gdje je ponovno sav teret povećanja plaća građana prebacila na jedinice lokalne samouprave.,HR,train_file,560,11183,1587,train,ucenje,Negative,Negative,Negative,Negative,dva_kodera_i_uskladjenje
train-0562,Naš doprinos povezivanju i sinergiji kroz drugačije djelovanje usmjereno razvoju i viziji ostvarenja aktivnog građanstva u modernom demokratskom i uključivom društvu predstavljan je u ovom godišnjem izvještaju.,HR,train_file,562,1477,665,train,ucenje,Positive,Positive,Positive,Positive,dva_kodera_i_uskladjenje
train-0564,Isto tako mislim da su razlozi niskih plaća ponajprije tih najnižih višestruki i iznimno slojeviti.,HR,train_file,564,5106,41,train,provjera,Negative,Negative,Negative,Negative,dva_kodera_i_uskladjenje
train-0565,"Međutim, još i ovdje ponavljam da zakonski okvir kojeg je dio i ovaj zakon u znatnosti smanjuje te rizike i u znatnosti povećava upravljanje rizicima.",HR,train_file,565,113452,649,train,ucenje,Positive,P_Neutral,Positive,Positive,dva_kodera_i_uskladjenje
train-0566,"Jedan kolegij pola godine, drugi kolegij pola godine itd.",HR,train_file,566,60411,476,train,ucenje,P_Neutral,N_Neutral,P_Neutral,Neutral,dva_kodera_i_uskladjenje
train-0567,"To možda i nije tema ovoga zakona, možda bi se to moglo urediti, iako određeni zakoni, odnos znači lokalne samouprave, suradnje sa inspektoratima.",HR,train_file,567,111892,2203,train,ucenje,N_Neutral,M_Positive,N_Neutral,Neutral,dva_kodera_i_uskladjenje
train-0570,"Mi nemamo vodovod, mi nemamo mogućnosti da se spojimo na bilo koji vodovod.",HR,train_file,570,66228,590,train,ucenje,Negative,Negative,Negative,Negative,dva_kodera_i_uskladjenje
train-0571,"Dakle, ima zakonom utvrđenu djelatnost i zakon nalaže brigu o realizaciji zadaća …/Govornik se ne razumije./…",HR,train_file,571,5182,398,train,ucenje,P_Neutral,N_Neutral,P_Neutral,Neutral,dva_kodera_i_uskladjenje
train-0573,"Pokušaji da se u tom pogledu stvore i ojačaju pretpostavke za jačanje sigurno zajedničke, sigurnosne i obrambene politike je dobar ali nije nekonfliktan prema europskim i našim ukupnim tradicionalnim, višedecenijskim partnerima.",HR,train_file,573,102190,103,train,ucenje,M_Negative,M_Positive,M_Negative,Negative,dva_kodera_i_uskladjenje
train-0576,"Naime, veliki dio proizvodnje domaćih filmova ovisi upravo o subvencijama Ministarstva kulture.",HR,train_file,576,9958,2428,train,ucenje,P_Neutral,N_Neutral,N_Neutral,Neutral,dva_kodera_i_uskladjenje
train-0577,Moramo razviti i razvijenu i ovu ratom razrušenu i nenastanjenu Hrvatsku kako bi zajednički mogli nastupiti prema ulasku u Europsku uniju.,HR,train_file,577,8895,274,train,ucenje,Positive,M_Positive,M_Positive,Positive,dva_kodera_i_uskladjenje
train-0578,"Naime, projektno financiranje znanstvene djelatnosti kako se provodi na ovaj način neće osigurati da u hrvatskoj poraste udio u financiranju znanosti prema planu koji je donijet do 2020. godine.",HR,train_file,578,23437,694,train,provjera,Negative,Negative,Negative,Negative,dva_kodera_i_uskladjenje
train-0579,"Broj oboljelih raste nažalost, danas smo prešli i prešišali smo milijun, broj mrtvih raste evo blizu smo 60.000 mrtvih i taj broj i dalje raste.",HR,train_file,579,195925,853,train,ucenje,Negative,Negative,Negative,Negative,dva_kodera_i_uskladjenje
train-0582,"Ako se nitko ne javi nitko nema obavezu, neće se ni osnovati.",HR,train_file,582,58007,2210,train,ucenje,Negative,N_Neutral,N_Neutral,Neutral,dva_kodera_i_uskladjenje
train-0583,"Prem atome, znači plediram da krenemo uj tome dijelu da stvorimo punom smislu daljnji napredak da Hrvatska televizija prije svega postane objektivna, profesionalna, obrazovna, odgojna ustanova.",HR,train_file,583,27488,304,train,provjera,Positive,Positive,Positive,Positive,dva_kodera_i_uskladjenje
train-0585,A mi ćemo vas pomagati novčano ili nudimo smještaj u domu ili udomiteljskoj obitelji.,HR,train_file,585,31724,2370,train,ucenje,Positive,M_Positive,Positive,Positive,dva_kodera_i_uskladjenje
train-0586,"Odgovor na to pitanje vjerojatno će moći samo jednog dana, nadam se, dati istražna tijela ove države i vidjeti čiji je kapital u pitanju bio.",HR,train_file,586,100713,2204,train,provjera,P_Neutral,M_Positive,P_Neutral,Neutral,dva_kodera_i_uskladjenje
train-0587,"Naime, mislim da je upravo rad revizije u takvim institucijama vrlo, vrlo važan, a krenimo za početak od možda najjače takve lokalne zajednice, Grada Zagreba.",HR,train_file,587,47556,1545,train,ucenje,Positive,P_Neutral,P_Neutral,Neutral,dva_kodera_i_uskladjenje
train-0588,I naravno da i ja podržavam tu želju građana i kad bi to bilo i stvarno želju Vlade.,HR,train_file,588,43046,322,train,ucenje,Positive,M_Positive,Positive,Positive,dva_kodera_i_uskladjenje
train-0592,Mi kao jedna mala zemlja imamo takve potencijale i za ekološku poljoprivredu imamo velike potencijale.,HR,train_file,592,8093,674,train,ucenje,Positive,Positive,Positive,Positive,dva_kodera_i_uskladjenje
train-0594,"I premijer Plenković ne bi, premijer bez većine ne bi imao priliku da čeka do iza lokalnih izbora kako bi ovi koji se sada skrivaju u tami izašli na svjetlo.",HR,train_file,594,38393,2511,train,ucenje,Negative,Negative,Negative,Negative,dva_kodera_i_uskladjenje
train-0595,"To i po Bogu i po čovjeku je nepravda radnicama i radnicima ne platiti plaću, a tada kad te radnice tražile svoja prava, donešena je Istambulska konvencija.",HR,train_file,595,133167,802,train,provjera,Negative,Negative,Negative,Negative,dva_kodera_i_uskladjenje
train-0597,"Komercijalna domaćinstva: Komercijalna domaćinstva su sva ona upisana u upisnik PG-a osim onih koji su izabrala status dohodovne potpore, odnosno status nekomercijalnih domaćinstava.",HR,train_file,597,12472,18,train,provjera,P_Neutral,P_Neutral,P_Neutral,Neutral,dva_kodera_i_uskladjenje
train-0599,"A sada bi mi udovoljili 8 godina da ne sude, da se vrate na svoje sudačko mjesto.",HR,train_file,599,71540,363,train,ucenje,Negative,M_Negative,Negative,Negative,dva_kodera_i_uskladjenje
train-0600,"Pri tome želimo jasno kazati regionalne stranke smatraju da je ovih 11,9% učešća mirovina u BDP-u nešto ispod čega ne bi trebalo također ići.",HR,train_file,600,74085,368,train,ucenje,P_Neutral,M_Negative,N_Neutral,Neutral,dva_kodera_i_uskladjenje
train-0601,I u tome je razlika između nas i vas gospođo draga.,HR,train_file,601,20549,46,train,provjera,Negative,N_Neutral,M_Negative,Negative,dva_kodera_i_uskladjenje
train-0604,"Zaštite zdravlja i morala, zaštita ugleda i prava drugih, spriječavanja odavanja povjerljivih informacija ili radi očuvanja autoriteta i nepristranosti sudbene vlasti.",HR,train_file,604,10480,278,train,ucenje,P_Neutral,Positive,P_Neutral,Neutral,dva_kodera_i_uskladjenje
train-0606,Trebalo bi se zapitati zašto je projekcija stečaja odnosno percepcija stečaja u našoj javnosti negativna.,HR,train_file,606,70082,33,train,ucenje,Negative,Negative,Negative,Negative,dva_kodera_i_uskladjenje
train-0607,"Naravno i srce, ali kad raspravljamo o opstanku vlade, o povjerenju te vlade, odnosno premijerke, onda bi morali metnuti malo razum ispred srca.",HR,train_file,607,60842,477,train,ucenje,M_Negative,M_Positive,M_Positive,Positive,dva_kodera_i_uskladjenje
train-0608,"Isto tako smo čuli i da je Vlada napravila analizu kod povećanja minimalne plaće na 4000 kuna, prijeti nam par tisuća otkaza.",HR,train_file,608,120240,2032,train,ucenje,Negative,Negative,Negative,Negative,dva_kodera_i_uskladjenje
train-0609,"Pogledajte statistike prometnih nezgoda, pogledajte statistike kaznenih djela počinjenih pod utjecajem alkohola i opojnih droga.",HR,train_file,609,20792,2450,train,ucenje,Negative,Negative,Negative,Negative,dva_kodera_i_uskladjenje
train-0611,"Sigurno naravno u ovisnosti i o nekakvim fiskalnim kapacitetima i svemu skupa, a tu problematiku ćemo sagledati u potpunosti.",HR,train_file,611,7681,1456,train,ucenje,N_Neutral,M_Positive,P_Neutral,Neutral,dva_kodera_i_uskladjenje
train-0613,"Kolega Bernardić, vrlo ste kvalitetno dali konstataciju vezano za ove zone i za krug razvijenih i krug nerazvijenih općina i gradova.",HR,train_file,613,75469,2130,train,ucenje,Positive,Positive,Positive,Positive,dva_kodera_i_uskladjenje
train-0614,Vi ne znate više je li HZZO u Riznici ili nije ili je izvan Riznice.,HR,train_file,614,93393,625,train,ucenje,Negative,Negative,Negative,Negative,dva_kodera_i_uskladjenje
train-0617,Jer oni kao imaju veća prava odlučivati o Vladi i proračunu koji ne žive u Hrvatskoj nego ovi ljudi koji ovdje žive.,HR,train_file,617,90264,1907,train,ucenje,Negative,Negative,Negative,Negative,dva_kodera_i_uskladjenje
train-0618,Ostaje još mnogo toga za napraviti i na žalost često nedostaje dobrih projekata.,HR,train_file,618,61871,478,train,ucenje,Negative,Negative,Negative,Negative,dva_kodera_i_uskladjenje
train-0619,Njih se ne može riješiti i vjerujem da ćete imati upravo u tom smjeru i razgovore koji bi trebali naći rješenje.,HR,train_file,619,11098,2396,train,ucenje,M_Negative,M_Positive,M_Negative,Negative,dva_kodera_i_uskladjenje
train-0622,"Da li je to ta EU, da li je to taj san hrvatskoga naroda da se uništi i poljoprivreda i proizvodnja vina, da se uništi seljak, selo?",HR,train_file,622,97581,776,train,ucenje,Negative,Negative,Negative,Negative,dva_kodera_i_uskladjenje
train-0624,"Sloboda ugovaranja i dogovaranja nije sloboda ako je jedna strana u dogovoru slobodna, a druga se na kraju pretvori u roba.",HR,train_file,624,80859,609,train,ucenje,Negative,Negative,Negative,Negative,dva_kodera_i_uskladjenje
train-0625,Ako danas nema više ljudi koji se sjećaju kako se živjelo na zemlji prije nego što su postojala cjepiva.,HR,train_file,625,54211,733,train,ucenje,Negative,N_Neutral,N_Neutral,Neutral,dva_kodera_i_uskladjenje
train-0626,Ja vas napadam jer niste riječi rekli o sukobu interesa ministra Marića.,HR,train_file,626,38051,2023,train,ucenje,Negative,Negative,Negative,Negative,dva_kodera_i_uskladjenje
train-0628,Ovdje treba reći da još u pravnoj praksi nije zabilježeno da se donosi zakon koji ima odgodu od 17 godina.,HR,train_file,628,57879,1911,train,provjera,Negative,Negative,Negative,Negative,dva_kodera_i_uskladjenje
train-0632,I smatram da se u tom pogledu i parlament mora pripremiti.,HR,train_file,632,51735,464,train,ucenje,P_Neutral,P_Neutral,P_Neutral,Neutral,dva_kodera_i_uskladjenje
train-0633,"Moramo biti jedinstveni jer sigurnost naše Domovine je ispred svakog, bilo kojeg sitnog partikularnog političkog, unutarstranačkog pitanja i interesa.",HR,train_file,633,5918,671,train,ucenje,Positive,Positive,Positive,Positive,dva_kodera_i_uskladjenje
train-0635,"Radi unapređenja gospodarskih, društvenih, prirodnih, kulturnih, ekoloških i inih razloga.",HR,train_file,635,61537,582,train,provjera,Positive,P_Neutral,Positive,Positive,dva_kodera_i_uskladjenje
train-0637,"S druge strane, predlagatelji su isticali ustavnu odredbu da država posebno štiti i posebno se skrbi za obitelj, materinstvo i mlade.",HR,train_file,637,265,263,train,provjera,Positive,Positive,Positive,Positive,dva_kodera_i_uskladjenje
train-0638,"Počeo je ubrzano rasti zahvaljujući podršci HDZ-a, zahvaljujući podršci prvog predsjednika Tuđmana ali rastao je dalje i više.",HR,train_file,638,45460,1429,train,ucenje,Positive,Positive,Positive,Positive,dva_kodera_i_uskladjenje
train-0640,A ponavljam poziv u Zlatar je dat i Zlatarčani vas očekuju.,HR,train_file,640,78199,2046,train,ucenje,P_Neutral,P_Neutral,P_Neutral,Neutral,dva_kodera_i_uskladjenje
train-0641,"Vjerujem da bi uvođenje nezavisnih članova u disciplinske sudove uvelike doprinijelo transparentnijem radu sigurnosno-obavještajnog sustava, kvalitetnijim odlukama tih sudova te stvaranju povjerenja građana u ovaj sustav.",HR,train_file,641,67543,355,train,provjera,Positive,Positive,Positive,Positive,dva_kodera_i_uskladjenje
train-0643,Prve imaju urediti Zakon o organizaciji sudova a drugi Zakon o rehabilitaciji i naknadi štete neosnovano uhićenim i osuđenim osobama.,HR,train_file,643,23805,2483,train,provjera,N_Neutral,N_Neutral,N_Neutral,Neutral,dva_kodera_i_uskladjenje
train-0644,"Evo upravo sam i dobio obavijest da nas prate u raspravi pa ih ja pozdravljam, posebno pozdravljam školu kibernetike i sistemske terapije iz Rijeke koji ovih dana završavaju edukaciju koja je počela 2014.",HR,train_file,644,90010,768,train,ucenje,Positive,Positive,Positive,Positive,dva_kodera_i_uskladjenje
train-0647,Pa evo i još onda ovaj poziv ministra vezano uz Afganistan.,HR,train_file,647,56665,2351,train,ucenje,P_Neutral,N_Neutral,N_Neutral,Neutral,dva_kodera_i_uskladjenje
train-0648,Ali ja ne mogu da ne prođem pokraj ipak te sportske televizije koja evo ja kao sportaš doista sam sretan da puno sporta ima na televiziji.,HR,train_file,648,107667,642,train,provjera,M_Positive,Positive,Positive,Positive,dva_kodera_i_uskladjenje
train-0652,Čitam neki dan izjave dužnosnika europskih Hrvatska je sve ispunila.,HR,train_file,652,39977,2471,train,ucenje,Positive,Positive,Positive,Positive,dva_kodera_i_uskladjenje
train-0656,"Politika prema regiji će biti prijateljska i otvorena ali bit će prije svega vođena hrvatskim interesom, interesom Hrvatske države.",HR,train_file,656,837,2087,train,ucenje,Positive,Positive,Positive,Positive,dva_kodera_i_uskladjenje
train-0658,Ono što sam ja mogao pročitati iz akata Europske unije i Sporazuma o stabilizaciji.,HR,train_file,658,9508,1672,train,ucenje,P_Neutral,P_Neutral,P_Neutral,Neutral,dva_kodera_i_uskladjenje
train-0660,Da li je moguće da se ide sa 3800 na više od 3800 kuna?,HR,train_file,660,103071,1373,train,ucenje,P_Neutral,N_Neutral,N_Neutral,Neutral,dva_kodera_i_uskladjenje
train-0661,Navodim samo neke primjere u kojima se potvrđuje olak i prilično podcjenjivački pristup izvršne vlasti na tom području.,HR,train_file,661,21121,1714,train,ucenje,Negative,Negative,Negative,Negative,dva_kodera_i_uskladjenje
train-0663,"Uvaženi kolega Tuđman, podražavam vašu ideju i slažem se s time kada govorite da akademija treba biti uključena u društvene procese, u društvene promjene uostalom našeg društva, naše politike.",HR,train_file,663,1090,664,train,ucenje,Positive,Positive,Positive,Positive,dva_kodera_i_uskladjenje
train-0664,"Do danas je na taj način darovano, ostvareno 4 tisuće i 687 branitelja i njihovih obitelji.",HR,train_file,664,73247,496,train,ucenje,P_Neutral,P_Neutral,P_Neutral,Neutral,dva_kodera_i_uskladjenje
train-0665,"Iz svega ovoga nisam prepoznao, možda, možda griješim, tendenciju stjecanja sposobnosti društva da se nosi sa klimatskim promjenama.",HR,train_file,665,188082,115,train,ucenje,Negative,Negative,Negative,Negative,dva_kodera_i_uskladjenje
train-0666,"Dakle, izmjene i dopune Zakona o rodiljnim i roditeljskim potporama prije svega treba reći da polazimo od Ustavne odredbe da država osobito štiti obitelj, materinstvo, djecu i mladež.",HR,train_file,666,127642,104,train,provjera,Positive,P_Neutral,P_Neutral,Neutral,dva_kodera_i_uskladjenje
train-0667,"Glavna sestra, sestre sa velikim iskustvom tijekom godine seminarska nastava i za najviše 2.g. ta osoba je nakon što savlada jezik ono što treba, ona postaje bez ikakvih problema.",HR,train_file,667,146298,817,train,ucenje,Positive,P_Neutral,Positive,Positive,dva_kodera_i_uskladjenje
train-0669,Pripremajući se za današnju sjednicu došao sam i do podatka koji me je zapravo frapirao o događanjima na području grada Vukovara i po stanju na tržištu rada.,HR,train_file,669,24648,1377,train,ucenje,Negative,Negative,Negative,Negative,dva_kodera_i_uskladjenje
train-0670,"U domu zdravlja Varaždinske županije i zavod za hitnu medicinu Varaždinske županije, provodi se specijalističko usavršavanje doktora medicine za što je izdvojeno 16 milijuna kuna.",HR,train_file,670,97473,1604,train,ucenje,P_Neutral,P_Neutral,P_Neutral,Neutral,dva_kodera_i_uskladjenje
train-0673,"Govorimo o zlatnoj dionici, kolega Đakiću šleper zataje hrvatska je prodala do grama.",HR,train_file,673,11247,1529,train,ucenje,Negative,Negative,Negative,Negative,dva_kodera_i_uskladjenje
train-0674,"Za specijalizirane subjekte odnosno posrednike bilja olakšava se dolaziti u jedinstvenoj i transparentnoj dokumentaciji, unificirani obrazac biljne putovnice, boljoj zaštiti kao i mogućoj financijskoj pomoći u otkrivanju i iskorjenjavanju štetnih organizama.",HR,train_file,674,179855,2380,train,ucenje,P_Neutral,Positive,P_Neutral,Neutral,dva_kodera_i_uskladjenje
train-0675,U ovoj oblasti kirurške medicine ukupni troškovi liječenja smanjuju se za oko 5 hiljada američkih dolara po jednom operiranom bolesniku.,HR,train_file,675,68166,1852,train,ucenje,P_Neutral,Positive,P_Neutral,Neutral,dva_kodera_i_uskladjenje
train-0679,Kod donošenja ovog zakona primjenjuju se odredbe Poslovnika koje se odnose na drugo čitanje zakona.,HR,train_file,679,70344,489,train,provjera,P_Neutral,P_Neutral,P_Neutral,Neutral,dva_kodera_i_uskladjenje
train-0680,Ali isto tako ćemo dobiti jasnu sliku ako je se netko 15 puta žalio i svih 15 puta prihvaćena žalba.,HR,train_file,680,48349,457,train,ucenje,Negative,M_Positive,Negative,Negative,dva_kodera_i_uskladjenje
train-0682,"Naime, ljudski resursi su najveće bogatstvo i države i općenito kompanija.",HR,train_file,682,116008,1394,train,ucenje,Positive,Positive,Positive,Positive,dva_kodera_i_uskladjenje
train-0683,"Jer stambena štednja u kombinaciji sa ovim zakonom omogućava itekako, itekako povoljne kredite za ishođenje i rješavanje stambenog pitanja.",HR,train_file,683,72051,752,train,ucenje,Positive,Positive,Positive,Positive,dva_kodera_i_uskladjenje
train-0686,"Kolegice Sobol, ja imam osjećaj da se mi ne razumijemo dobro jer vi nama namećete nekakvu krivnju u vezi tih vaših kvota za žene.",HR,train_file,686,90531,2035,train,provjera,Negative,Negative,Negative,Negative,dva_kodera_i_uskladjenje
train-0691,"Po drugi puta, dakle, rekao je moj kolega Stazić, nije to rok koji je netko drugi zadao ovoj Vladi.",HR,train_file,691,20035,2295,train,provjera,N_Neutral,N_Neutral,N_Neutral,Neutral,dva_kodera_i_uskladjenje
train-0694,"Ministar Aladrović, cijeli njegov tim radi na kriterijima, to nije lagan posao ali ti kriteriji su najbitniji, zato naglašavamo odgovornost.",HR,train_file,694,188832,2557,train,ucenje,M_Positive,M_Positive,M_Positive,Positive,dva_kodera_i_uskladjenje
train-0698,"Predloženim rješenjima nastoji se postići repoziciniranje doma zdravlja u cilju da se pružanje zdravstvene skrbi prvenstveno orijentira na kurativu, usmjeri u većoj mjeri na očuvanje i unapređenje zdravlja i prevenciju bolesti.",HR,train_file,698,24630,422,train,ucenje,Positive,Positive,Positive,Positive,dva_kodera_i_uskladjenje
train-0699,"Vi da ste, vaša Vlada da je imala volje to riješiti to bi do danas već riješila.",HR,train_file,699,25170,423,train,ucenje,Negative,Negative,Negative,Negative,dva_kodera_i_uskladjenje
train-0700,"Na taj način omogućit će se korisnicima obrazovanje, pristup informacijama i komunikaciji u svrhu ravnopravnog ostvarivanja svih ljudskih prava i temeljnih sloboda koje konzumiraju i osobe bez oštećenja sluha i vida.",HR,train_file,700,115699,654,train,ucenje,Positive,P_Neutral,Positive,Positive,dva_kodera_i_uskladjenje
train-0701,"I još jedna stvar, a to je, budući da nam to sve dolazi izuzetno je bitno sankcionirati i preduhitriti ekološke katastrofe i osigurati što veću sigurnost plovila.",HR,train_file,701,20398,292,train,ucenje,Positive,M_Negative,M_Positive,Positive,dva_kodera_i_uskladjenje
train-0703,"Ne samo zbog ulaska u različite regionalne saveze i organizacije, već i zbog sveprisutnog fenomena globalizacije.",HR,train_file,703,65009,1797,train,provjera,P_Neutral,M_Positive,P_Neutral,Neutral,dva_kodera_i_uskladjenje
train-0704,"Nerijetko je praksa ministarstva gospodina Čačića da njegove firme izrađuju za ministarstvo natječajnu dokumentaciju, pa je pobjeda na natječajima zagarantirana, što možemo pitati firme koje se natječu što znači.",HR,train_file,704,31109,25,train,ucenje,Negative,Negative,Negative,Negative,dva_kodera_i_uskladjenje
train-0706,Pa bih rekla gospodinu Bernardiću da ne razumijem što znači njegova odgoda za pola otplate rate kad to nije odgoda nego je to bespovratna sredstva.,HR,train_file,706,69773,2042,train,ucenje,Negative,Negative,Negative,Negative,dva_kodera_i_uskladjenje
train-0713,Bijega iz zatvora u protekle dvije godine nije bilo niti jednoga.,HR,train_file,713,1045,1704,train,provjera,Positive,Positive,Positive,Positive,dva_kodera_i_uskladjenje
train-0714,"Ponovit ću, u Francuskoj kad inspektor dođe u nadzor i utvrdi određeni propust onda ima rok do kojeg taj nadzirani subjekt to može otkloniti za pojedine prekršaje koji su rađeni.",HR,train_file,714,9242,678,train,ucenje,N_Neutral,M_Negative,N_Neutral,Neutral,dva_kodera_i_uskladjenje
train-0715,"Gdje piše, u kojem zakonu, da se ne smije komentirati?",HR,train_file,715,68910,1752,train,ucenje,N_Neutral,N_Neutral,N_Neutral,Neutral,dva_kodera_i_uskladjenje
train-0716,"No, nisam siguran da ono što se ovako može iščitati kao nakana da doista i pogađa cilj.",HR,train_file,716,34389,1444,train,ucenje,Negative,M_Negative,Negative,Negative,dva_kodera_i_uskladjenje
train-0717,"Kad su u pitanju droga i alkohol naravno da tu kazne mogu nešto napraviti, ali kakvu tu pojavu imamo neželjenu koju nikako ne uspijevamo suzbiti.",HR,train_file,717,64471,480,train,ucenje,Negative,Negative,Negative,Negative,dva_kodera_i_uskladjenje
train-0718,"I zapravo danas u svijetu kad se raspravlja o nacionalnoj sigurnosti raspravlja se samo o jednoj temi, a to je o ravnoteži sigurnosti i ravnoteži razine ljudskih prava.",HR,train_file,718,63864,350,train,ucenje,P_Neutral,P_Neutral,P_Neutral,Neutral,dva_kodera_i_uskladjenje
train-0720,"Dakle, ljudski potencijali, informatičko poslovanje, financijsko poslovanje, rad Upravnog vijeća, rad na ostvarivanju prava naravno sa relativno bogatim tabličnim prilogom na kraju izvješća kao i uvijek.",HR,train_file,720,1831,666,train,ucenje,P_Neutral,P_Neutral,P_Neutral,Neutral,dva_kodera_i_uskladjenje
train-0727,Pred nama je Prijedlog zakona o potvrđivanju Ugovora o jamstvu između Republike Hrvatske i Europske banke za obnovu i razvoj za projekt modernizacije HŽ-Infrastrukture.,HR,train_file,727,75607,603,train,ucenje,P_Neutral,P_Neutral,P_Neutral,Neutral,dva_kodera_i_uskladjenje
train-0729,Za ona djela koja su lakše prirode ne bi bila teškoća u daljnjem njihovom radu.,HR,train_file,729,88478,2235,train,ucenje,P_Neutral,M_Positive,P_Neutral,Neutral,dva_kodera_i_uskladjenje
train-0731,To je posebno važno za onkološke pacijente kojima su klinička ispitivanja često posljednja mogućnost za nastavak liječenja i produljenje života te za oboljele od rijetkih bolesti.,HR,train_file,731,125083,1414,train,ucenje,N_Neutral,M_Positive,P_Neutral,Neutral,dva_kodera_i_uskladjenje
train-0732,"Kad je riječ u odnosu prema lokalnoj samoupravi, vidljivo je da je odnos prema općinama i gradovima ovisan o tome tko tamo obnaša vlast.",HR,train_file,732,1633,1770,train,ucenje,Negative,M_Negative,Negative,Negative,dva_kodera_i_uskladjenje
train-0733,Vlada kaže da bi izmjene Kaznenog zakona u ovom pravcu mogle ugroziti pravnu sigurnost.,HR,train_file,733,49030,2040,train,provjera,Negative,N_Neutral,Negative,Negative,dva_kodera_i_uskladjenje
train-0737,"Stoga treba osnažiti institucije odgovorne za kontrolu i ravnotežu političke moći kako bi osigurale djelovanje antikorupcijskih mehanizama bez zastrašivanja, te da smanje postojeće razlike između antikorupcijskog zakonodavstva.",HR,train_file,737,132204,2059,train,ucenje,Positive,M_Positive,Positive,Positive,dva_kodera_i_uskladjenje
train-0740,"Porezni obveznici koji obavljaju samostalnu djelatnost na potpomognutim područjima, mogu ostvariti pravo na potporu male vrijednosti u skladu sa Zakonom o porezu na dohodak i Zakonom o porezu na dobit.",HR,train_file,740,122612,797,train,ucenje,P_Neutral,P_Neutral,P_Neutral,Neutral,dva_kodera_i_uskladjenje
train-0742,Vidljivo je da je intencija predloženog zakona sustavno podizanje i unaprjeđenje razine sigurnosti željezničkog sustava te stvaranje konkurentnog željezničkog sustava u skladu sa zakonodavstvom EU-a te tehničkim i znanstvenim napretkom.,HR,train_file,742,183233,838,train,ucenje,Positive,Positive,Positive,Positive,dva_kodera_i_uskladjenje
train-0745,Jer mislim prošle ili pretprošle godine to će znati gospoda zamjenica uvezla 30 tisuća tona krumpira.,HR,train_file,745,97477,1935,train,ucenje,P_Neutral,N_Neutral,P_Neutral,Neutral,dva_kodera_i_uskladjenje
train-0746,"Prva stvar, bolje to nego proračun, nego državni budžet.",HR,train_file,746,102348,634,train,ucenje,M_Positive,M_Negative,M_Positive,Positive,dva_kodera_i_uskladjenje
train-0748,Predlažemo da se financiraju selektivni određeni znanstveni projekti da bi mogli pratiti tu tehnologiju i ono što nas sutra čeka.,HR,train_file,748,85661,2292,train,ucenje,Positive,Positive,Positive,Positive,dva_kodera_i_uskladjenje
train-0749,"Nažalost, godine odlaze, prolaze, ne možemo vratiti izgubljena radna mjesta, ne možemo vratiti izgubljene te osobne tragedije.",HR,train_file,749,40213,447,train,ucenje,Negative,Negative,Negative,Negative,dva_kodera_i_uskladjenje
train-0751,"Dakle, vrlo često smo i u našim medijima svjedoci da nevjerojatne scene tragedija, užasa zauzimaju prostor u medijima, ali zašto?",HR,train_file,751,62350,2416,train,ucenje,Negative,Negative,Negative,Negative,dva_kodera_i_uskladjenje
train-0752,Znači 17 milijuna kuna smo predvidjeli koje smo mogli utrošiti na povezivanje naših obalnih područja i otoka a nismo ništa iskoristili.,HR,train_file,752,18471,688,train,ucenje,Negative,Negative,Negative,Negative,dva_kodera_i_uskladjenje
train-0755,Uz to potičemo štednju u trećem dobrovoljnom mirovinskom fondu jer to je najbolja štednja za starost sa čak dvije vrste poticaja.,HR,train_file,755,166211,829,train,ucenje,Positive,Positive,Positive,Positive,dva_kodera_i_uskladjenje
train-0756,"Ovo je na jedan način … i vlasništva jer se, centar je pravni slijednik saveza zadruge.",HR,train_file,756,80352,607,train,ucenje,P_Neutral,N_Neutral,P_Neutral,Neutral,dva_kodera_i_uskladjenje
train-0758,U svakom od ovih zakona je po jedan članak koji regulira pitanje zastupanja po ovim pravima.,HR,train_file,758,28813,306,train,ucenje,P_Neutral,P_Neutral,P_Neutral,Neutral,dva_kodera_i_uskladjenje
train-0759,Za rješavanje nastalih problema ne postoji drugo sredstvo osim svestranog političkog dijaloga vođenog u dobroj vjeri ma kako neugodan taj dijalog ponekad mogao biti.,HR,train_file,759,116373,1914,train,provjera,M_Negative,M_Positive,M_Positive,Positive,dva_kodera_i_uskladjenje
train-0760,Vi ste zaključili ugovor u svibnju 2014. i nakon toga se kreće u kolovozu u raspravu o povećanju kredita.,HR,train_file,760,104158,2038,train,ucenje,N_Neutral,Negative,N_Neutral,Neutral,dva_kodera_i_uskladjenje
train-0761,"Dakle, može revidirati u odnosu na ono što smo poslali.",HR,train_file,761,18441,412,train,ucenje,P_Neutral,P_Neutral,P_Neutral,Neutral,dva_kodera_i_uskladjenje
train-0764,Naprosto niz ovih kontradikcija koje su dosada rečene da ih sve ne ponavljam.,HR,train_file,764,6999,2390,train,ucenje,Negative,Negative,Negative,Negative,dva_kodera_i_uskladjenje
train-0765,"Život nudi često mnoga iznenađenja, no unutar subjekata u pravosuđu mora postojati veća razina provedbene kulture, profesionalnog morala te odgovornosti.",HR,train_file,765,15278,406,train,ucenje,M_Positive,M_Positive,M_Positive,Positive,dva_kodera_i_uskladjenje
train-0766,To se izvršilo u ime slobode medija da bi mediji kao sada privatni konačno bili slobodni i nitko nije sporio da je to ostvareno.,HR,train_file,766,64634,482,train,ucenje,Positive,Positive,Positive,Positive,dva_kodera_i_uskladjenje
train-0767,"Pa sve su to investicije koje mi moramo iz države, Vlada ih mora potaknuti.",HR,train_file,767,57651,2369,train,provjera,P_Neutral,M_Positive,P_Neutral,Neutral,dva_kodera_i_uskladjenje
train-0768,A isto tako ni gospodarski rast ne bi bio 4%.,HR,train_file,768,45481,1671,train,ucenje,N_Neutral,M_Positive,N_Neutral,Neutral,dva_kodera_i_uskladjenje
train-0771,Došlo je do promjene i nitko u ovoj zemlji od toga ni u Saboru ni u političkom životu nije stvarao probleme.,HR,train_file,771,52356,2573,train,ucenje,M_Negative,Positive,Positive,Positive,dva_kodera_i_uskladjenje
train-0772,Tu bi možda trebalo skrenuti više pozornosti i također ću neki amandman na to spomenuti.,HR,train_file,772,178190,834,train,ucenje,P_Neutral,P_Neutral,P_Neutral,Neutral,dva_kodera_i_uskladjenje
train-0773,"Sudjelovanjem u ovakvim operacijama oružane snage razvijaju sposobnost djelovanja u međunarodnom okružju i podižu razinu interoperabilnosti te doprinose afirmaciji Republike Hrvatske kao odgovorne članice NATO saveza, Europske unije i Ujedinjenih naroda.",HR,train_file,773,80755,608,train,provjera,Positive,Positive,Positive,Positive,dva_kodera_i_uskladjenje
train-0774,"I dogodi vam se ovo veselje nažalost sa Ukrajinom, dogodi se jedan energetski poremećaj, cijena plina ode gore i HEP napravi gubitak.",HR,train_file,774,80829,1402,train,ucenje,Negative,Negative,Negative,Negative,dva_kodera_i_uskladjenje
train-0775,"Dakle, gospodarstvo takvo kakvo je, ovoga trenutka naprosto nema apsorpcionu moć za prihvaćanje novih zaposlenih.",HR,train_file,775,18292,60,train,ucenje,Negative,N_Neutral,Negative,Negative,dva_kodera_i_uskladjenje
train-0778,"Većinu čine prirodni izvori pa ipak posljednja dva stoljeća sinergijskim i kumulativnim djelovanjem ugljičnog dioksida, metana, dušičnog oksida i ostalih plinova efekt staklenika izražen ekvivalentom CO2 nekontrolirano je rastao.",HR,train_file,778,87620,381,train,ucenje,Negative,Negative,Negative,Negative,dva_kodera_i_uskladjenje
train-0780,Nemamo niti odgovora što će biti sa budućim prinosima fonda i da li će se obeštećenje isplaćivati na teret prinosa ili na teret temeljnog kapitala?,HR,train_file,780,19101,287,train,ucenje,Negative,Negative,Negative,Negative,dva_kodera_i_uskladjenje
train-0782,"Siromašnima i obespravljenima treba pomoći, treba gasiti požar pa makar i onom kanticom za zalijevanje pljeska kako djeca to rade ako već ne radimo vatrogasnim mjerama.",HR,train_file,782,118563,660,train,ucenje,M_Negative,M_Negative,M_Negative,Negative,dva_kodera_i_uskladjenje
train-0783,"Obišli smo veće županije, gotovo sve županije, dobro je prihvaćen, moram naglasiti da smo dosta prijedloga iz javne rasprave prihvatili, ugradili u prijedlog ovog zakona.",HR,train_file,783,10228,526,train,ucenje,Positive,Positive,Positive,Positive,dva_kodera_i_uskladjenje
train-0785,Jer ukoliko oštrih sankcija nema ili ukoliko dođe do zastare onda se ovdje doista radi samo o savjetima koje mu nije nužno slušati ili se može tretirati kao zatvaranje oka pred činjeničnim stanjem.,HR,train_file,785,88878,384,train,ucenje,Negative,Negative,Negative,Negative,dva_kodera_i_uskladjenje
train-0786,A ovaj ćušpajz koji smo danas morali kusati je nešto što je potpuno nedopustivo i zaista žalim sve one koji su morali na bilo koji način sudjelovati u tome.,HR,train_file,786,100399,1372,train,provjera,Negative,Negative,Negative,Negative,dva_kodera_i_uskladjenje
train-0788,"U slučaju tužbe banaka šteta države od milijun eura, o gubitku deviznih rezervi HNB-a.",HR,train_file,788,119293,661,train,ucenje,Negative,N_Neutral,Negative,Negative,dva_kodera_i_uskladjenje
train-0789,"Kada pak taj krug investicija krene prema području zbrinjavanja komunalnog otpada, a posebice opasnog otpada, onda ćete vidjeti koji sve likovi će biti državni partneri.",HR,train_file,789,53860,1845,train,ucenje,Negative,Negative,Negative,Negative,dva_kodera_i_uskladjenje
train-0790,"Pa normalno da bilo koju kategoriju dirnemo, opet bi bili dežurni napadači na proračun, pa bi rekli zašto dirate vojsku, policiju, zašto dirate prosvjetu, socijalu.",HR,train_file,790,39194,1892,train,ucenje,Negative,Negative,Negative,Negative,dva_kodera_i_uskladjenje
train-0791,"Prije svega ja bih ovdje se zahvalio i pohvalio činjenicu da ćemo imati dva čitanja ovog zakona i da se na taj način pruža mogućnost jednog dobrog, kvalitetnog javnog dijaloga o tome.",HR,train_file,791,74566,601,train,ucenje,Positive,Positive,Positive,Positive,dva_kodera_i_uskladjenje
train-0794,"Osim traženja odgovora na pitanja, cilj mora biti pružati svima optimalne mogućnosti liječenja, održavanja tjelesnog i mentalnog zdravlja i što veći osjećaj sigurnosti i uključenosti u društveni život.",HR,train_file,794,95225,390,train,ucenje,Positive,P_Neutral,Positive,Positive,dva_kodera_i_uskladjenje
train-0796,"Ima i domaćih, a oni su dobre, očito imali dobre informacije i dobre veze, a sve to skupa, u milijardama iznad onog potrebnog plaćamo mi porezni obveznici.",HR,train_file,796,136922,2005,train,ucenje,Negative,Negative,Negative,Negative,dva_kodera_i_uskladjenje
train-0797,"Smatraju da ih državna tijela dovoljno ne štite i da im ne pomažu, te da im ni potrebna pravna pomoć često nije dostupna.",HR,train_file,797,8635,522,train,ucenje,Negative,Negative,Negative,Negative,dva_kodera_i_uskladjenje
train-0800,"Hrvatskoj je potreban stabilan porezni sustav, pojednostavljivanje pravnih propisa, stabilna i predvidljiva politika te učinkovito pravno i ukupno poslovno okruženje.",HR,train_file,800,86459,618,train,ucenje,P_Neutral,M_Positive,M_Positive,Positive,dva_kodera_i_uskladjenje
train-0805,"Sad su u igri mahom HDZ-ovi župani makar je za Marišćinu odgovoran SDP-ov, za Kaštijun IDS-ov župan.",HR,train_file,805,180254,2172,train,provjera,Negative,M_Negative,M_Negative,Negative,dva_kodera_i_uskladjenje
train-0807,"Isto tako potrebno je sačuvati radna mjesta, o tome je govorio premijer u svom govoru i potaknuti zapošljavanje.",HR,train_file,807,189019,1815,train,ucenje,Positive,Positive,Positive,Positive,dva_kodera_i_uskladjenje
train-0808,I s pravom kritizirate ovakav način koji dolazi s one strane sabornice.,HR,train_file,808,9368,1369,train,ucenje,M_Negative,M_Negative,M_Negative,Negative,dva_kodera_i_uskladjenje
train-0812,I on zove i tada onaj koji sjedi kraj tog telefona kaže aha to je ministarstvo poljoprivrede sad ću spojiti sa inspektorom nadležnim za to i to.,HR,train_file,812,65014,66,train,ucenje,P_Neutral,N_Neutral,P_Neutral,Neutral,dva_kodera_i_uskladjenje
train-0814,"E sada, niste odgovorili na pitanje, a to vam je zanimljivo pustimo sada svađu učitelja i nastavnika koji ste potencirali.",HR,train_file,814,91901,1410,train,ucenje,Negative,Negative,Negative,Negative,dva_kodera_i_uskladjenje
train-0820,Dok se to ne dogodi mislim da postoji opasnost od puzajuće centralizacije što se sada događa kroz izradu operativnih programa i kroz činjenicu da velike projekte planiraju i o njima odlučuju velika javna poduzeća.,HR,train_file,820,53303,2112,train,ucenje,Negative,M_Negative,Negative,Negative,dva_kodera_i_uskladjenje
train-0821,"Utvrđujem da kvorum imamo, te da možemo pravovaljano odlučivati.",HR,train_file,821,37060,1307,train,ucenje,Positive,Positive,Positive,Positive,dva_kodera_i_uskladjenje
train-0822,I sigurno da je za čestitati i ljudima u agenciji ali i svim menadžerima koji rade na tom projektu.,HR,train_file,822,89023,1391,train,ucenje,Positive,Positive,Positive,Positive,dva_kodera_i_uskladjenje
train-0823,"Mlijeka i mliječnih proizvoda ukupno je povećan uvoz za čak 64 milijuna dolara, odnosno na 168,8 milijuna dolara što govori o padu proizvodnje unatoč našim potencijalima.",HR,train_file,823,103285,2513,train,ucenje,Negative,M_Negative,Negative,Negative,dva_kodera_i_uskladjenje
train-0825,"Čudne teze, čudnih ljudi i cijeli dan moralne …/Govornik se ne razumije./… ili prodike svima koji ovdje sjede tokom cijelog dana i njih nema više.",HR,train_file,825,69795,751,train,ucenje,Negative,Negative,Negative,Negative,dva_kodera_i_uskladjenje
train-0828,Pa ako počnu ilegalno ulaziti hoće vojska pucat po toj djeci.,HR,train_file,828,5902,1559,train,ucenje,Negative,Negative,Negative,Negative,dva_kodera_i_uskladjenje
train-0832,Ali opet kažem mora se brinuti i o monetarnoj politici.,HR,train_file,832,51563,565,train,provjera,P_Neutral,P_Neutral,P_Neutral,Neutral,dva_kodera_i_uskladjenje
train-0833,"Više od polovice samohranih roditelja kaže da jedva podmiruju svoje mjesečne potrebe i to na onoj najnižoj razini, a preko polovice roditelja ne može realizirati pravo na uzdržavanje djece.",HR,train_file,833,14978,20,train,ucenje,Negative,Negative,Negative,Negative,dva_kodera_i_uskladjenje
train-0835,"Ako želi samo jedan, onda se može oploditi samo jedna jajna stanica.",HR,train_file,835,39449,446,train,provjera,P_Neutral,P_Neutral,P_Neutral,Neutral,dva_kodera_i_uskladjenje
train-0836,Klub HDSSB-a će podržati ovaj prijedlog imajući u vidu i nadajući se da je doista sve odrađeno sukladno zakonu i da prije svega i ovi potpisi građana doista pokazuju i volju samih građana.,HR,train_file,836,29856,1465,train,ucenje,Positive,M_Positive,M_Positive,Positive,dva_kodera_i_uskladjenje
train-0837,"Što se tiče građevinskoga materijala kao jednoga vida stambenoga zbrinjavanja ispisano je 4 tisuće čini mi se, oko 4 tisuće suglasnosti za pakete građevinskog materijala.",HR,train_file,837,36595,2501,train,ucenje,P_Neutral,P_Neutral,P_Neutral,Neutral,dva_kodera_i_uskladjenje
train-0843,Ali osoba stavak 4. koja ima iskustva u mirnom rješavanju sporova između strana u suprotnim interesima ili iskustva u vođenju postupaka.,HR,train_file,843,118152,2047,train,ucenje,P_Neutral,N_Neutral,P_Neutral,Neutral,dva_kodera_i_uskladjenje
train-0845,"U slučaju medicinski pomognute oplodnje darovanom spolnom stanicom, odnosno zametkom ne može se tvrditi da nije moguće utvrditi porijeklo djeteta.",HR,train_file,845,13114,1480,train,ucenje,N_Neutral,Negative,N_Neutral,Neutral,dva_kodera_i_uskladjenje
train-0848,"Prolazile su godine, prolazili su dani, prolazilo je vrijeme.",HR,train_file,848,37530,714,train,ucenje,P_Neutral,Negative,N_Neutral,Neutral,dva_kodera_i_uskladjenje
train-0849,"Minsko sumnjivo područje RH je obilježeno sa 12.868 oznaka minske opasnost, od toga 12.573 oznake ukazuju na minski sumnjiva područja, a 295 oznaka na moguć pronalazak neeksplodiranih ubojnih sredstava.",HR,train_file,849,81276,611,train,ucenje,Negative,N_Neutral,Negative,Negative,dva_kodera_i_uskladjenje
train-0850,Što se tiče '90. godine i smijene sudaca i suci su smijenjeni oni samo koji su se protivili poretku stvaranja Hrvatske države.,HR,train_file,850,72657,1823,train,ucenje,M_Negative,M_Positive,M_Positive,Positive,dva_kodera_i_uskladjenje
train-0857,"Intencija je kakva u cijeloj europi pa tako i u hrvatskoj, dakle da će opterećivanje rada padati pa će tako padati i lokalni proračun.",HR,train_file,857,52540,730,train,ucenje,Negative,Negative,Negative,Negative,dva_kodera_i_uskladjenje
train-0858,"Također smo kod Zakona o mirovinskim osiguravajućim društvima detaljno propisali zahtjeve adekvatnosti kapitala, podigli smo iznos jamstvenog kapitala za mirovinsko osiguravajuće društvo koji je sada prema važećim propisima EU iznosi 22,8 milijuna kuna.",HR,train_file,858,60613,1491,train,provjera,Positive,Positive,Positive,Positive,dva_kodera_i_uskladjenje
train-0860,"Bogati svakim danom postaju sve bogatiji, siromašni svaki dan sve siromašnijih pa čak i za hranu.",HR,train_file,860,16593,408,train,ucenje,Negative,Negative,Negative,Negative,dva_kodera_i_uskladjenje
train-0861,Ako to ne naučimo onda ćemo zaista svi zajedno platiti ceh odnosno danak ovoj situaciji koju imamo sad.,HR,train_file,861,200645,2569,train,ucenje,Negative,M_Negative,M_Negative,Negative,dva_kodera_i_uskladjenje
train-0862,A prodaja atraktivnog zemljišta to uvijek ili atraktivnih poduzeća to je uvijek najjednostavniji način da bi se došlo do sredstava.,HR,train_file,862,3805,683,train,ucenje,P_Neutral,M_Negative,N_Neutral,Neutral,dva_kodera_i_uskladjenje
train-0864,Često rade tijekom blagdana i gotovo cijelog ljeta bez naknade uglavnom poslove čišćenja i pospremanja te vrlo rijetko dobivaju priliku učiti svoj zanat u frizerskom salonu.,HR,train_file,864,28008,1442,train,ucenje,Negative,Negative,Negative,Negative,dva_kodera_i_uskladjenje
train-0865,"Dakle, odnosi se na članke 108., 109. …/Govornik se ne razumije./… evo tamo sve do ovih nositelja zaštite potrošača.",HR,train_file,865,82083,1305,train,ucenje,P_Neutral,P_Neutral,P_Neutral,Neutral,dva_kodera_i_uskladjenje
train-0868,"Znači mi još uvijek više uplaćivamo u EU značajno, a jedino što imamo od ministarstva hvalospjeve i česte izmjene zakona.",HR,train_file,868,63613,740,train,ucenje,Negative,Negative,Negative,Negative,dva_kodera_i_uskladjenje
train-0870,6 godina pripadnici Oružanih snaga Republike Hrvatske odlaze u tu misiju koja je započela prvenstveno sa nakanom davanja potpore međunarodnim naporima u uspostavi stabilnosti i obnove Afganistana.,HR,train_file,870,19537,1448,train,ucenje,P_Neutral,P_Neutral,P_Neutral,Neutral,dva_kodera_i_uskladjenje
train-0871,"Svatko je gospodo uzimao iz tih arhiva ono što ga je kompromitiralo, a ostavili su ono što je politički valjda teretilo generale.",HR,train_file,871,71197,2065,train,ucenje,Negative,Negative,Negative,Negative,dva_kodera_i_uskladjenje
train-0874,"Rasterećenje samo po sebi kako nam se ovdje nudi i obećaje, neće dovesti do onog rasta i razvitka koji Hrvatskoj treba.",HR,train_file,874,94004,772,train,ucenje,Negative,Negative,Negative,Negative,dva_kodera_i_uskladjenje
train-0875,"Uz uvažavanje nacionalnih resursa, raspoloživih ljudskih potencijala možemo se složiti da hrvatsko gospodarstvo prestaje bilježiti uzlazni trend, da očekujemo rast bruto domaćeg proizvoda između nula i 2%, bliže 0%.",HR,train_file,875,27473,429,train,ucenje,Negative,Negative,Negative,Negative,dva_kodera_i_uskladjenje
train-0876,"Ali slika Hrvatskog zdravstva danas su i one političke smjene u kliničkim bolnicama, postavljanje podobnih kadrova, postavljanje svih onih koji imaju partijsku knjižicu.",HR,train_file,876,43059,555,train,ucenje,Negative,Negative,Negative,Negative,dva_kodera_i_uskladjenje
train-0877,A ja sam vam i u svom uvodu ovdje rekao dakle da se potpore i da su se u pravilu dodjeljivale i isključivo samo onim poduzetnicima koji su ostvarivali pozitivan gospodarski učinak.,HR,train_file,877,40900,551,train,ucenje,Negative,P_Neutral,N_Neutral,Neutral,dva_kodera_i_uskladjenje
train-0878,Predlažu se znatne sankcije za najteže pomorske prekršaje poglavito za onečišćenje mora tako da se za neka djela predviđa novčana kazna ali se može izreći i mjera oduzimanja plovila ili mjera oduzimanja svjedodžbe osposobljenosti.,HR,train_file,878,20384,291,train,ucenje,N_Neutral,Negative,N_Neutral,Neutral,dva_kodera_i_uskladjenje
train-0882,Vi u školi morate pokrečit zidove i napravit nekakve sitne prepravke i to je trošak održavanja.,HR,train_file,882,95198,1803,train,ucenje,N_Neutral,P_Neutral,N_Neutral,Neutral,dva_kodera_i_uskladjenje
train-0883,"Kolega Vukšić, od kud je nastala, da kažem ovako jedna proceduralna pogreška o kojoj danas govorimo?",HR,train_file,883,17053,2227,train,provjera,Negative,M_Negative,Negative,Negative,dva_kodera_i_uskladjenje
train-0885,"Bez ulaganja u ljude, u medicinare, u naše sjajne medicinske sestre, stomatologe, bolničare, biokemičare nema napretka.",HR,train_file,885,11004,43,train,ucenje,Negative,Negative,Negative,Negative,dva_kodera_i_uskladjenje
train-0886,"Poštovani kolega je držeći nekakve papire navodeći da je to fonogram od prošle godine izjvio: ""mnoge kolege su promijenile retoriku.",HR,train_file,886,18495,22,train,ucenje,N_Neutral,N_Neutral,N_Neutral,Neutral,dva_kodera_i_uskladjenje
train-0888,"To uopće nije sporno, to je jedna tvrdnja koja nikad nije bila sporna pogotovo u ovoj našoj pravnoj prašumi kako kaže jedan sudac teško je uopće naći pravo koje nemamo.",HR,train_file,888,52372,567,train,ucenje,M_Negative,Negative,Negative,Negative,dva_kodera_i_uskladjenje
train-0889,"Upravno vijeće imaju sva kazališta u svijetu, samo se to tako možda i ne zove.",HR,train_file,889,50570,1361,train,ucenje,P_Neutral,P_Neutral,P_Neutral,Neutral,dva_kodera_i_uskladjenje
train-0892,Tu je nastao i zločin u Katinskoj šumi koju je htio posjetiti i pokojni predsjednik Poljske Kaćinski pa je u onoj avionskoj ili zrakoplovnoj nesreći poginuo.,HR,train_file,892,75292,2256,train,ucenje,Negative,Negative,Negative,Negative,dva_kodera_i_uskladjenje
train-0893,Optužbe da zakon dovodi do betonizacije RH i kako dovodi čudne investitore nije se dogodilo jer nemamo niti jedan zahtjev za izgradnju igrališta po sada važećem zakonu.,HR,train_file,893,52853,2152,train,ucenje,Negative,Negative,Negative,Negative,dva_kodera_i_uskladjenje
train-0894,"Razvijena je dobra mreža suradnje i partnerstva na cijelom pograničnom području i šire, kada govorimo o programima Mediteran i programu za Jugoistočnu Europu.",HR,train_file,894,68647,487,train,provjera,Positive,Positive,Positive,Positive,dva_kodera_i_uskladjenje
train-0895,"Ova konvencija od iznimne važnosti za Hrvatsku ako želimo zadržati imidž zemlje sa očuvanim okolišem, ako želimo sačuvati strateške resurse pitke vode i ako želimo sačuvati zdravlje našeg stanovništva.",HR,train_file,895,77900,2242,train,ucenje,Positive,M_Positive,Positive,Positive,dva_kodera_i_uskladjenje
train-0896,Krivnja je u roditeljima ovisno o tome kad su aplicirali i koji zakon je tada bio na snazi.,HR,train_file,896,145431,1360,train,ucenje,Negative,Negative,Negative,Negative,dva_kodera_i_uskladjenje
train-0904,"Uspostava učinkovitog, kontinuiranog i redovitog sustava javnog prijevoza u obalnom pomorskom prometu osnovni je uvjet i pretpostavka razvoja ne samo turizma već i općeg gospodarskog napretka otoka i priobalja.",HR,train_file,904,40093,318,train,ucenje,P_Neutral,P_Neutral,P_Neutral,Neutral,dva_kodera_i_uskladjenje
train-0905,Iako je kakvoća Jadranskog mora u usporedbi s drugim dijelovima mediterana još uvijek relativno dobro očuvana moramo biti svjesni da takvo stanje se neće dugo održati ukoliko ne poduzmemo sve potrebne mjere.,HR,train_file,905,58708,31,train,ucenje,M_Negative,M_Positive,M_Negative,Negative,dva_kodera_i_uskladjenje
train-0906,"Pretpostavljam da ste u pravu što se tiče vaših promišljanja i vjerojatno imate ispred sebe i dokumentaciju, argumentirano raspravljate i govorite kada govorite o poslovanju tog gospodarskog subjekta.",HR,train_file,906,80403,1847,train,ucenje,Positive,Positive,Positive,Positive,dva_kodera_i_uskladjenje
train-0908,"Također po sadašnjem ZERP-u za kojeg kažete da nam je dovoljan, mi nemamo pravo niti provjeriti koristi li neki brod koji ima zastavu EU nedopuštene alate za izlov ribe.",HR,train_file,908,139661,805,train,provjera,Negative,Negative,Negative,Negative,dva_kodera_i_uskladjenje
train-0910,"Što znači da je Supetar itekako atraktivan odnosno da je Brač itekako atraktivan i da na Braču postoje potrebe izraženije nego na drugim otocima, recimo poput Raba.",HR,train_file,910,76764,1354,train,ucenje,M_Positive,M_Positive,M_Positive,Positive,dva_kodera_i_uskladjenje
train-0911,"Kolegica Klarić je u svom izlaganju u ime kluba napomenula da je Ministarstvo obitelji, branitelja i međugeneracijske solidarnosti osnovalo jednu radnu skupinu.",HR,train_file,911,69387,488,train,ucenje,P_Neutral,P_Neutral,P_Neutral,Neutral,dva_kodera_i_uskladjenje
train-0914,Kako ova Vlada podupire malo i srednje poduzetništvo i obrtništvo osim bespovratnih potpora preko HBOR-a i HAMAG INVESTA omogućili smo povoljnije financiranje istih.,HR,train_file,914,22626,1810,train,ucenje,Positive,Positive,Positive,Positive,dva_kodera_i_uskladjenje
train-0915,A kažem 78 tisuća radnika u Hrvatskoj radi za minimalnu plaću.,HR,train_file,915,100189,2571,train,ucenje,Negative,Negative,Negative,Negative,dva_kodera_i_uskladjenje
train-0916,"Najveću korist bez ikakvog kompleksa ću izreći, imati će veliki proizvođači skupih roba i skupih usluga, imati će trgovci i imati će uvoznici.",HR,train_file,916,7909,1944,train,ucenje,N_Neutral,Negative,Negative,Negative,dva_kodera_i_uskladjenje
train-0917,"I da podsjetimo da smo imali puno jako veliko porezne opterećenje kada smo došli na vlast, nesređene javne financije, prekomjerni deficit i nizak kreditni rejting.",HR,train_file,917,102817,785,train,ucenje,Negative,Negative,Negative,Negative,dva_kodera_i_uskladjenje
train-0923,"To je činjenica koja je i po meni, a i po mnogim drugima točna.",HR,train_file,923,108332,1993,train,ucenje,Positive,P_Neutral,P_Neutral,Neutral,dva_kodera_i_uskladjenje
train-0926,To se prije svega odnosi na veću učestalost i dulju sezonu šumskih požara uključujući i požare na kontinentu.,HR,train_file,926,188045,842,train,provjera,Negative,Negative,Negative,Negative,dva_kodera_i_uskladjenje
train-0927,"Sa nekim od država nema potpisanog sporazuma o izbjegavanju dvostrukog oporezivanja i oni kad su sad u mirovini, kad bi se vratili u domovinu i tu živjeli, ne mogu ostvariti elementarna prava.",HR,train_file,927,81931,1639,train,ucenje,Negative,Negative,Negative,Negative,dva_kodera_i_uskladjenje
train-0932,U tom smislu činjenica da do predaje ovog izvješća Vlada nije usvojila Izvješće o provedbi preporuka pučke pravobraniteljice za 2014. godinu ne iznenađuje.,HR,train_file,932,9968,1384,train,ucenje,Negative,Negative,Negative,Negative,dva_kodera_i_uskladjenje
train-0933,"Nažalost, dvorana je gotovo prazna, vrlo malo nas ima ovdje.",HR,train_file,933,32615,1927,train,ucenje,Negative,Negative,Negative,Negative,dva_kodera_i_uskladjenje
train-0935,Kako objasniti prodaju placeva u slobodnoj poduzetničkoj zoni u Sibinju gdje su nestale također desetine milijuna kuna.,HR,train_file,935,74826,1316,train,ucenje,Negative,Negative,Negative,Negative,dva_kodera_i_uskladjenje
train-0936,"Na žalost, svjedoci smo da je sve više mladih sklonih neprihvatljivom modelu ponašanja – adolescenti zlostavljači, međusobni obračuni školaraca, ubojstva koja su počinili maloljetnici, suicidalna ponašanja mladih.",HR,train_file,936,7407,401,train,ucenje,Negative,Negative,Negative,Negative,dva_kodera_i_uskladjenje
train-0937,To je u biti sankcioniranje rana u prostoru koje smo našim dosadašnjim ponašanjem omogućili i koje rane zaista treba zacijeliti.,HR,train_file,937,16569,2170,train,provjera,N_Neutral,Negative,M_Negative,Negative,dva_kodera_i_uskladjenje
train-0938,Riječ ima državna tajnica u Ministarstvu zdravstva i socijalne skrbi Dorica Nikolić.,HR,train_file,938,40584,2265,train,ucenje,P_Neutral,P_Neutral,P_Neutral,Neutral,dva_kodera_i_uskladjenje
train-0939,Reputaciju u proizvodnji kvalitetnih prehrambenih proizvoda EU je postigla upravo na sirovinama iz prirodnog europskog okoliša uzgajanih sukladno metodama uzgoja koje su rezultat višestoljetnoga razvoja poljoprivredne djelatnosti.,HR,train_file,939,33538,438,train,ucenje,P_Neutral,P_Neutral,P_Neutral,Neutral,dva_kodera_i_uskladjenje
train-0940,Zato smo se i zalagali za dekriminalizaciju droge da bi dobili realne statistike.,HR,train_file,940,22201,2043,train,ucenje,P_Neutral,M_Positive,P_Neutral,Neutral,dva_kodera_i_uskladjenje
train-0941,Vodit ćemo aktivnu politiku radi ubrzanja pregovora i postizanja punopravnog članstva u Europskoj uniji i NATO-u do kraja mandata.,HR,train_file,941,298,1599,train,provjera,Positive,Positive,Positive,Positive,dva_kodera_i_uskladjenje
train-0942,Na žalost to nikome ne pada na pamet od vas u tome je problem.,HR,train_file,942,22029,537,train,ucenje,Negative,Negative,Negative,Negative,dva_kodera_i_uskladjenje
train-0945,"Dakle, a vezano prvenstveno za usklađivanje sa promjenama jednog djela zakona ali i ovim zakonom predlaže se povećanje sudskih pristojbi što u ova krizna vremena predstavlja dodatno opterećenje posebno građana.",HR,train_file,945,63163,585,train,ucenje,Negative,Negative,Negative,Negative,dva_kodera_i_uskladjenje
train-0947,"Stimuliranje građana, ulaganje u sunčevu energiju do 30 kilovata, osigurava građanima Republike Hrvatske da budu povlašteni proizvođači električne energije.",HR,train_file,947,11221,2368,train,ucenje,Positive,Positive,Positive,Positive,dva_kodera_i_uskladjenje
train-0949,To su problemi koji vrlo često su ključni kod gašenja određenih požara.,HR,train_file,949,14437,1929,train,ucenje,N_Neutral,M_Negative,N_Neutral,Neutral,dva_kodera_i_uskladjenje
train-0952,Jučer sam razgovarao sa udrugom kardiovaskularnih bolesnika iz Osijeka i oni su zapravo isto tako podržali ovu listu.,HR,train_file,952,70604,1352,train,ucenje,Positive,Positive,Positive,Positive,dva_kodera_i_uskladjenje
train-0954,"Dakle održivi razvoj, nitko nije počeo nikakvu raspravu, nikakvu diskusiju bez održivog razvoja.",HR,train_file,954,188118,1566,train,provjera,N_Neutral,M_Positive,P_Neutral,Neutral,dva_kodera_i_uskladjenje
train-0955,"Dakle, svojim osudama i tijekom postupanja vodi računa o žrtvama kako bi se uspostavila kakva takva pravda kao temelj i jamac uspostave mira i sigurnosti.",HR,train_file,955,92979,624,train,provjera,Positive,P_Neutral,M_Positive,Positive,dva_kodera_i_uskladjenje
train-0957,"Pa odredila bi tim tvrtkama kaznu od par desetina milijuna kuna ili tamo dolara, a u nas vidimo da se ne dešava ništa.",HR,train_file,957,56935,1640,train,ucenje,Negative,Negative,Negative,Negative,dva_kodera_i_uskladjenje
train-0959,Nisu jasni ni po ovome što čujemo danas s ove govornice.,HR,train_file,959,56302,1422,train,ucenje,Negative,Negative,Negative,Negative,dva_kodera_i_uskladjenje
train-0960,Dakle nesporno je i ne treba ni u jednom času sporiti vezano uz vlasništvo.,HR,train_file,960,72435,2228,train,ucenje,P_Neutral,Positive,P_Neutral,Neutral,dva_kodera_i_uskladjenje
train-0961,"Što više, on je za dva i pol puta premašen u odnosu na prvotni plan.",HR,train_file,961,21218,1541,train,ucenje,Positive,Positive,Positive,Positive,dva_kodera_i_uskladjenje
train-0963,Pa dopustite da mi stari mijenjamo veći stambeni prostor za stari.,HR,train_file,963,14987,2220,train,ucenje,N_Neutral,N_Neutral,N_Neutral,Neutral,dva_kodera_i_uskladjenje
train-0964,Oni samo koriste još uvijek ovaj minimalni liberalni okvir za raspravu i na pravo govora u kojem ostali neće sutra imati pravo govora nego će samo oni imati pravo govora.,HR,train_file,964,90244,1582,train,provjera,Negative,Negative,Negative,Negative,dva_kodera_i_uskladjenje
train-0966,Unatoč našim prijedlozima tijekom 2013. izmjene Zakona o radu koje su stupile početkom 2014. naši prijedlozi kao ureda nisu uvaženi.,HR,train_file,966,112514,1813,train,ucenje,Negative,M_Negative,N_Neutral,Neutral,dva_kodera_i_uskladjenje
train-0968,Svi imaju vrlo tehnički karakter zato što vašim prijedlogom zakona nije ispoštovana direktiva.,HR,train_file,968,23668,1331,train,ucenje,Negative,Negative,Negative,Negative,dva_kodera_i_uskladjenje
train-0970,Konkretno u elektroenergetskom sustavu gubici hrvatske elektroprivrede su otprilike 40% ukupne količine energije koju potroše hrvatski građani u kućanstvima.,HR,train_file,970,17527,535,train,ucenje,Negative,N_Neutral,Negative,Negative,dva_kodera_i_uskladjenje
train-0971,Štetni utjecaj na okoliš koji izaziva tzv. šljunčarenje i druge prakse gotovo su uvijek velikih razmjera.,HR,train_file,971,23699,418,train,provjera,Negative,Negative,Negative,Negative,dva_kodera_i_uskladjenje
train-0972,Za one kronične i stare bolesnike koji su opterećeni nekakvim bolestima ovo je onaj jezičac na vagi koji pretegne i nažalost oni se ne uspiju othrvati ovoj bolesti.,HR,train_file,972,199542,2259,train,ucenje,Negative,Negative,Negative,Negative,dva_kodera_i_uskladjenje
train-0976,Dakle ja smatram da Hrvatska treba ići s mjerom manje sudova.,HR,train_file,976,88693,2406,train,ucenje,P_Neutral,M_Positive,P_Neutral,Neutral,dva_kodera_i_uskladjenje
train-0978,Dobro uređeni Zakon o elektroničkom potpisu pomoći će i hrvatskom gospodarstvu da dobije barem dio toga kolača.,HR,train_file,978,11823,1540,train,ucenje,Positive,Positive,Positive,Positive,dva_kodera_i_uskladjenje
train-0980,To je zapravo u visoko centraliziranoj državi kakva je hrvatske bilo i za očekivati.,HR,train_file,980,55013,471,train,ucenje,Negative,Negative,Negative,Negative,dva_kodera_i_uskladjenje
train-0982,"Pružanje financijske pomoći hrvatskim braniteljima i članovima njihovih uže obitelji za stjecanje prvog zanimanja, prekvalifikaciju i dokvalifikaciju u sustavu izvanrednog školovanja ili pohađanja tečaja za osposobljavanje za određena zanimanja.",HR,train_file,982,68965,360,train,provjera,P_Neutral,P_Neutral,P_Neutral,Neutral,dva_kodera_i_uskladjenje
train-0984,"S druge strane, u Istri Talijani ne slave fašističke zločine, u Istri nemate parada sa izazivačkim parolama, ne znam i zajednica koje žive ….",HR,train_file,984,85099,1607,train,ucenje,Negative,M_Positive,M_Negative,Negative,dva_kodera_i_uskladjenje
train-0986,"Udruženje ili organizacija samostalno obavlja specifične aktivnosti kao što su vođenje matičnih knjiga, uzgojne dokumentacije DNK analize, dok trećim osobama mogu povjeriti provedbu testiranja rasta razvoja i drugih .../",HR,train_file,986,93405,2384,train,ucenje,P_Neutral,P_Neutral,P_Neutral,Neutral,dva_kodera_i_uskladjenje
train-0989,"No, zasigurno ukoliko nemamo ovih sporazuma pitanje radiološke opasnosti i civilizacijske katastrofe … /Govornik se ne razumije./ … prikazuje da nema istoga zakona.",HR,train_file,989,15775,2103,train,ucenje,Negative,M_Negative,Negative,Negative,dva_kodera_i_uskladjenje
train-0992,"Ja vas sada pitam, da li je doista potrebno 2018. g. držati jedan relikt iz Austro ugarskih vremena koji se zove državni biljezi?",HR,train_file,992,97695,777,train,provjera,Negative,Negative,Negative,Negative,dva_kodera_i_uskladjenje
train-0995,"Zar nismo u stanju sjesti, napraviti čvrstu odluku i nekakav konsenzus oko promjene strukture toga proračuna jer mi možemo ovaj proračun svesti na nulu, situacija u Hrvatskoj neće biti bolja nego gora.",HR,train_file,995,36780,1712,train,ucenje,Negative,Negative,Negative,Negative,dva_kodera_i_uskladjenje
train-0997,Isto tako daje se jedan prijedlog da se volonterske naknade i troškovi pri davanju pomoći i njege u kući da se oslobode plaćanja poreza i doprinosa kao aktivnosti od posebnog društvenog interesa.,HR,train_file,997,63150,347,train,ucenje,Positive,Positive,Positive,Positive,dva_kodera_i_uskladjenje
train-1001,"Jako se čudim, jer da vi to ne znate da to postoji, da je to regulirano.",HR,train_file,1001,101438,1485,train,ucenje,Negative,M_Negative,Negative,Negative,dva_kodera_i_uskladjenje
train-1003,Još jedna stvar koju ne znam zašto nitko ne napominje.,HR,train_file,1003,90262,1574,train,ucenje,N_Neutral,Negative,N_Neutral,Neutral,dva_kodera_i_uskladjenje
train-1006,Sile tame smo bili mi koji smo prokazivali što se tamo događa.,HR,train_file,1006,64674,1838,train,ucenje,Negative,M_Negative,Negative,Negative,dva_kodera_i_uskladjenje
train-1009,To sam prvi put čuo u životu da je Domovinski rat izbio zbog toga.,HR,train_file,1009,102797,2512,train,ucenje,Negative,Negative,Negative,Negative,dva_kodera_i_uskladjenje
train-1012,"U 2010. godini osobiti je naglasak stavljen na suradnju s hrvatskim saveznicima, pri čemu su pripadnici Oružanih snaga Republike Hrvatske sudjelovali u misijama pod vodstvom UN-a, NATO-a i EU.",HR,train_file,1012,74731,1475,train,ucenje,P_Neutral,P_Neutral,P_Neutral,Neutral,dva_kodera_i_uskladjenje
train-1013,Nužno je poduzimanje određenih mjera i aktivnosti u cilju ostvarivanja uvjeta u kojima će nezakonito postupanje policijskih službenika i prekoračenje policijskih ovlasti biti svedeno na najmanju moguću mjeru.,HR,train_file,1013,35866,1552,train,ucenje,P_Neutral,M_Negative,N_Neutral,Neutral,dva_kodera_i_uskladjenje
train-1014,"Lijepo je čuti vas da govorite sa optimizmom i da govorite o napretku, a napredak vidimo u povećanju PDV-a cijena goriva i naravno napredak u broju nezaposlenih.",HR,train_file,1014,6800,2474,train,ucenje,Negative,Negative,Negative,Negative,dva_kodera_i_uskladjenje
train-1015,"Nema veze, pa zašto ne bi carinici dolazili pištoljima u stanove.",HR,train_file,1015,40256,1643,train,ucenje,Negative,Negative,Negative,Negative,dva_kodera_i_uskladjenje
train-1017,"Ne znam tko sve ne šalje poštu sa točnim imenom i prezimenom, gotovo rekao bih znaju i jmbg i oib i sve živo.",HR,train_file,1017,10753,58,train,ucenje,Negative,M_Negative,Negative,Negative,dva_kodera_i_uskladjenje
train-1018,"Riječ je o tome da su odredbe ovog zakona na neki način pokrile određene malverzacije i bogaćenje pojedinaca kojima su klubovi, profesionalni klubovi, prvenstveno nogometni klubovi poslužili kao sredstvo.",HR,train_file,1018,67270,1419,train,ucenje,Negative,Negative,Negative,Negative,dva_kodera_i_uskladjenje
train-1021,Ministarstvo kulture djelomično sudjeluje u financiranju projekata koji su dobili potporu unutar europskog programa Kultura 2007-2013.,HR,train_file,1021,73952,499,train,ucenje,P_Neutral,P_Neutral,P_Neutral,Neutral,dva_kodera_i_uskladjenje
train-1024,"Kako mi možemo zaštiti prodaju naših proizvoda, a i tome treba dati savjet selu i pokušati organizirati se da se po nekim sigurnim cijenama sljedeće godine može otkupiti nekakav proizvod.",HR,train_file,1024,49548,725,train,ucenje,Positive,M_Positive,M_Positive,Positive,dva_kodera_i_uskladjenje
train-1025,"Međutim, značajniji podatak od toga je da su u tom periodu alocirali oko 5,5 milijardi eura iz budžeta u projekte javno-privatnog partnerstva.",HR,train_file,1025,19220,45,train,ucenje,N_Neutral,P_Neutral,P_Neutral,Neutral,dva_kodera_i_uskladjenje
train-1026,"To je istina, Samo što bi to bilo relevatno za nas kada bi mi umjesto današnjih 25 tisuća profesionalnih vojnika i osam tisuća ročnika stvorili vojsku profesionalnu od 33 tisuće.",HR,train_file,1026,20310,290,train,ucenje,N_Neutral,Negative,N_Neutral,Neutral,dva_kodera_i_uskladjenje
train-1029,"Možemo razgovarati da one budu niže, ali ako se država odrekne, biti će još niže.",HR,train_file,1029,46151,1739,train,ucenje,M_Negative,M_Positive,M_Negative,Negative,dva_kodera_i_uskladjenje
train-1031,"Ona nije traktor, ona nije auto, ona nije stan, ona je tu, stoji tu i nitko je ne može nikuda odnijeti niti ju može povećati niti je može smanjiti.",HR,train_file,1031,49685,2224,train,ucenje,N_Neutral,P_Neutral,N_Neutral,Neutral,dva_kodera_i_uskladjenje
train-1035,"Moramo reći da se oni koriste i za poduzetnike sa poticajnim, a stanovi u najvećoj mjeri su socijalni stanovi koji se sigurno neće moći prodati.",HR,train_file,1035,8737,676,train,ucenje,N_Neutral,M_Negative,N_Neutral,Neutral,dva_kodera_i_uskladjenje
train-1038,U članku 2. regulira se početak procesa primopredaje vlasti pa između ostaloga veli da on počinje kao i po formiranju nove izvršne vlasti.,HR,train_file,1038,3471,2335,train,ucenje,P_Neutral,P_Neutral,P_Neutral,Neutral,dva_kodera_i_uskladjenje
train-1042,Mislim da ćemo morati radikalno i drastično mijenjati taj obrazac.,HR,train_file,1042,48792,2492,train,ucenje,Negative,M_Negative,Negative,Negative,dva_kodera_i_uskladjenje
train-1044,Stoga je zapravo jedino logično da se ovo zapravo što je i kolegica Bedeković a i vi sami potpredsjedniče Sabora da se ovo prihvati.,HR,train_file,1044,29050,1581,train,ucenje,Positive,Positive,Positive,Positive,dva_kodera_i_uskladjenje
train-1046,"Uvažena kolegice Murganić slažemo se, ali pokušajmo se nekako nadopuniti.",HR,train_file,1046,98532,2293,train,ucenje,M_Positive,Positive,M_Positive,Positive,dva_kodera_i_uskladjenje
train-1047,"To je inače mjesto koje bi trebalo izgledati najbolje i trebalo bi biti najuređenije s liječničkom opremom najnovijih generacija i trebalo bi biti naprosto jedno čisto, toplo i ugodno mjesto.",HR,train_file,1047,52380,568,train,ucenje,Positive,Positive,Positive,Positive,dva_kodera_i_uskladjenje
train-1049,"Da li je koalicija predvođena Amerikom u Nikaragvi, dal se borila protiv terorizma, ili je zapravo podupirala terorizam?",HR,train_file,1049,41061,718,train,ucenje,Negative,M_Negative,Negative,Negative,dva_kodera_i_uskladjenje
train-1050,"Gospođo premijerko, odgovorili ste mi mlako na moje pitanje, a sad ću vam reći zašto, ako dozvolite gospodine potpredsjedniče. … /Upadica Vladimir Šeks: Kako?/ …",HR,train_file,1050,38891,445,train,provjera,M_Negative,N_Neutral,M_Negative,Negative,dva_kodera_i_uskladjenje
train-1051,"Sa ovakvim pozitivnim mjerama, stupanj obrazovanosti populacije bit će sve viši i bolji što omogućava višu razinu kvalifikacije koju pojedinac ima, a time i veće šanse za zapošljavanje.",HR,train_file,1051,13525,1759,train,ucenje,Positive,Positive,Positive,Positive,dva_kodera_i_uskladjenje
train-1056,"To je ta sinergija, zajedništvo i obrane vojske, policije, Gorske službe spašavanja, vatrogastva, privatnog sektora, gospodarstva, akademske zajednice, građana da bi se obranili i kasnije oslobodili.",HR,train_file,1056,42084,720,train,ucenje,Positive,N_Neutral,Positive,Positive,dva_kodera_i_uskladjenje
train-1058,"Bilo kakvu, knjiga žalbi je knjiga žalosti o nepostupanju inspekcije.",HR,train_file,1058,65902,589,train,provjera,Negative,Negative,Negative,Negative,dva_kodera_i_uskladjenje
train-1065,"Ona je kolegice i kolege, jako daleko otišla u mnogim zemljama članicama Vijeća Europe i taj put moramo i mi slijediti.",HR,train_file,1065,43112,323,train,ucenje,Positive,Positive,Positive,Positive,dva_kodera_i_uskladjenje
train-1068,A onaj tko se želi voziti u super luksuznoj limuzini taj nek si je priušti iz vlastitog džepa.,HR,train_file,1068,58030,333,train,ucenje,Negative,M_Negative,Negative,Negative,dva_kodera_i_uskladjenje
train-1071,Obrazac premošćivanja kriznih gospodarskih i socijalnih pitanja su zapravo bile nekakve palijativne mjere uz naravno nova zaduženja i daljnju prodaju.,HR,train_file,1071,51597,1619,train,ucenje,Negative,Negative,Negative,Negative,dva_kodera_i_uskladjenje
train-1072,"A to su društvene djelatnosti, socijalne službe, zdravstvo i školstvo, to je sve zatvoreni krug.",HR,train_file,1072,77869,1555,train,ucenje,N_Neutral,N_Neutral,N_Neutral,Neutral,dva_kodera_i_uskladjenje
train-1076,Što se tiče samog prijedloga zakona vjerujemo da će pripomoći rješavanju sporova i vjerujemo da će pripomoći ozbiljnijem ponašanju proizvođača.,HR,train_file,1076,9208,2591,train,provjera,Positive,Positive,Positive,Positive,dva_kodera_i_uskladjenje
train-1079,"I u tom dijelu su naravno, ovaj veliki trud, ovaj napor, želja da se osigura kvalitetna pitka voda pada u vodu.",HR,train_file,1079,110553,74,train,ucenje,M_Negative,Negative,Negative,Negative,dva_kodera_i_uskladjenje
train-1081,Dobri ljudi iz Europe vele bez 25% nećete povući ono što ste planirali.,HR,train_file,1081,93457,2053,train,ucenje,N_Neutral,M_Positive,N_Neutral,Neutral,dva_kodera_i_uskladjenje
train-1084,"Tako da ne znam o čemu pričate i u kom pravcu je išla vaša replika, nismo se uopće razumjeli.",HR,train_file,1084,164738,1677,train,ucenje,Negative,M_Negative,Negative,Negative,dva_kodera_i_uskladjenje
train-1085,"Kao što je naznačeno i zamijećeno i pozdravljeno od svih zastupnika i odbora koji su raspravljali ovaj zakon, Upravni sud postaje napokon sud pune jurisdikcije.",HR,train_file,1085,34661,50,train,provjera,Positive,Positive,Positive,Positive,dva_kodera_i_uskladjenje
train-1093,"Istovremeno komisija za ocjenu studija utjecaja na okoliš odbijaju poneke, ali ne sve studije utjecaja na okoliš radi nepostojanja mišljenja stručnjaka za krajobraznu arhitekturu.",HR,train_file,1093,88698,2013,train,ucenje,N_Neutral,Negative,Negative,Negative,dva_kodera_i_uskladjenje
train-1094,"Poslije 3. siječnja 2000. susrećemo se sa ukidanjem trogodišnjeg rodiljnog dopusta za blizance, treće i svako sljedeće dijete.",HR,train_file,1094,1584,17,train,ucenje,N_Neutral,Negative,Negative,Negative,dva_kodera_i_uskladjenje
train-1096,"A to što su novine došle, pa dajte optužite novine kako dolaze do, dajte na njih napadnite, na te medije napadajte kako su oni to došli do toga.",HR,train_file,1096,85612,617,train,ucenje,Negative,Negative,Negative,Negative,dva_kodera_i_uskladjenje
train-1100,Broj zaposlenih u odnosu na 90-te i danas varira negdje na 100 tisuća.,HR,train_file,1100,58127,2598,train,provjera,P_Neutral,M_Positive,P_Neutral,Neutral,dva_kodera_i_uskladjenje
train-1102,Vi volite predsjedniče Vlade često govoriti da su izbori praznik demokracije.,HR,train_file,1102,95588,1754,train,ucenje,P_Neutral,Positive,P_Neutral,Neutral,dva_kodera_i_uskladjenje
train-1105,Psihofiziološki napori uključuju različite radne uvjete koji mogu rezultirati stresnom reakcijom i posljedičnim bolestima.,HR,train_file,1105,9814,404,train,ucenje,Negative,N_Neutral,Negative,Negative,dva_kodera_i_uskladjenje
train-1106,"To u jednom zakonu kao što je zakon o državnom odvjetništvu ni u jednoj zemlji ne može se dogoditi jer javnost, jer građani takvu osobu onda ozbiljno ne doživljavaju.",HR,train_file,1106,34253,439,train,ucenje,M_Negative,Negative,M_Negative,Negative,dva_kodera_i_uskladjenje
train-1107,Nato savez tu se vjerojatno svi slažemo je prva stepenica da bi sutradan hrvatska ušla u europsku uniju.,HR,train_file,1107,79328,373,train,ucenje,P_Neutral,Positive,P_Neutral,Neutral,dva_kodera_i_uskladjenje
train-1108,"Još nekoliko tema koje su bile spomenute u raspravi, tiču se na primjer standardizacije tehnologija.",HR,train_file,1108,45209,1341,train,ucenje,P_Neutral,P_Neutral,P_Neutral,Neutral,dva_kodera_i_uskladjenje
train-1113,"Gospodine ministre, vi ste jedan izuzetno sposoban, drag, simpatičan drag čovjek.",HR,train_file,1113,4925,1744,train,ucenje,Positive,Positive,Positive,Positive,dva_kodera_i_uskladjenje
train-1114,"Kažem, reforma javne uprave po meni majka brojnih reformi odnosno svih reformi i nju je kontinuirano i planski potrebno provoditi.",HR,train_file,1114,115014,2490,train,ucenje,P_Neutral,M_Positive,M_Positive,Positive,dva_kodera_i_uskladjenje
train-1115,Veća populacija je najveća ne samo hrvatskoga društva nego i sve razvijene europe bez obzira na rasap i raspad obitelji na svim skalama vrijednosti na prvo mjesto stavlja obitelj.,HR,train_file,1115,96451,392,train,ucenje,P_Neutral,M_Positive,M_Positive,Positive,dva_kodera_i_uskladjenje
train-1116,"Svaka država koja drži do sebe i koja je dobro organizirana, posebno vodi brigu o svojim prirodnim resursima, o svojoj prirodnoj baštini.",HR,train_file,1116,47995,455,train,ucenje,Positive,P_Neutral,Positive,Positive,dva_kodera_i_uskladjenje
train-1120,"Ovo nije Ministarstvo branitelja, nije ministarstvo HDZ-a, prema tome nemojte se mećati u ulogu branitelja Ministarstva branitelja.",HR,train_file,1120,71609,364,train,ucenje,Negative,Negative,Negative,Negative,dva_kodera_i_uskladjenje
train-1121,To je isto kao da mu date pomorsko dobro u Kuparima zbog toga što će graditi u Krapini.,HR,train_file,1121,98323,2012,train,ucenje,Negative,Negative,Negative,Negative,dva_kodera_i_uskladjenje
train-1123,Nacionalna obavještajna skupina pruža obavještajnu i sigurnosnu potporu nacionalnom kontingentu i ostvaruje suradnje s drugim nacionalnim obavještajnim skupinama i zapovjedništva ISAF-a.,HR,train_file,1123,79306,372,train,ucenje,P_Neutral,P_Neutral,P_Neutral,Neutral,dva_kodera_i_uskladjenje
train-1126,"A ako poduzmemo sve mjere zaštite, a traži se sigurno vrhunska zaštita i okoliša, jer nama koji živimo na jadranu i živimo od turizma sigurno nam je cilj očuvanje.",HR,train_file,1126,113838,650,train,ucenje,Positive,Positive,Positive,Positive,dva_kodera_i_uskladjenje
train-1128,"Znači morate imati na umu onu poantu, a to je da mali čovjek pojedinac u hrvatskoj mora imati sigurnu, jeftinu struju da smo energetski neovisni i sačuvajmo i okoliš na ovaj način.",HR,train_file,1128,183954,114,train,ucenje,Positive,Positive,Positive,Positive,dva_kodera_i_uskladjenje
train-1130,To znači da će hrvatski građani i po vama koji predlažete ove zakone i sutra proračun znači da će po vama pad osobne potrošnje značiti lošiji standard hrvatskih građana.,HR,train_file,1130,3406,514,train,ucenje,Negative,Negative,Negative,Negative,dva_kodera_i_uskladjenje
train-1132,"Osim toga, kad bismo uveli takav jedan zakon onda bi uveli nekakav liječnički pregled obavezan.",HR,train_file,1132,40606,319,train,provjera,N_Neutral,M_Positive,P_Neutral,Neutral,dva_kodera_i_uskladjenje
train-1134,Ja sam razgovarao sa svim sudionicima sastanaka koji su taj dan bili u Međimurju održani.,HR,train_file,1134,66213,1311,train,provjera,P_Neutral,P_Neutral,P_Neutral,Neutral,dva_kodera_i_uskladjenje
train-1135,Ovdje se sadržajno radi o određenim proširivanjima postojećih prava umjetnika izvođača u odnosu na proizvođača fonograma.,HR,train_file,1135,57322,1836,train,ucenje,P_Neutral,P_Neutral,P_Neutral,Neutral,dva_kodera_i_uskladjenje
train-1137,"Vi u svom klubu raspoređujete funkcije po odborima koje ste dobili kao opozicija, određujete članove ili članice tih odbora.",HR,train_file,1137,91109,623,train,ucenje,P_Neutral,N_Neutral,P_Neutral,Neutral,dva_kodera_i_uskladjenje
train-1138,"Vidite kolega markovinović ovo vam je odluka o osnivanju istražnog povjerenstva za utvrđivanje činjenica koju je donio ovaj hrvatski sabor, znate?",HR,train_file,1138,34428,441,train,ucenje,N_Neutral,Negative,N_Neutral,Neutral,dva_kodera_i_uskladjenje
train-1139,I nije svejedno hoćemo li ostati izvan toga procesa izolirani na Balkanu ili ćeom se pridružiti tom procesu.,HR,train_file,1139,30627,1895,train,ucenje,M_Negative,M_Positive,M_Negative,Negative,dva_kodera_i_uskladjenje
train-1140,"Dug Autotransporta prema državi je od 2006., 2007.lagao rastao, 2009.iznosio 39 milijuna kuna, a posljednji podatak je da današnji dug iznosi 68 milijuna kuna.",HR,train_file,1140,16206,531,train,ucenje,Negative,N_Neutral,N_Neutral,Neutral,dva_kodera_i_uskladjenje
train-1141,Investicijske studije proizvodnje papirne toaletne konfekcije izradilo je društvo iz Slovenije.,HR,train_file,1141,3211,667,train,ucenje,P_Neutral,P_Neutral,P_Neutral,Neutral,dva_kodera_i_uskladjenje
train-1145,"Nije se povećao broj upisa na fakultet, nije se povećao broj planski novih ljudi i danas imamo situaciju da nedostaje 300 internista, 340 kirurga, 130 timova obiteljske medicine.",HR,train_file,1145,16268,2276,train,ucenje,Negative,Negative,Negative,Negative,dva_kodera_i_uskladjenje
train-1151,Dakle s druge strane kad govorite o državnom proračunu i o ovom rebalansu državnog proračuna onda zapravo taj kriterij kojega ste primijenili na jedinice lokalne samouprave više ne vrijedi.,HR,train_file,1151,119565,77,train,ucenje,Negative,N_Neutral,N_Neutral,Neutral,dva_kodera_i_uskladjenje
train-1152,"Međutim, zbog oporavka i stabilizacije političko sigurnosnih situacija na Mediteranu, te zbog iseljavanja stanovnika iz RH, turističke djelatnosti su se našle u nezavidnoj situaciji.",HR,train_file,1152,137863,2030,train,ucenje,Negative,Negative,Negative,Negative,dva_kodera_i_uskladjenje
train-1154,Uvjerena sam da smo suglasni kako moramo osigurati da šport u potpunosti razvije svoje pozitivne potencijale među kojima želim još jedanputa istaknuti iznimno važne različite društvene i gospodarske uloge.,HR,train_file,1154,70347,490,train,ucenje,Positive,Positive,Positive,Positive,dva_kodera_i_uskladjenje
train-1156,"Što se tiče kaznenih prijava protiv nepoznatih počinitelja kaznenog djela, došlo je do pada ovih kaznenih prijava za 9,6%.",HR,train_file,1156,79923,758,train,ucenje,Positive,P_Neutral,P_Neutral,Neutral,dva_kodera_i_uskladjenje
train-1162,Počevši od 2011. godine područje Sredozemlja je pod stalnim pritiskom uvjetovanim priljevom ilegalnih imigranata primarno iz Tunisa i Libije.,HR,train_file,1162,115734,655,train,provjera,Negative,Negative,Negative,Negative,dva_kodera_i_uskladjenje
train-1163,Zbog čega imamo toliki broj u okviru pregovaračkoga tima po poglavljima.,HR,train_file,1163,83894,39,train,provjera,N_Neutral,N_Neutral,N_Neutral,Neutral,dva_kodera_i_uskladjenje
train-1165,"Hrvatska javnost je zbog toga mogla zadnjih mjesec i pol dana svjedočiti dnu dna morala, neetičnosti, nebrige za opće dobro.",HR,train_file,1165,38557,2502,train,ucenje,Negative,Negative,Negative,Negative,dva_kodera_i_uskladjenje
train-1170,Usprkos rasta bruto društvenog proizvoda od 6% bez privatizacije svi smo mi svjesni doći će u pitanje socijalni programi i umjesto privatizacije vrijeme je da počnemo razmišljati o revizijama.,HR,train_file,1170,94641,388,train,ucenje,M_Negative,M_Negative,M_Negative,Negative,dva_kodera_i_uskladjenje
train-1175,"Dakle, dvije činjenice ili dvije magle koje su prikrivale zapravo problem ovom konvencijom se razbistravaju.",HR,train_file,1175,45871,1939,train,ucenje,M_Negative,M_Positive,M_Positive,Positive,dva_kodera_i_uskladjenje
train-1176,"Uvedimo ga u osnovnu školu, u sve razrede, u svim osam razreda osnovne škole i kroz sva četiri razreda srednje škole.",HR,train_file,1176,39274,1565,train,ucenje,P_Neutral,Positive,P_Neutral,Neutral,dva_kodera_i_uskladjenje
train-1177,"To je jedan blagoslovljeni, ozarena situaciju u kojoj ljudi žive i majka i otac, i ne možete vi nametnuti rješenje da baš otac mora uzeti hoće ili neće.",HR,train_file,1177,94804,627,train,ucenje,M_Negative,M_Positive,M_Negative,Negative,dva_kodera_i_uskladjenje
train-1179,"I to apsolutno je nešto što nije dobro, ali ne samo da pitam sebe.",HR,train_file,1179,34500,2438,train,ucenje,Negative,Negative,Negative,Negative,dva_kodera_i_uskladjenje
train-1180,"""Red Hrvatskog križa"" dodjeljuje se hrvatskim i stranim državljanima za sudjelovanje u Domovinskom ratu ako su pri tome bili teško ranjeni.",HR,train_file,1180,25868,2436,train,ucenje,N_Neutral,N_Neutral,N_Neutral,Neutral,dva_kodera_i_uskladjenje
train-1181,Osnova poboljšanja mladih je njihov stabilan radni odnos koji će potaknuti poslodavce na ulaganje u njihovo dodatno stjecanje znanja i vještina.,HR,train_file,1181,31512,708,train,ucenje,Positive,Positive,Positive,Positive,dva_kodera_i_uskladjenje
train-1182,"Hvala poštovani predsjedniče, uvažena ministrice, ja ću se osvrnuti na vaše uvodno izlaganje i reći da ono nije bilo ugodno.",HR,train_file,1182,122307,2287,train,ucenje,Negative,Negative,Negative,Negative,dva_kodera_i_uskladjenje
train-1184,"Evo i ja da iskoristim ovu priliku jer ovo je zaista za Guinessovu knjigu rekorda, 18 zakona, paket zakona koji su stupili na snagu a mi ih danas raspravljamo.",HR,train_file,1184,65244,1769,train,ucenje,Negative,M_Positive,Negative,Negative,dva_kodera_i_uskladjenje
train-1187,"Kolega Sanader, idealna je prilika u ovakvoj replici pokazati jedinstvo.",HR,train_file,1187,196880,1894,train,provjera,Positive,M_Positive,Positive,Positive,dva_kodera_i_uskladjenje
train-1190,Tijekom 2016. godine najviše je bjegova evidentirano u kategoriji zlouporabe pogodnosti i nepovratka s prekida kazne.,HR,train_file,1190,75486,2055,train,ucenje,Negative,N_Neutral,N_Neutral,Neutral,dva_kodera_i_uskladjenje
train-1194,"Ljudi nam se javljaju, evo meni iz moje Neretve kažu ovaj daj nešto napravi, ovo je smiješno, mi imamo zemlju u drugim općinama i gradovima, u Neretvi imamo velike probleme.",HR,train_file,1194,196969,1585,train,ucenje,Negative,Negative,Negative,Negative,dva_kodera_i_uskladjenje
train-1195,Smatram da se radi o logičnim pitanjima i da bi premijeru bilo bolje da na njih ogovori nego da difamira one koji su postavili pitanja.,HR,train_file,1195,161394,110,train,ucenje,M_Negative,M_Negative,M_Negative,Negative,dva_kodera_i_uskladjenje
train-1196,"Naime, ovim Zakonom se utvrđuju područja o kojima bi Republika Hrvatska trebala posebno skrbiti raznim poticajnim mjerama za razvitak i obnovu.",HR,train_file,1196,33914,310,train,ucenje,P_Neutral,P_Neutral,P_Neutral,Neutral,dva_kodera_i_uskladjenje
train-1197,"Priređivale predstave, podržavale moral borcima bilo je i ozbiljnih i kraćih predstava, već prema uvjetima.",HR,train_file,1197,20973,1645,train,ucenje,Positive,P_Neutral,P_Neutral,Neutral,dva_kodera_i_uskladjenje
train-1200,"Znamo i koncept kolektivne sigurnosti, šta on znači, znamo i koje obveze proizlaze za našu zemlju kao članice obrambenih saveza ili drugih međunarodnih asocijacija, uključujući Ujedinjenih naroda, ne samo NATO-a.",HR,train_file,1200,100931,1329,train,ucenje,N_Neutral,P_Neutral,P_Neutral,Neutral,dva_kodera_i_uskladjenje
train-1203,"Ministar obrane ministarstva, imalo bi po ovom amandmanu punu inicijativu za rješavanje problema, a osobe koje će se uklopiti u kriterije postat će generali potpisom predsjednice RH.",HR,train_file,1203,76782,755,train,ucenje,P_Neutral,P_Neutral,P_Neutral,Neutral,dva_kodera_i_uskladjenje
train-1204,Nemojte da nam se desi ono čemu je bila prilika i ovdje govoriti a to je legalno i ilegalno oružje.,HR,train_file,1204,28698,704,train,ucenje,Negative,Negative,Negative,Negative,dva_kodera_i_uskladjenje
train-1208,"Nije bilo dovoljno što su u agresiji izgubili sve, potom i radna mjesta u privatizaciji, nego su ih i treći puta prevarili nagovorivši ih da darovane dionice prodaju po desetrostruko manjim cijenama.",HR,train_file,1208,44043,1498,train,ucenje,Negative,Negative,Negative,Negative,dva_kodera_i_uskladjenje
train-1214,Republika Hrvatska postala je punopravnom članicom Svjetske poštanske unije 1992. godine polaganjem isprava o pristupu Uniji i temeljnim aktima Unije.,HR,train_file,1214,12255,1922,train,provjera,P_Neutral,P_Neutral,P_Neutral,Neutral,dva_kodera_i_uskladjenje
train-1216,"Znači dozvoljavamo vam sektorske zakone za potpomognuta područja, da možete imati mjere s kojima poboljšavate uvjete života na tim prostorima.",HR,train_file,1216,93217,771,train,ucenje,Positive,Positive,Positive,Positive,dva_kodera_i_uskladjenje
train-1217,"Interesantno kako samo ova liberalna ljevica žali za Majom Sever, dok ja bih se usudio reći jedan veći dio Hrvatske ne žali za emisijom Maje Sever.",HR,train_file,1217,65297,1874,train,ucenje,Negative,M_Positive,M_Negative,Negative,dva_kodera_i_uskladjenje
train-1221,"Tko, što je sad smisao bio čitavog ovog iznosa od 500 i nešto ili koliko ovdje 380 zapravo u 2013. godini jamstava u poljoprivredu raznih?",HR,train_file,1221,81820,2138,train,ucenje,N_Neutral,Negative,N_Neutral,Neutral,dva_kodera_i_uskladjenje
train-1224,"Šesto, osigurati multidisciplinarni pristup u postupku vještačenja radi ostvarivanja rodiljnih i roditeljskih potpora u sustavu zdravstva, odnosno ubrzati ustrojavanje jedinstvenog tijela vještačenja za sve sustave.",HR,train_file,1224,8641,57,train,ucenje,Positive,Positive,Positive,Positive,dva_kodera_i_uskladjenje
train-1227,"Znači što možemo napraviti, ja mislim da ćemo napraviti za mlade u RH jer problem demografije i mladih je ono čime će se ova Vlada itekako uhvatiti u koštac.",HR,train_file,1227,10814,2327,train,ucenje,M_Positive,M_Positive,M_Positive,Positive,dva_kodera_i_uskladjenje
train-1230,Cijela 2016. godina nije se učinilo apsolutno ništa po pitanju mjera smanjenja emisija stakleničkih plinova u RH a pogotovo iz prometa.,HR,train_file,1230,12916,1514,train,provjera,Negative,Negative,Negative,Negative,dva_kodera_i_uskladjenje
train-1233,"Ali, dobro, to je očito prihvaćena činjenica da postoji ilegalno potkupljivanje kandidata.",HR,train_file,1233,133111,1650,train,provjera,Negative,Negative,Negative,Negative,dva_kodera_i_uskladjenje
train-1235,Ja sam jedno od pozitivnih strana ovog zakona spomenuo i rekao sam ako to dovede do ubrzanja postupka rješavanja papira i papirologije to je dobar pomak.,HR,train_file,1235,53878,2237,train,ucenje,Positive,Positive,Positive,Positive,dva_kodera_i_uskladjenje
train-1236,"I upravo je to, treba pojačati kapacitete potrošnje, potražnje na tržištu da bismo onda mogli sačuvati postojeće stanje i možda nadoknadili gubitke.",HR,train_file,1236,194664,2209,train,ucenje,M_Positive,M_Negative,M_Positive,Positive,dva_kodera_i_uskladjenje
train-1237,"… /Govornik nije uključen, ne razumije se./…",HR,train_file,1237,7466,1791,train,ucenje,N_Neutral,N_Neutral,N_Neutral,Neutral,dva_kodera_i_uskladjenje
train-1240,"Prema tome pripuštanje takvih malih stranaka čudnih ljudi, čudnih ambicija, stranaka koje de facto ne postoje.",HR,train_file,1240,96689,1457,train,ucenje,Negative,Negative,Negative,Negative,dva_kodera_i_uskladjenje
train-1243,"Svjedoci smo nesigurnosti u željezničkom prometu, svjedoci smo učestalih željezničkih nesreća u kojima su tragične sudbine i osoblja ali i putnika u željeznici.",HR,train_file,1243,73567,498,train,ucenje,Negative,Negative,Negative,Negative,dva_kodera_i_uskladjenje
train-1244,"Protiv gospodina Ronka, koliko ja znam, je podnešena jedna jedina kaznena prijava i to povjerenika hrvatske Vlade kada su ga obasule mjenice koje su do tad skrivane i dilano s njima.",HR,train_file,1244,36701,1731,train,ucenje,M_Negative,Negative,Negative,Negative,dva_kodera_i_uskladjenje
train-1248,"Nadalje, jasno su definirana pravila oko označavanja, oko sustava kontrole, odnosno pravila u upravnom i inspekcijskom nadzoru.",HR,train_file,1248,62826,2194,train,ucenje,P_Neutral,P_Neutral,P_Neutral,Neutral,dva_kodera_i_uskladjenje
train-1249,Kao što vidimo danas Vlada bez Sabora povećava troškove proračuna za 250 milijuna kuna.,HR,train_file,1249,38899,1782,train,ucenje,Negative,Negative,Negative,Negative,dva_kodera_i_uskladjenje
train-1252,Ali tog bio dizela mora biti u dogovorenoj količini u prometu u svakoj litri goriva.,HR,train_file,1252,72561,366,train,ucenje,P_Neutral,N_Neutral,P_Neutral,Neutral,dva_kodera_i_uskladjenje
train-1254,"Međutim, nismo odgovorili na pitanje tko će snositi odgovornost.",HR,train_file,1254,49147,562,train,ucenje,Negative,N_Neutral,Negative,Negative,dva_kodera_i_uskladjenje
train-1257,"Ovdje radimo, donosimo jedan zakon koji je od velike važnosti za RH, za njene građane, za poljoprivrednu proizvodnju i za okoliš.",HR,train_file,1257,64714,587,train,ucenje,Positive,Positive,Positive,Positive,dva_kodera_i_uskladjenje
train-1259,"Prvo, tko će odgovarati za to kako i zašto je do ovako velikog duga Agrokora došlo kako unutrašnjeg tako i vanjskog prema državi i prema dobavljačima.",HR,train_file,1259,25152,2332,train,ucenje,Negative,Negative,Negative,Negative,dva_kodera_i_uskladjenje
train-1262,"Njegov ministar koji nije dovoljno častan čovjek da ponudi ostavku zbog vlastitog plagijata, nije bio dovoljno častan ni da smijeni onoga ravnatelja koji je zabranio izložbu o Ani Frank.",HR,train_file,1262,24534,696,train,ucenje,Negative,Negative,Negative,Negative,dva_kodera_i_uskladjenje
train-1265,"O norveškom modelu imati volontersko unajmljivanje plovila, recimo Gorana Ivaniševića i drugih ljudi koji imaju potencijal…",HR,train_file,1265,81384,37,train,ucenje,P_Neutral,Positive,P_Neutral,Neutral,dva_kodera_i_uskladjenje
train-1266,"Ovaj zakon je loš po tome što ima samo jednu zapovjednu liniju, sve ovlasti ima glavni ravnatelj.",HR,train_file,1266,71007,2478,train,ucenje,Negative,Negative,Negative,Negative,dva_kodera_i_uskladjenje
train-1267,"Zatim, ovim će se prijedlogom zakona smanjiti i prihodi od prireza i poreza na dodatak proračuna lokalne samouprave što se nigdje u obrazloženju prijedloga zakona ne spominje.",HR,train_file,1267,38158,51,train,provjera,Negative,Negative,Negative,Negative,dva_kodera_i_uskladjenje
train-1268,Slijedeći Klub zastupnika HSS-a u ime kojeg će govoriti poštovani zastupnik Davor Vlaović.,HR,train_file,1268,99530,781,train,ucenje,P_Neutral,P_Neutral,P_Neutral,Neutral,dva_kodera_i_uskladjenje
train-1270,Što se tiče veličine gradova koji bi dobili status velikog grada.,HR,train_file,1270,35798,1690,train,ucenje,P_Neutral,P_Neutral,P_Neutral,Neutral,dva_kodera_i_uskladjenje
train-1271,"Prvo ovako, sjajna je stvar i izuzetno podržavam povećanje proračuna Ministarstva kulture jer je odlično da je konačno dosegnuo razinu koju je imao u odnosu na proračun 2003. godine.",HR,train_file,1271,76256,371,train,provjera,Positive,M_Negative,Positive,Positive,dva_kodera_i_uskladjenje
train-1272,Ja sam upozorila da se protivim tome da se zaštite oni koji uvoze.,HR,train_file,1272,48978,1755,train,provjera,Negative,Negative,Negative,Negative,dva_kodera_i_uskladjenje
train-1279,"Prelazimo na izjašnjavanje o Prijedlogu zakona o dopunama Općeg poreznog zakona, prvo čitanje, P.Z. br. 12.",HR,train_file,1279,5524,518,train,provjera,P_Neutral,P_Neutral,P_Neutral,Neutral,dva_kodera_i_uskladjenje
train-1280,Očigledno pucaju šavovi u Kukuriku koaliciji i počinje biti tijesno u kokošinjcu.,HR,train_file,1280,17153,2169,train,ucenje,Negative,Negative,Negative,Negative,dva_kodera_i_uskladjenje
train-1281,"Devizno smo ovisni, uvozno smo ovisni, najveći deficit robne razmjene je energetika.",HR,train_file,1281,42621,450,train,provjera,Negative,Negative,Negative,Negative,dva_kodera_i_uskladjenje
train-1283,A ja tvrdim da državni odvjetnici i zamjenici državnih odvjetnika rade profesionalno i savjesno svoj posao.,HR,train_file,1283,185323,2463,train,ucenje,Positive,Positive,Positive,Positive,dva_kodera_i_uskladjenje
train-1285,Smatram da se u tom dijelu ne smijemo politički dijeliti.,HR,train_file,1285,10552,84,train,ucenje,Negative,Positive,M_Negative,Negative,dva_kodera_i_uskladjenje
train-1286,Pred vama je konačni prijedlog Zakona o izmjenama i dopunama Zakona o javnom okupljanju.,HR,train_file,1286,11652,527,train,ucenje,P_Neutral,P_Neutral,P_Neutral,Neutral,dva_kodera_i_uskladjenje
train-1288,"Ja moram priznati da to meni, izgleda na način, kao da se mi recimo odlučimo, da imovinske kartice saborskih zastupnika se vodi u saboru?",HR,train_file,1288,88763,767,train,ucenje,Negative,M_Negative,Negative,Negative,dva_kodera_i_uskladjenje
train-1289,Ovaj institut predstavlja značajan i učinkovit način rješavanja sporova gdje dolazi do izražaja stručnost i kvaliteta rada.,HR,train_file,1289,185152,839,train,ucenje,Positive,Positive,Positive,Positive,dva_kodera_i_uskladjenje
train-1291,Također u zatvorima ni sanitarni čvorovi često nisu odvojeni od ostalih prostora što citiram „povremeno uzrokuje intenzivne neugodne mirise“.,HR,train_file,1291,8669,523,train,ucenje,Negative,Negative,Negative,Negative,dva_kodera_i_uskladjenje
train-1293,Najveći dobitnici ovih dvaju zakona koji su ključni zakoni u poreznoj reformi su zapravo banke.,HR,train_file,1293,20144,89,train,ucenje,Negative,N_Neutral,Negative,Negative,dva_kodera_i_uskladjenje
train-1294,I mene šokira činjenica da ovdje slušamo i sa strane oporbe i sa strane vladajućih izjave da školom trebaju upravljati menadžeri.,HR,train_file,1294,29070,705,train,provjera,Negative,Negative,Negative,Negative,dva_kodera_i_uskladjenje
train-1295,"Ja sam 100 posto uvjeren, a vjerujem i vi evo ovih dana raščišćava se i rasvjetljava ubojstvo mladog maturanta.",HR,train_file,1295,18925,2497,train,ucenje,M_Positive,M_Positive,M_Positive,Positive,dva_kodera_i_uskladjenje
train-1296,"I ja sam uvjeren ako ste našli pravu osobu, sad to je drugo pitanje da li ste našli pravu osobu za organizaciju jazz festivala.",HR,train_file,1296,51497,2277,train,ucenje,N_Neutral,M_Positive,N_Neutral,Neutral,dva_kodera_i_uskladjenje
train-1298,"Nepoznati počinitelji uglavnom se odnose na kaznena djela imovinske prirode, dakle krađe, teške krađe, razbojništva itd.",HR,train_file,1298,50936,1333,train,provjera,N_Neutral,N_Neutral,N_Neutral,Neutral,dva_kodera_i_uskladjenje
train-1300,"Zbog čega to ne bi mogao osigurati bilo tko tko je zainteresiran za te objekte, a zna se tko načelno financira zdravstvo, školstvo, kulturu i drugo.",HR,train_file,1300,12062,1872,train,ucenje,N_Neutral,M_Positive,N_Neutral,Neutral,dva_kodera_i_uskladjenje
train-1302,Što znači da će se samostalnim umjetnicima u daljnjem i dalje omogućiti korištenje izdataka u visini od 25%.,HR,train_file,1302,28833,23,train,ucenje,P_Neutral,P_Neutral,P_Neutral,Neutral,dva_kodera_i_uskladjenje
train-1304,Prema tome ovo će nam iz te perspektive i kvota i način glasovanja biti smiješni.,HR,train_file,1304,54264,469,train,ucenje,Negative,Negative,Negative,Negative,dva_kodera_i_uskladjenje
train-1305,"A ova politička akrobacija koja se ovdje izvodila, ma ne bi ona bila toliko ni strašna, da nema za posljedicu udar na one koji su najugroženiji.",HR,train_file,1305,115545,653,train,ucenje,Negative,Negative,Negative,Negative,dva_kodera_i_uskladjenje
train-1306,"Pred nama je, pozdravio bih naravno i obitelji nestalih u domovinskom ratu koji su ovdje sa nama i one koji nas prate i koji očekuju da se riješi znači broj njihovih najmilijih.",HR,train_file,1306,145192,816,train,provjera,Positive,Positive,Positive,Positive,dva_kodera_i_uskladjenje
train-1307,"Dragi prijatelji ja sam uvjeren u ovo, reforma za više zdravlja.",HR,train_file,1307,23889,419,train,ucenje,Positive,Positive,Positive,Positive,dva_kodera_i_uskladjenje
train-1312,I do kraja godine će rasti ono što ne smije rasti i padati će ono što ne bi smjelo padati.,HR,train_file,1312,59732,580,train,ucenje,Negative,Negative,Negative,Negative,dva_kodera_i_uskladjenje
train-1313,"I sve to i danas se naplaćiva iz džepova građana, gdje 4 milijarde kuna naknada i provizija, ne kamata.",HR,train_file,1313,65795,1877,train,provjera,Negative,Negative,Negative,Negative,dva_kodera_i_uskladjenje
train-1315,"Amandman broj 22 Kluba zastupnika SDP-a, tko je za?",HR,train_file,1315,84824,766,train,ucenje,P_Neutral,P_Neutral,P_Neutral,Neutral,dva_kodera_i_uskladjenje
train-1316,Mislim da porezna reforma koju ste predložili je za efekt imala to da je povećala onaj famozni jaz između bogatih i siromašnih.,HR,train_file,1316,38294,2086,train,ucenje,Negative,Negative,Negative,Negative,dva_kodera_i_uskladjenje
train-1318,"Branitelji koji su ostali invalidi, koji su većina od njih jedini hranitelji obitelji.",HR,train_file,1318,22046,2415,train,ucenje,Negative,Negative,Negative,Negative,dva_kodera_i_uskladjenje
train-1321,"Taj zakon ponovno je gurnut na kraj dnevnog reda što je štetno, neprirodno, politički štetno za sve nas pojedinačno pa za i vlast.",HR,train_file,1321,37102,315,train,ucenje,Negative,Negative,Negative,Negative,dva_kodera_i_uskladjenje
train-1322,Za počinjeni prijestup i prekršaj odgovoran je i treba biti kažnjen ali ima pravo na naknadu za oduzeto vlasništvo.,HR,train_file,1322,55322,326,train,ucenje,M_Positive,M_Negative,M_Positive,Positive,dva_kodera_i_uskladjenje
train-1327,"Iako ljubav i briga prema djeci nemaju cijene, reguliranjem prava, udomitelji bi također dobili sigurnost koju zaslužuju.",HR,train_file,1327,108769,2430,train,provjera,Positive,Positive,Positive,Positive,dva_kodera_i_uskladjenje
train-1328,Jer evo od '97. godine bilo je u Poreznoj upravi zaposleno 3285 djelatnika.,HR,train_file,1328,23028,1642,train,ucenje,P_Neutral,P_Neutral,P_Neutral,Neutral,dva_kodera_i_uskladjenje
train-1329,Dakle posao je rizik onaj koji ulazi u projekte ima rizik posebno privatnik.,HR,train_file,1329,95755,69,train,provjera,Negative,N_Neutral,N_Neutral,Neutral,dva_kodera_i_uskladjenje
train-1331,Ili ćemo biti dobri učenici i nešto napraviti za ovaj narod ili ćemo se morati kažem razići i u ovom Domu i na nivou Vlade.,HR,train_file,1331,5143,1941,train,ucenje,N_Neutral,M_Negative,M_Negative,Negative,dva_kodera_i_uskladjenje
train-1332,"Zahvaljujem poštovana potpredsjednice Hrvatskoga sabora, svoje pitanje upućujem Mirandu Mrsiću, ministru rada i mirovinskog sustava.",HR,train_file,1332,96874,71,train,provjera,Positive,P_Neutral,P_Neutral,Neutral,dva_kodera_i_uskladjenje
train-1333,"A što se tiče zlatnih igala, menagera godine ili im se opraštaju dugovi ili završe u zatvoru, ili su završili u stečaju i otpustili ljude.",HR,train_file,1333,51563,566,train,provjera,Negative,Negative,Negative,Negative,dva_kodera_i_uskladjenje
train-1335,"Da bi mogli planirati obitelj, da bi se mogli ženiti, da bi mogli imati djecu, to je nešto što mi danas u Hrvatskoj nemamo.",HR,train_file,1335,41474,2538,train,ucenje,Negative,Negative,Negative,Negative,dva_kodera_i_uskladjenje
train-1336,Nema nikakve odgovornosti i na žalost mogu konstatirati da će nas se vjerojatno u budućnosti ako budemo imali priliku opet dogoditi slična greška zato što nismo u stanju procesuirati one koji rade godinama kriminal.,HR,train_file,1336,3466,668,train,ucenje,Negative,Negative,Negative,Negative,dva_kodera_i_uskladjenje
train-1337,"Pooštravaju se zapriječene sankcije, pojačava se dodatna kazneno pravna zaštita bliskih osoba i osigurava kroz kazneni progon po službenoj dužnosti i u slučaju njegova počinjenja na štetu bliske osobe.",HR,train_file,1337,177768,833,train,ucenje,P_Neutral,N_Neutral,N_Neutral,Neutral,dva_kodera_i_uskladjenje
train-1339,"Poštovani kolega Bunjac, s većinom bi se složio vašega, međutim, ima nekih stvari koje ipak ne bi, mislim da ipak nekakva ratna prijetnja postoji, latentna u svijetu.",HR,train_file,1339,138576,1523,train,ucenje,M_Negative,M_Negative,M_Negative,Negative,dva_kodera_i_uskladjenje
train-1340,"I činjenica je da je zdravstvo i zdravlje ljudi vrlo osjetljiva tema, ali isto tako točno je da su problemi sve veći i pacijenti sve nezadovoljniji stanjem u zdravstvu.",HR,train_file,1340,68781,359,train,ucenje,Negative,Negative,Negative,Negative,dva_kodera_i_uskladjenje
train-1342,"Na kraju krajeva, mi svi imamo roditelje, djecu, obitelji i to je naša utjeha, a vlast, kažem, prvenstveno treba služiti da rješava probleme.",HR,train_file,1342,3933,268,train,ucenje,Positive,M_Positive,M_Positive,Positive,dva_kodera_i_uskladjenje
train-1344,"Međutim, ovaj zakon prije što smo donijeli, činjenica da će biti više ljudi raditi u savjetodavnim službama nego što imamo poljoprivrednika i OPG-ova, to je činjenica i to je žalosno.",HR,train_file,1344,69006,749,train,provjera,Negative,Negative,Negative,Negative,dva_kodera_i_uskladjenje
train-1347,Nakon svega nekoliko mjeseci komentiranja u emisiji „Nedjeljom u 2“ Aleksandra Stankovića popularni bloger Jadranko Hodak koji je široj javnosti poznatiji kao bloger Krule ostao je bez angažmana.,HR,train_file,1347,101708,102,train,ucenje,Negative,N_Neutral,Negative,Negative,dva_kodera_i_uskladjenje
train-1348,I ono što je također za naglasiti da će ova dodatna rješenja biti trošak otprilike oko tri milijuna kuna godišnje.,HR,train_file,1348,22012,693,train,ucenje,Negative,Negative,Negative,Negative,dva_kodera_i_uskladjenje
train-1350,"Ako je ubio mog oca, sestru, brata, ja neću vratiti istom mjerom nego ću poštovati život njegova oca, njegova sina, brata i sestre."".",HR,train_file,1350,95949,1906,train,ucenje,M_Negative,M_Negative,M_Negative,Negative,dva_kodera_i_uskladjenje
train-1352,"Jedno pitanje koje me zanima, da li razmatrate da se sredstva Hrvatskog olimpijskog odbora namijenjena za Olimpijske igre ove godine također preusmjere obzirom da Olimpijskih igara neće biti?",HR,train_file,1352,199700,1432,train,provjera,N_Neutral,N_Neutral,N_Neutral,Neutral,dva_kodera_i_uskladjenje
train-1353,"To je pitanje i onda kakvu kvalitetu škola imate, kakvu kvalitetu vrtića imate, kakvu kvalitetu javnog prijevoza imate, kakvu kanalizaciju imate, kakve imate ceste.",HR,train_file,1353,59147,336,train,ucenje,P_Neutral,N_Neutral,N_Neutral,Neutral,dva_kodera_i_uskladjenje
train-1355,"Treba osigurati financije za kvalitetan šport, vrhunski šport, da ne govorim i za amaterski šport.",HR,train_file,1355,58234,334,train,ucenje,Positive,M_Positive,P_Neutral,Neutral,dva_kodera_i_uskladjenje
train-1356,"Imamo jednu zakonitu, odlučnu i nadasve kontroliranu službu koja daje jedan proizvod koji se zove javna sigurnost svima nama.",HR,train_file,1356,103786,1406,train,ucenje,Positive,Positive,Positive,Positive,dva_kodera_i_uskladjenje
train-1357,"Prijeti se, Plenković prijeti zastupnicima anonimnim informacijama u Jutarnjem listu koji daju podršku nastavnicima u njihovoj pravednoj borbi da se izbore za veće koeficijente.",HR,train_file,1357,177887,2593,train,ucenje,Negative,M_Negative,Negative,Negative,dva_kodera_i_uskladjenje
train-1358,"Pogledajte broj kolko je se povećao u županijama i ne znamo, evo ja u svojoj opće ne znam kolki je broj zaposlenih jel ne moremo dobiti podatak.",HR,train_file,1358,150701,2074,train,ucenje,Negative,M_Negative,Negative,Negative,dva_kodera_i_uskladjenje
train-1359,I umjesto da se uhvatilo u koštac sa strukturnim problemima Vlada superhikovski štedi uzimajući siromašnima i dajući bogatima ali ne da bi oni investirali nego da se krpaju njihove nasušne potrebe bogatih pojedinaca.,HR,train_file,1359,37710,2182,train,ucenje,Negative,Negative,Negative,Negative,dva_kodera_i_uskladjenje
train-1360,Da li ostvaruje svoj dohodak kao samostalnih poduzetnik pa s tog osnova ostvaruje.,HR,train_file,1360,57695,735,train,ucenje,P_Neutral,N_Neutral,P_Neutral,Neutral,dva_kodera_i_uskladjenje
train-1369,"Vrlo lako, drugi problem, može se dogoditi da naši građani se mogu nać u situaciji da nisu jednaki pred zakonom.",HR,train_file,1369,157583,823,train,ucenje,Negative,Negative,Negative,Negative,dva_kodera_i_uskladjenje
train-1371,"Upravo zbog transparentnosti, ali ne samo zbog Europe, upravo zbog nas koji živimo u Hrvatskoj i koji želimo da Hrvatska može servisirate svoje obveze u idućem vremenu.",HR,train_file,1371,76841,1835,train,ucenje,Positive,M_Positive,Positive,Positive,dva_kodera_i_uskladjenje
train-1375,A ja mislim da je to samo znak privrženosti i ljubavi prema sredini u kojoj živim i radim.,HR,train_file,1375,58077,1314,train,ucenje,Positive,Positive,Positive,Positive,dva_kodera_i_uskladjenje
train-1376,"Primjer broj jedan, Državna komisija uzima si u svojim odlukama čak i ovlasti naručitelja za koje nisu ovlašteni jer člankom 69.zakona propisano je da uvijete određuje naručitelj a ne komisija.",HR,train_file,1376,2106,2546,train,ucenje,Negative,M_Negative,Negative,Negative,dva_kodera_i_uskladjenje
train-1378,"Drži se načela isto tako kao i vitez od jeruzalemskog roba, neki kažu sada ga zovu od istambulskog, pa ja ne znam sad točno kakav je točan naziv.",HR,train_file,1378,133960,1746,train,ucenje,Negative,M_Negative,Negative,Negative,dva_kodera_i_uskladjenje
train-1380,"I danas je to sasvim normalno da se pri svečanim prigodama svira hrvatska himna i Istarska himna, što smo se zalagali za prava manjina, što smo se zalagali za policentrični razvoj.",HR,train_file,1380,1111,2064,train,provjera,Positive,Positive,Positive,Positive,dva_kodera_i_uskladjenje
train-1381,"To je ono što nas treba posebno brinuti, ne samo zbog ekološkog dijela nego i zbog sigurnosti, sigurnosti na cestama.",HR,train_file,1381,141281,807,train,ucenje,Negative,M_Negative,Negative,Negative,dva_kodera_i_uskladjenje
train-1382,"Gospodine reiner, moja majka je doktor medicine, moj otac je inženjer građevine i ima određenu širinu i kako bi ukazao na konačnu misao nekad moram napraviti manju digresiju.",HR,train_file,1382,27083,701,train,provjera,P_Neutral,M_Positive,P_Neutral,Neutral,dva_kodera_i_uskladjenje
train-1385,"Pitanje koje ovdje postavljate i vi ih ustvari želite, nema nikakve dvojbe da ćete zato glasovati.",HR,train_file,1385,39527,2405,train,ucenje,M_Positive,M_Negative,M_Positive,Positive,dva_kodera_i_uskladjenje
train-1386,Agencija je dala službeno očitovanje u kojemu se eksplicite navodi da u postojećim propisima koji reguliraju pitanje registra nije predviđena objava što znači da Vlada ne mora objaviti registar.,HR,train_file,1386,5571,399,train,ucenje,P_Neutral,N_Neutral,N_Neutral,Neutral,dva_kodera_i_uskladjenje
train-1388,"Zamislite da se nisu skandalizirali, prvi bi se mi zabrinuli.",HR,train_file,1388,111315,2161,train,ucenje,Negative,M_Negative,Negative,Negative,dva_kodera_i_uskladjenje
train-1391,Vjerojatno Europska unija pere dio svoje nečiste savjesti zbog toga što je u jednom trenutku bombardirala Srbiju i putem NATO-a itd.,HR,train_file,1391,68625,486,train,ucenje,Negative,Negative,Negative,Negative,dva_kodera_i_uskladjenje
train-1392,"A sa vama se apsolutno slažem i mogao bih puno pričati iz svog osobnog iskustva na način na koji se kupuju glasovi na lokalnim izborima, kako se troši novac i što se radi.",HR,train_file,1392,43513,1556,train,provjera,Negative,Negative,Negative,Negative,dva_kodera_i_uskladjenje
train-1393,S druge strane djelovali ste mi kako mi u zagrebu kažemo dosta …/govornik se ne razumije./…,HR,train_file,1393,21575,691,train,ucenje,N_Neutral,N_Neutral,N_Neutral,Neutral,dva_kodera_i_uskladjenje
train-1395,"Suzdržano se mišljenje daje u situaciji kada nemamo dokumenata, kada ne raspolažemo dokumentacijom, ne možemo utvrditi u što su sredstva utrošena.",HR,train_file,1395,20845,2449,train,ucenje,N_Neutral,M_Negative,N_Neutral,Neutral,dva_kodera_i_uskladjenje
train-1396,"Međutim, poput ohole rodbine bogataša iz usporedbe sa siromašnim Lazarom, vi i vaša rodbina, odbijaju prihvatiti ovu očitu istinu.",HR,train_file,1396,61485,97,train,ucenje,Negative,Negative,Negative,Negative,dva_kodera_i_uskladjenje
train-1398,Pa evo nije prošlo dugo vremena kad smo bili u jednoj parlamentarnoj krizi koja je nastupila neodgovornim ponašanjem i nedemokratskim ponašanjem zastupnika u Hrvatskom saboru.,HR,train_file,1398,31381,26,train,ucenje,Negative,N_Neutral,Negative,Negative,dva_kodera_i_uskladjenje
train-1399,"Dakle, iznos osiguranih depozita porastao je za 80% u odnosu na 2005., a iznos naplaćene premije porastao je za 48% u odnosu na 2005.",HR,train_file,1399,44693,2532,train,ucenje,Positive,P_Neutral,P_Neutral,Neutral,dva_kodera_i_uskladjenje
train-1400,"Osvrnimo se oko sebe, priteknimo u pomoć najbližima, prijateljima, susjedima, osobitu pažnju posvetimo starijima ili onima s poteškoćama.",HR,train_file,1400,191376,2018,train,ucenje,Positive,Positive,Positive,Positive,dva_kodera_i_uskladjenje
train-1401,"Na koncu, želim reći i to da ovako postavljeno, ovako postavljen problem u kojem dominira rasprava o našim osjećajima prema Slavonskom Brodu nije dobar.",HR,train_file,1401,120285,662,train,ucenje,Negative,Negative,Negative,Negative,dva_kodera_i_uskladjenje
train-1404,"Vi govorite o poreznom rasterećenju čak 9 milijardi kuna, ma nije istina, nije istina.",HR,train_file,1404,173493,1473,train,ucenje,Negative,Negative,Negative,Negative,dva_kodera_i_uskladjenje
train-1405,"Racionalizacije nema, već samom činjenicom što županije preuzimaju državne službenike iz ureda državne uprave kao i činjenicom da se jednom manjem broju njih otplaćuju ogromne otpremnine.",HR,train_file,1405,159092,109,train,ucenje,Negative,Negative,Negative,Negative,dva_kodera_i_uskladjenje
train-1408,"Od svog ugleda do socijalnog mira i društvenog napretka, a što je najvažnije do cjelovite integracije Roma u hrvatsko društvo.",HR,train_file,1408,47999,1472,train,provjera,Positive,Positive,Positive,Positive,dva_kodera_i_uskladjenje
train-1409,"Kolega kajin, s vama bi se svakako mogla složiti da ova agencija radi za pet, to je uistinu dobra agencija i programe koja ona provodi su jako važni.",HR,train_file,1409,109032,645,train,ucenje,Positive,Positive,Positive,Positive,dva_kodera_i_uskladjenje
train-1411,Da nisu ugovarale CHF kredite mi bi smo preko toga prešli kao da se to nije dogodilo.,HR,train_file,1411,68299,2263,train,provjera,Negative,M_Negative,M_Negative,Negative,dva_kodera_i_uskladjenje
train-1412,Štoviše smatramo da država brani svoj ugled samo onda ako brani svoja prava koja joj jamči Konvencija Ujedinjenih naroda o pravu mora i povelja Ujedinjenih naroda.,HR,train_file,1412,81295,375,train,ucenje,P_Neutral,P_Neutral,P_Neutral,Neutral,dva_kodera_i_uskladjenje
train-1413,Prema odredbama važećeg zakona o propisano je da besplatnu pravnu pomoć nema tražitelj azila za kojega se na temelju činjenica utvrđenih u prvostupanjskom postupku može procijeniti da nema uspjeha u postupku.,HR,train_file,1413,55375,1820,train,ucenje,N_Neutral,N_Neutral,N_Neutral,Neutral,dva_kodera_i_uskladjenje
train-1415,"O tom poslu treba puno znati od pristupa pacijentu, manipuliranje s pacijentom i sve ono što se dešava.",HR,train_file,1415,24054,420,train,ucenje,P_Neutral,M_Negative,P_Neutral,Neutral,dva_kodera_i_uskladjenje
train-1416,A to dalje implicira preciziranje zakona koji moraju biti doneseni i u kojem roku.,HR,train_file,1416,40900,1654,train,ucenje,P_Neutral,P_Neutral,P_Neutral,Neutral,dva_kodera_i_uskladjenje
train-1419,"A država je tu da nas sve zaštiti od ovakvih predatora, od sitnih ovakvih prekupaca koji koriste ljudsku nevolju da bi sebe obogatili i tome treba stati na kraj.",HR,train_file,1419,180556,1319,train,ucenje,M_Negative,Negative,Negative,Negative,dva_kodera_i_uskladjenje
train-1420,"Ta vam odredba možda treba za dan poslije da imate nekakva odstupanja kada se krene raditi da oni imaju, ali to nema veze sa ovom ugrozom koja je sa.",HR,train_file,1420,196737,117,train,ucenje,M_Negative,M_Negative,M_Negative,Negative,dva_kodera_i_uskladjenje
train-1422,"E sada, konkretno oko tog protokola i rasprave koja se danas vodi tu.",HR,train_file,1422,58746,335,train,provjera,P_Neutral,P_Neutral,P_Neutral,Neutral,dva_kodera_i_uskladjenje
train-1423,"Naime, gotovo je nerazumno da netko tko sjedi u ovoj sabornici, tko dobiva ispred sebe proračun, materijale vezano uz to izgovara neistine tipa da se ništa nije ulagalo u proteklom razdoblju.",HR,train_file,1423,17297,409,train,ucenje,Negative,Negative,Negative,Negative,dva_kodera_i_uskladjenje
train-1424,Ovdje je vidljivo da sve osobe s invaliditetom nisu jednako ovisne o uzroku invalidnosti.,HR,train_file,1424,87276,1735,train,ucenje,N_Neutral,N_Neutral,N_Neutral,Neutral,dva_kodera_i_uskladjenje
train-1426,"Ovo doista nije zakon koji zadire u suštinu stvari, koji nije nekakav strukturni zakon.",HR,train_file,1426,79946,1976,train,ucenje,Negative,Negative,Negative,Negative,dva_kodera_i_uskladjenje
train-1427,Prijedlogom ovog zakona se također rješavaju i nedostatci uočeni kod primjene instituta osiguranja potraživanja radnika u slučaju blokade računa poslodavca koji su uočeni u postupovnim odredbama.,HR,train_file,1427,33267,2301,train,ucenje,P_Neutral,P_Neutral,P_Neutral,Neutral,dva_kodera_i_uskladjenje
train-1428,Ako je vama u interesu da oporba uopće ne priča o problemima koji su u Hrvatskoj toliko golemi da ih ne možete savladati onda to javno recite.,HR,train_file,1428,112718,1451,train,provjera,Negative,Negative,Negative,Negative,dva_kodera_i_uskladjenje
train-1431,Dakle nedostatak rječice: «i» u potpunosti mijenja ovaj sadržaj i dovodi u nekakvu sumnju ustvari vaše namjere.,HR,train_file,1431,38381,317,train,ucenje,Negative,Negative,Negative,Negative,dva_kodera_i_uskladjenje
train-1432,"Još jednom ću vam ponoviti, ovdje se ne radi o depolitizaciji nego o politizaciji sustava i utvrđivanja svojih kadrova na terenu i uhljebljavanja, to je prvo.",HR,train_file,1432,156482,1339,train,ucenje,Negative,Negative,Negative,Negative,dva_kodera_i_uskladjenje
train-1435,Prema tome bolnički liječnik suočen sa nekim pacijentom ne može znati i ne zna koji su točno kriteriji za utvrđivanje sposobnosti i nesposobnosti za nošenje oružja.,HR,train_file,1435,8110,521,train,ucenje,Negative,Negative,Negative,Negative,dva_kodera_i_uskladjenje
train-1436,"I naravno, sada će ministar reći jeste ali mi bi imali veći manjak u proračunu ali imamo odgovore i na to, pa prema tome to ću reći nešto pri kraju.",HR,train_file,1436,4329,2134,train,provjera,M_Positive,M_Positive,M_Positive,Positive,dva_kodera_i_uskladjenje
train-1439,"Želim vas, dame i gospodo saborski zastupnici, također izvjestiti da sam kao potpredsjednica Vlade i resorna ministrica dogovorila osnivanje Savjeta za politiku stanovništva.",HR,train_file,1439,1483,1768,train,ucenje,Positive,Positive,Positive,Positive,dva_kodera_i_uskladjenje
train-1440,"S druge strane osigurali bi i isplatu i 75% plaće radnicima u tvrtkama pogođenima krizom, a najviše do iznosa 5.100,00 kn, jednostavno kako bi mogli preživjeti.",HR,train_file,1440,181059,2115,train,ucenje,M_Positive,M_Positive,M_Positive,Positive,dva_kodera_i_uskladjenje
train-1442,"Isto tako kada govorimo o reformaciji in capita in membris u hrvatskom Ustavu stoji da Hrvatski sabor ima najmanje 100 članova, a najviše 152.",HR,train_file,1442,88295,1588,train,ucenje,P_Neutral,P_Neutral,P_Neutral,Neutral,dva_kodera_i_uskladjenje
train-1443,"Ako se takav trend nastavi bit će to veliki udar i na državni proračun, pad se očekuje u turizmu, industriji, trgovini, prometu, očekujemo i pad izvoza te pad potrošnje.",HR,train_file,1443,192699,848,train,provjera,Negative,Negative,Negative,Negative,dva_kodera_i_uskladjenje
train-1444,"Ovim vidim već da je naš branitelj Purda Tihomir je bio optužen, Srbija ga optužila za zloćin, a Purda nikad nije bio u Srbiji.",HR,train_file,1444,68601,485,train,ucenje,Negative,Negative,Negative,Negative,dva_kodera_i_uskladjenje
train-1446,Jedan od njih je i taj da sve nelaglizirane građevine a ima ih kao što znamo oko 150 tisuća predstavljaju jedan ogroman mrtvi kapital.,HR,train_file,1446,75541,2578,train,ucenje,Negative,Negative,Negative,Negative,dva_kodera_i_uskladjenje
train-1448,Strateške karte buke i akcijski planovi u potpunosti moraju biti dostupni javnosti što je vrlo bitno sukladno posebnim propisima koji određuju informiranje i sudjelovanje javnosti i zainteresirane javnosti pitanjima zaštite okoliša.,HR,train_file,1448,27164,427,train,ucenje,P_Neutral,Positive,P_Neutral,Neutral,dva_kodera_i_uskladjenje
train-1451,Pa što se mene tiče nijednog građanina ispod 10 godina života u nekom gradu ne može i ne mora uvrstiti na listu.,HR,train_file,1451,100694,1476,train,ucenje,Negative,M_Negative,Negative,Negative,dva_kodera_i_uskladjenje
train-1452,"Hvala gospodine potpredsjedniče, uvažene kolegice i kolege, poštovani gosti.",HR,train_file,1452,11593,1312,train,provjera,Positive,Positive,Positive,Positive,dva_kodera_i_uskladjenje
train-1453,"Ako ta banka danas odluči usvojiti mjere tog kvantitativnog monetarnog popuštanja kako kaže kako bi potaknulo gospodarstvo u eurozoni tečaj eura mogao bi znatno pasti, a tečaj dolara odnosno švicaraca bitno porasti.",HR,train_file,1453,97139,2219,train,ucenje,M_Negative,M_Negative,M_Negative,Negative,dva_kodera_i_uskladjenje
train-1454,"I novim planom u 2020.godini će biti manjak općeg proračuna kojoj prema nacionalnoj metodologiji iznosit će 8 BDP-a ili 28,9 milijardi kuna.",HR,train_file,1454,206573,1589,train,ucenje,Negative,Negative,Negative,Negative,dva_kodera_i_uskladjenje
train-1456,"I ovaj u stvari zakon o minimalcu čak velim i ne bi bio toliko loš kad bi cjelokupna, dakle radna atmosfera, kad bi zakonodavstvo, pravosuđe, vlada radila svoj posao.",HR,train_file,1456,35418,712,train,provjera,Negative,M_Negative,M_Negative,Negative,dva_kodera_i_uskladjenje
train-1457,"Ja inače, ako ne umrežimo po vertikali nas i naše županije mislim da onda ne možemo i ne smijemo koristiti izraz: ""strategija"".",HR,train_file,1457,62868,345,train,provjera,Negative,N_Neutral,Negative,Negative,dva_kodera_i_uskladjenje
train-1458,Elaborat zaštite od požara izrađuje se samo za građevine skupine dva. i ono što je sad bitno elaborat može izraditi ovlašteni inžinjer za zaštitu od požara koji nakon izrade potpisuje elaborat.,HR,train_file,1458,14371,283,train,ucenje,P_Neutral,P_Neutral,P_Neutral,Neutral,dva_kodera_i_uskladjenje
train-1462,"Dijagnoza je točna, nisam i siguran da je i terapija, nisam siguran da je i terapija ispravna.",HR,train_file,1462,35792,28,train,ucenje,M_Negative,M_Negative,M_Negative,Negative,dva_kodera_i_uskladjenje
train-1463,"Jel znam evo u sinju je 10 metara od kuće, a piše gup-om da mora minimalno biti udaljen 50 metara od ovaj građevinskog zemljišta gdje je izgrađen objekat.",HR,train_file,1463,141731,808,train,ucenje,Negative,Negative,Negative,Negative,dva_kodera_i_uskladjenje
train-1466,Govorimo o području gdje su potrebe sve više što zbog konstantnog rasta turizma što zbog pozitivnog prirasta stanovništva.,HR,train_file,1466,143348,809,train,ucenje,M_Positive,M_Positive,M_Positive,Positive,dva_kodera_i_uskladjenje
train-1468,"Pa ispravio bi netočan navod kolege Kovačevića koji je dosadašnju ministricu zapravo optužio da je na neki način skrivala dokumente, odnosno da se do tih dokumenata teško dolazilo.",HR,train_file,1468,56272,327,train,ucenje,Negative,Negative,Negative,Negative,dva_kodera_i_uskladjenje
train-1470,Dakle ne trebamo možda to sad širiti dalje na strategije prometa i ostalo.,HR,train_file,1470,39213,1569,train,ucenje,N_Neutral,M_Negative,N_Neutral,Neutral,dva_kodera_i_uskladjenje
train-1471,"Primjer su izvanredni izbori u nekoj od općina, gradu ili županiji.",HR,train_file,1471,20853,1875,train,provjera,P_Neutral,P_Neutral,P_Neutral,Neutral,dva_kodera_i_uskladjenje
train-1472,"Kada je Hrvatska pokušala odustati od toga, MOL nas je tužio i tražio odštetu u milijardama kuna, a onda čudom odustao od naplate kamate i glavnice.",HR,train_file,1472,180377,836,train,ucenje,Negative,Negative,Negative,Negative,dva_kodera_i_uskladjenje
train-1475,Sukladno prijedlogu saborskih radnih tijela dajem na glasovanje sljedeći Zaključak: 1. Prihvaća se Prijedlog zakona o izmjenama i dopunama Zakona o zaštiti okoliša.,HR,train_file,1475,98101,779,train,ucenje,P_Neutral,P_Neutral,P_Neutral,Neutral,dva_kodera_i_uskladjenje
train-1476,"Jednostavno ministarstvo je objasnilo da je teško analizirati zapravo, a suština je upravo u tome da se analizira učinkovitost potpora i potpora u poljoprivredi posebno jer onda inspekcijski nadzor zapravo isto nema smisla.",HR,train_file,1476,31157,707,train,ucenje,Negative,Negative,Negative,Negative,dva_kodera_i_uskladjenje
train-1480,Iz svega što je rečeno sasvim je jasno kao i do sada Klub HDZ-a podupire ove prijedloge.,HR,train_file,1480,79262,1890,train,ucenje,Positive,Positive,Positive,Positive,dva_kodera_i_uskladjenje
train-1481,Taj problem je vezan i uz određivanje primjerene visine naknada za rad žalbenih vijeća s obzirom na specifičnost složenost predmeta kao i alociranja odgovarajućih proračunskih sredstava za njihovo financiranje.,HR,train_file,1481,81311,1724,train,ucenje,N_Neutral,N_Neutral,N_Neutral,Neutral,dva_kodera_i_uskladjenje
train-1482,Posve je poznato u znanosti u ovome segmentu koji se bavi između ostalog ocjenom sustava kako se on mjeri?,HR,train_file,1482,63411,2254,train,ucenje,P_Neutral,P_Neutral,P_Neutral,Neutral,dva_kodera_i_uskladjenje
train-1483,Zato što potrošači ne mogu odlagati potrošnju hrane i energije a to su dvije komponente kojima cijene u ovom trenutku u hrvatskoj padaju.,HR,train_file,1483,4001,670,train,ucenje,Positive,M_Positive,Positive,Positive,dva_kodera_i_uskladjenje
train-1485,"Postoje svega četiri izdavača brajevih izdanja udžbenika od kojih su Centar ""Vinko Beg"" i Hrvatska knjižnica za slijepe koja je javna ustanova a preostala dva su Hrvatski savez odnosno udruge slijepih.",HR,train_file,1485,44452,1806,train,ucenje,N_Neutral,M_Negative,N_Neutral,Neutral,dva_kodera_i_uskladjenje
train-1489,Zloupotreba ne ovisi samo o zakonu nego o zlim namjerama onih koji zakon primjenjuju.,HR,train_file,1489,20243,289,train,ucenje,Negative,Negative,Negative,Negative,dva_kodera_i_uskladjenje
train-1490,Strategija koja je zapravo kažu prvo treba biti ideja pa iz ideje se javlja strategija jel'.,HR,train_file,1490,39643,1538,train,ucenje,P_Neutral,M_Negative,P_Neutral,Neutral,dva_kodera_i_uskladjenje
train-1494,"Drugi pristup moguć je bio ostaviti ih odvojeno, pa da se svatko bori za svoje pozicije i da vidimo koji je ministar jači, i da taj ministar onda i pobjedi.",HR,train_file,1494,40,1780,train,ucenje,Negative,M_Negative,M_Negative,Negative,dva_kodera_i_uskladjenje
train-1496,To su ljudi koji sjede i koji znaju o čemu govorimo.,HR,train_file,1496,8386,2582,train,ucenje,P_Neutral,M_Positive,P_Neutral,Neutral,dva_kodera_i_uskladjenje
train-1500,"Dakle, radno vrijeme za sve u Hrvatskoj će biti ujutro od 7 sati do 14,30 i od 13,30 sati popodne radno vrijeme do 19 sati.",HR,train_file,1500,11711,2434,train,ucenje,P_Neutral,P_Neutral,P_Neutral,Neutral,dva_kodera_i_uskladjenje
train-1503,"Službeni podaci pokazuju, dakle da su te lebdeće čestice inhalibilne i da one prodiru u pluća, te da je moguće njihovo nakupljanje i slabi se sposobnost pluća.",HR,train_file,1503,32498,2216,train,ucenje,Negative,Negative,Negative,Negative,dva_kodera_i_uskladjenje
train-1510,"Nažalost, moja županija splitsko-dalmatinska županija prednjači u apsolutnom broju, dakle po broju nezaposlenosti u veljači, taj broj je bio 60 tisuća, to je 12,5% svih nezaposlenih u hrvatskoj.",HR,train_file,1510,51479,463,train,ucenje,Negative,Negative,Negative,Negative,dva_kodera_i_uskladjenje
train-1514,"Nadam se da neće biti čisto ono odbijamo, odbijamo, odbijamo, čisto iz protokolarno, nego da će biti u skladu sa zakonom.",HR,train_file,1514,122796,799,train,ucenje,M_Positive,M_Positive,M_Positive,Positive,dva_kodera_i_uskladjenje
train-1517,Želimo od jedne općine koja koliko toliko može funkcionirat napravit dva siromaha.,HR,train_file,1517,96566,393,train,ucenje,Negative,Negative,Negative,Negative,dva_kodera_i_uskladjenje
train-1519,"I najviše su oni ti koji se žale, koji svoje, koji upućuju žalbu državnoj komisiji zbog toga što smatraju da su u određenom dijelu samom postupka javne nabave zakinuti.",HR,train_file,1519,130411,801,train,provjera,Negative,Negative,Negative,Negative,dva_kodera_i_uskladjenje
train-1522,"Sljedeći se za repliku, odnosno ispričavam se, sljedeća se za repliku javila uvažena kolegica Anka Mrak-Taritaš, izvolite.",HR,train_file,1522,14316,1761,train,ucenje,Positive,P_Neutral,P_Neutral,Neutral,dva_kodera_i_uskladjenje
train-1524,A zapravo ovaj dio ako oni samo žele biti baza porezna da …,HR,train_file,1524,58457,64,train,ucenje,N_Neutral,P_Neutral,N_Neutral,Neutral,dva_kodera_i_uskladjenje
train-1525,"Ja se slažem da bude 0,0 alkohola, ali bilo je i teza da može se piti, ali ako pijete možete voziti.",HR,train_file,1525,18433,2523,train,ucenje,M_Negative,M_Positive,M_Negative,Negative,dva_kodera_i_uskladjenje
train-1526,"Ova porezna reforma koja je pred nama, o kojoj govorimo već dva dana zapravo može ići u dva smjera.",HR,train_file,1526,12876,2584,train,ucenje,Positive,M_Positive,M_Positive,Positive,dva_kodera_i_uskladjenje
train-1527,"Idući cilj nam je stambeno zbrinjavanje odnosno osnivanje svojih obitelji, mi ovdje potičemo i stambeno zbrinjavanje, a i osnivanje obitelji kroz porodiljne naknade i olakšavanje života svih naših sugrađana.",HR,train_file,1527,171423,830,train,ucenje,Positive,Positive,Positive,Positive,dva_kodera_i_uskladjenje
train-1528,Na kraju može se zaključiti da će mjesto u Upravnom vijeću biti vrlo traženo.,HR,train_file,1528,56383,2566,train,ucenje,P_Neutral,Positive,P_Neutral,Neutral,dva_kodera_i_uskladjenje
train-1530,"Fondovi su govorili građanima ovako, vele, vidite ekonomija raste, vrijednosti dionica jako brzo rastu i oni koji ulažu u dionice oni će ostvariti zaradu.",HR,train_file,1530,45373,723,train,provjera,Positive,Positive,Positive,Positive,dva_kodera_i_uskladjenje
train-1531,"Kolega friščić je rekao da ne dolazi u obzir da se u blagdanskom razdoblju rade ovakve ozbiljne stvari, da to treba ostaviti za poslije nove godine.",HR,train_file,1531,65803,484,train,ucenje,N_Neutral,N_Neutral,N_Neutral,Neutral,dva_kodera_i_uskladjenje
train-1532,A vi poput papagaja čitate Jutarnji list i uvjeravate sebe da ako je nešto pisalo u Jutarnjem listu da je istina. …,HR,train_file,1532,30928,2388,train,ucenje,Negative,Negative,Negative,Negative,dva_kodera_i_uskladjenje
train-1533,"Sporazum propisuje da bilo koje potrebne tehničke i administrativne dogovore vezane uz njegovu provedbu sklapaju odgovarajuća tijela Republike Hrvatske i glavni tajnik Vijeća Europske unije, visoki predstavnik za zajedničku vanjsku i sigurnosnu politiku.",HR,train_file,1533,25644,424,train,ucenje,P_Neutral,P_Neutral,P_Neutral,Neutral,dva_kodera_i_uskladjenje
train-1535,Vi gospodine ministre niste odgovorili kao ministar u hrvatskoj Vladi nego kao branitelj na sudu tog nepoznatog počinitelja i to je žalosno.,HR,train_file,1535,57358,329,train,provjera,Negative,Negative,Negative,Negative,dva_kodera_i_uskladjenje
train-1537,Imovinski cenzus građana sada postaje osobni kriterij za odlučivanje o plaćanju ili ne plaćanju dopunskog osiguranja od strane države. …/Upadica se ne razumije./…,HR,train_file,1537,53633,1626,train,provjera,N_Neutral,P_Neutral,P_Neutral,Neutral,dva_kodera_i_uskladjenje
train-1538,"Kad se nas ovdje proziva da želimo to otkriti, pa nam se onda podmeće da smo mi protiv branitelja.",HR,train_file,1538,20529,1486,train,ucenje,Negative,Negative,Negative,Negative,dva_kodera_i_uskladjenje
train-1539,"Ukupno je u RH od 1991. godine do 31.12.2015. godine u 1357 minskih incidenata i nesreća stradalo 1982 osobe, od čega 513 osoba smrtno.",HR,train_file,1539,75476,753,train,ucenje,Negative,N_Neutral,Negative,Negative,dva_kodera_i_uskladjenje
train-1540,"Dakle, agresijom velikosrpske agresije na RH prouzročena je i neizvjesnost u pogledu sudbine 18.000 zatočenih, nestalih i nasilno odvedenih Hrvatskih branitelja i civila.",HR,train_file,1540,136287,803,train,ucenje,Negative,Negative,Negative,Negative,dva_kodera_i_uskladjenje
train-1541,"Zato što ova reforma koja je najavljena ovom strategijom i brojnim zakonima, ne zna se što je prije, ali to je sada manje važno, ovoj prethodnoj raspravi.",HR,train_file,1541,62236,2122,train,ucenje,N_Neutral,M_Negative,N_Neutral,Neutral,dva_kodera_i_uskladjenje
train-1543,"Nadalje, htjela bih spomenuti prvi put ste uveli pojam djeca bez pratnje.",HR,train_file,1543,90924,1439,train,ucenje,P_Neutral,P_Neutral,P_Neutral,Neutral,dva_kodera_i_uskladjenje
train-1544,"Znači, učinkovit pravosudni sustav koji će na vrijeme unutar par godina kao što to radi normalan svijet, razvijeni svijet biti dosuđena pravomoćna presuda koja je pravedna.",HR,train_file,1544,53330,732,train,ucenje,P_Neutral,M_Positive,M_Positive,Positive,dva_kodera_i_uskladjenje
train-1546,Ali se u vašem mandatu dogodila velika pljačka kad je nestalo 10 kamera sa HRT-a.,HR,train_file,1546,185853,1886,train,ucenje,Negative,Negative,Negative,Negative,dva_kodera_i_uskladjenje
train-1547,Ne mogu ne spomenuti i ugovor jer je ovdje bilo dosta riječi o tome.,HR,train_file,1547,56524,1600,train,ucenje,P_Neutral,P_Neutral,P_Neutral,Neutral,dva_kodera_i_uskladjenje
train-1548,"Obično su kazne rezervirane za one male ribice, a velike ribe, kao što je jedna velika tuna Konzum završava sa rješenjima uvjetno o dopuštenoj koncentraciji i obično to tako ide.",HR,train_file,1548,34201,1891,train,ucenje,Negative,Negative,Negative,Negative,dva_kodera_i_uskladjenje
train-1550,Dakle ono što je strateško predmnijeva da je to zaista nešto vitalno značajno.,HR,train_file,1550,32974,2386,train,ucenje,P_Neutral,P_Neutral,P_Neutral,Neutral,dva_kodera_i_uskladjenje
train-1552,"Isto tako, Klub zastupnika Hrvatske demokratske zajednice podupire stajalište predlagatelja da će smanjenje poreza na dodanu vrijednost imati višestuke pozitivne makroekonomske efekte.",HR,train_file,1552,7867,273,train,ucenje,Positive,Positive,Positive,Positive,dva_kodera_i_uskladjenje
train-1553,Ali imao je sreće da nije nađen ni jedan članak zakona koji je prekršen.,HR,train_file,1553,24064,1981,train,ucenje,M_Positive,M_Positive,M_Positive,Positive,dva_kodera_i_uskladjenje
train-1554,"Ja bi molio da se držimo teme programskog i financijskog izvješća Hrvatskog olimpijskog odbora, premda je medijima atraktivna tema i tema je vezana uz sport i Hrvatski nogometni savez.",HR,train_file,1554,64028,99,train,ucenje,M_Negative,P_Neutral,P_Neutral,Neutral,dva_kodera_i_uskladjenje
train-1555,Najveća opasnost se naravno očituje u visokoj stopi nezaposlenosti mladih te njihova emigracija.,HR,train_file,1555,54185,571,train,ucenje,Negative,Negative,Negative,Negative,dva_kodera_i_uskladjenje
train-1558,Da li se upornim treniranjem uključujući i mnoga odricanja na natjecanju svojim vlastitim snagama može izboriti pobjeda.,HR,train_file,1558,60117,475,train,provjera,Positive,M_Positive,M_Positive,Positive,dva_kodera_i_uskladjenje
train-1559,"13 milijardi, 4 milijarde, 800 milijuna, 5 milijuna.",HR,train_file,1559,73697,599,train,ucenje,P_Neutral,N_Neutral,P_Neutral,Neutral,dva_kodera_i_uskladjenje
train-1560,"Ono što mora posebno sve nas boljeti a neki od dijelova na koje se ljudi najviše žale na prvom mjestu jedno od prvih mjesta je sporost, nedopustiva sporost sudova.",HR,train_file,1560,21234,2588,train,ucenje,Negative,Negative,Negative,Negative,dva_kodera_i_uskladjenje
train-1561,"Dapače, suprotno tome ovaj prijedlog zakona samo umjesto izraza posvajanje rabi izraze partnerska skrb i povjeravanje ostvarivanja roditeljske skrbe životnom partnerstvu.",HR,train_file,1561,84167,615,train,ucenje,P_Neutral,N_Neutral,P_Neutral,Neutral,dva_kodera_i_uskladjenje
train-1562,Kada se bude pisala ustavna tužba za ovaj zakon onda onaj koji bude pisao ustavnu tužbu ne mora ništa priložiti nego transkript izlaganja gospodina bulja.,HR,train_file,1562,8516,675,train,ucenje,Negative,Negative,Negative,Negative,dva_kodera_i_uskladjenje
train-1563,Nitko nije rekao ta odgoda koja se dogodi kako će se raspodijeliti u kome roku?,HR,train_file,1563,192030,1332,train,ucenje,N_Neutral,N_Neutral,N_Neutral,Neutral,dva_kodera_i_uskladjenje
train-1566,"A ja vas ispravljam i kažem da se dostojanstvo lako ugrozi i vaša koalicijska vlast ugrozila je kada je bila na vlasti, dostojanstvo djece sa posebnim potrebama jer im je ukinula doplatak.",HR,train_file,1566,37387,316,train,ucenje,Negative,Negative,Negative,Negative,dva_kodera_i_uskladjenje
train-1567,"Pa vas molim da mi objasnite kako to imamo porezno rasterećenje, a istovremeno imamo porast udjela poreza u bdp-u hrvatske i to za 20 milijardi kuna u 3 godine.",HR,train_file,1567,174512,112,train,ucenje,Negative,M_Negative,Negative,Negative,dva_kodera_i_uskladjenje
train-1568,"Nažalost, kao i svi otoci, a naročito ovi najudaljeniji, problem demografski prisutan je i malo je stanovnika koji može zapravo uživati u blagodati prirodnih bogatstava koje je sam Bog dao.",HR,train_file,1568,72502,365,train,provjera,Negative,M_Negative,Negative,Negative,dva_kodera_i_uskladjenje
train-1572,"Čak se čekaju redovni izbori da bi se odgovorilo na pitanje, pa sjetimo se Vrhovina gospodine predsjedniče što me sada ušutkavate za ova neugodna pitanja.",HR,train_file,1572,42330,1425,train,ucenje,Negative,Negative,Negative,Negative,dva_kodera_i_uskladjenje
train-1573,"Onaj potrošač koji je 100 metara daleko od vodocrpilišta i tu prihvaća vode jedno domaćinstvo treba imati cijenu dvije jedinice, dvije kune.",HR,train_file,1573,75523,370,train,ucenje,P_Neutral,N_Neutral,P_Neutral,Neutral,dva_kodera_i_uskladjenje
train-1574,"Razlogom se navode nedostatna ulaganja u znanost, neprimjenjivanje međunarodnih mjerila i nedostatan broj znanstvenika zaposlenih u gospodarstvu.",HR,train_file,1574,107413,640,train,provjera,Negative,N_Neutral,Negative,Negative,dva_kodera_i_uskladjenje
train-1575,"A jedino jedinstveni i složni u ovom Hrvatskom visokom Domu možemo doista preokrenuti javno mijenje korist onoga što se zove moderan pristup, jačanje zakonitosti i vladavine prava.",HR,train_file,1575,60848,1413,train,provjera,Positive,Positive,Positive,Positive,dva_kodera_i_uskladjenje
train-1576,"Poštovani zastupnik gospodin Kajin, a i neki drugi zastupnici poturaju jednu nezgodnu tezu, da je lista generičkih lijekova kojima su osigurani lijekovi za sve bolesti, ne smanjuje se lista.",HR,train_file,1576,62379,342,train,ucenje,Negative,Negative,Negative,Negative,dva_kodera_i_uskladjenje
train-1577,Ne treba zaboraviti i naše sugrađane u gradu Zagrebu odnosno u Zagrebačkoj županiji koje je pogodio nesretan potres i koji je naravno dodatno traumatizirao to područje i taj dio naše Hrvatske.,HR,train_file,1577,195429,1624,train,ucenje,Negative,P_Neutral,M_Negative,Negative,dva_kodera_i_uskladjenje
train-1580,"A istovremeno bi došlo do, do zbog čega ja kao, koji potražujem moram i kamate i još mi oduzmu, a država koja meni duguje ja od nje nemrem naplatiti ništa.",HR,train_file,1580,51597,2298,train,ucenje,Negative,Negative,Negative,Negative,dva_kodera_i_uskladjenje
train-1582,"Struktura javnog duga je takva da najveći dio duga otpada na inozemna ulaganja, to su stanja duga po kreditima dobivenih od osoba s kojima je dužnik u vlasničkom odnosu većem od 10%.",HR,train_file,1582,40316,1776,train,ucenje,N_Neutral,N_Neutral,N_Neutral,Neutral,dva_kodera_i_uskladjenje
train-1583,"Pa poštovani potpredsjedniče, ne tako davno smijali su vam se, prozivali su vas dežurnim optimistom Vlade.",HR,train_file,1583,118477,1395,train,ucenje,Negative,M_Positive,Negative,Negative,dva_kodera_i_uskladjenje
train-1584,Dug u dospijeću u duljem razdoblju iznosi 200 milijuna kuna što je u visini 10 mjesečnih plaća radnika pružnig građevina.,HR,train_file,1584,78186,1656,train,ucenje,Negative,N_Neutral,Negative,Negative,dva_kodera_i_uskladjenje
train-1585,"Nadalje, u izvještaju se spominje i podatak da je '90.-te godine u mirovinskom sustavu bilo 5 tisuća 500 invalida rada, a '98. 39 tisuća.",HR,train_file,1585,74055,1723,train,provjera,Negative,N_Neutral,N_Neutral,Neutral,dva_kodera_i_uskladjenje
train-1586,I zbog toga je ovaj prijedlog i po ovom kriteriju zapravo neopravdan.,HR,train_file,1586,61579,1858,train,ucenje,Negative,Negative,Negative,Negative,dva_kodera_i_uskladjenje
train-1589,"Ja sam samo, moja rasprava je išla u smjeru da upozorim na neke stvari o kojima mi se čini da se nije dovoljno razmišljalo.",HR,train_file,1589,7708,2119,train,ucenje,N_Neutral,M_Positive,N_Neutral,Neutral,dva_kodera_i_uskladjenje
train-1590,Ovdje želim također govoriti o projektima regionalnog razvoja za što očito vjerojatno ne postoji čak niti politička volja.,HR,train_file,1590,91055,2488,train,provjera,Negative,M_Positive,Negative,Negative,dva_kodera_i_uskladjenje
train-1592,Ja mislim da je to ustvari najoštrija kritika koja treba ići prema ovaj Vladi.,HR,train_file,1592,31059,435,train,provjera,Negative,Negative,Negative,Negative,dva_kodera_i_uskladjenje
train-1593,Dokaz je da nismo za 17 godina ili više nezavisne samostalne Republike Hrvatske uspjeli srediti državne evidencije koje su temelj za neke stvari.,HR,train_file,1593,3675,1575,train,ucenje,Negative,Negative,Negative,Negative,dva_kodera_i_uskladjenje
train-1595,"Naime, svatko od nas bi sigurno trebao koristiti energiju u skladu sa obnovljenim izvorima, isto tako treba voditi računa o generacijama koje ostaju nakon nas.",HR,train_file,1595,88156,1603,train,ucenje,P_Neutral,Positive,P_Neutral,Neutral,dva_kodera_i_uskladjenje
train-1597,Inovacije u poluvodičkim proizvodima zahtijevaju značajna ulaganja i stoga je potpuno jasna inicijativa Vlade RH da se oni zaštite u većoj mjeri.,HR,train_file,1597,9178,677,train,ucenje,Positive,Positive,Positive,Positive,dva_kodera_i_uskladjenje
train-1601,"Nasilje dakle u obitelji nije samo široko rasprostranjeni društveni problem koji šteti pojedincima, obiteljima i društvu u cjelini, nego je i kazneno djelo.",HR,train_file,1601,177650,832,train,provjera,Negative,Negative,Negative,Negative,dva_kodera_i_uskladjenje
train-1602,"Potom nezaposlenim majkama, majkama na redovitom školovanju i nezaposlenim majkama korisnicama invalidske mirovine zbog profesionalne nesposobnosti za rad za vrijeme korištenja porodiljnog dopusta.",HR,train_file,1602,1884,264,train,ucenje,P_Neutral,N_Neutral,P_Neutral,Neutral,dva_kodera_i_uskladjenje
train-1603,Amandman se ne prihvaća iz razloga što je prijedlog proračuna izrađen na temelju stvarnih zahtjeva korisnika i usklađen je sa potrebnim izdacima za zaposlene kao i druge terete.,HR,train_file,1603,23559,1681,train,ucenje,Negative,M_Positive,P_Neutral,Neutral,dva_kodera_i_uskladjenje
train-1605,"Pitanje je njihove daljnje uporabljivosti, stavljanja u funkciju, da ne kažem od količine pritiska jer vrlo je vjerojatno da će doći i do tehničkih kvarova daleko češćih nego što je.",HR,train_file,1605,143531,1357,train,ucenje,Negative,Negative,Negative,Negative,dva_kodera_i_uskladjenje
train-1606,E sada gledajte što je najčešće kod jedinica lokalne samouprave.,HR,train_file,1606,81635,761,train,ucenje,P_Neutral,N_Neutral,P_Neutral,Neutral,dva_kodera_i_uskladjenje
train-1608,U Hrvatskoj budite uvjereni gotovo 100% je iz uvoza.,HR,train_file,1608,71000,362,train,provjera,Negative,Negative,Negative,Negative,dva_kodera_i_uskladjenje
train-1609,Jer vi dok ovaj zakon ne bude izglasan u Hrvatskom saboru te ljude nemate gdje zaposliti i nemate im otkuda dati plaće.,HR,train_file,1609,66192,2127,train,ucenje,Negative,M_Negative,Negative,Negative,dva_kodera_i_uskladjenje
train-1610,U prijedlogu zakona se govori o gospodarenju otpadom ali predloženo rješenje izjednačava spaljivanje otpada s recikliranjem kao metodom zbrinjavanja otpada.,HR,train_file,1610,88526,383,train,provjera,N_Neutral,Negative,Negative,Negative,dva_kodera_i_uskladjenje
train-1613,"Prema tome, ono kada baciš atomsku bombu nemoj se čudit radijaciji otprilike, a ja atomske bombe trudim se ne bacati osim ako nemam baš ovo zaštitno odijelo za radijaciju.",HR,train_file,1613,27891,702,train,ucenje,Negative,Negative,Negative,Negative,dva_kodera_i_uskladjenje
train-1614,"Pa prema tome, nije mi jasno baš da se tako naziva.",HR,train_file,1614,5651,2300,train,ucenje,Negative,M_Negative,N_Neutral,Neutral,dva_kodera_i_uskladjenje
train-1615,"Ali ono što smo prethodno napravili izgradili smo školu, pa je ona iselila i taj prostor je ostao na raspolaganju dječjem vrtiću, i sad to treba srediti i opremiti.",HR,train_file,1615,2828,394,train,ucenje,P_Neutral,M_Positive,M_Positive,Positive,dva_kodera_i_uskladjenje
train-1616,Radi se oko 9000 tona i oko 15 do 20 milijuna kuna seljačkih proizvoda.,HR,train_file,1616,46370,2529,train,ucenje,P_Neutral,P_Neutral,P_Neutral,Neutral,dva_kodera_i_uskladjenje
train-1617,Hrvatska narodna stranka također pozdravlja onaj dio gdje smo u Nacionalnom parku Sjeverni Velebit točno odredili tri zone – zona stroge zaštite koja ima pod a) najstrožu zaštitu i kontroliranu zaštitu.,HR,train_file,1617,5342,516,train,ucenje,Positive,P_Neutral,Positive,Positive,dva_kodera_i_uskladjenje
train-1618,Da li je ona toliko pomogla i spasila zdravstvo s obzirom da su te izmjene i dopune Zakona o zdravstvenom osiguranju učinjene po ultra hitnom postupku.,HR,train_file,1618,62625,1846,train,ucenje,N_Neutral,M_Negative,N_Neutral,Neutral,dva_kodera_i_uskladjenje
train-1620,"Na potporama su se mnogi obogatili a da nisu učinili ništa da opravdaju te potpore, ima i onih koji su bili zakinuti zato što su neki koji nisu smjeli dobiti potpore dobili potpore.",HR,train_file,1620,76117,604,train,ucenje,Negative,Negative,Negative,Negative,dva_kodera_i_uskladjenje
train-1621,Jer su sigurno ove korekcije i izmjene u sustavu poreza na dohodak jer nebrojeno puta smo upravo to rekli.,HR,train_file,1621,15871,87,train,ucenje,M_Negative,N_Neutral,N_Neutral,Neutral,dva_kodera_i_uskladjenje
train-1622,Poštovani gospodin ravnatelj je naveo netočan navod da su poslovali pozitivno.,HR,train_file,1622,52239,2518,train,provjera,Negative,Negative,Negative,Negative,dva_kodera_i_uskladjenje
train-1624,"Uz veterinarsku i poljoprivredne inspekcijske ovlasti za provođenje inspekcijskog nadzorna, date su ovlasti komunalnim redarima.",HR,train_file,1624,49794,726,train,ucenje,P_Neutral,P_Neutral,P_Neutral,Neutral,dva_kodera_i_uskladjenje
train-1625,"Hrvatski su zatvori stoga prenatrpani, te ne zadovoljavaju zakonski standard od 4 m2 i 10 m3 po zatvoreniku.",HR,train_file,1625,52981,2579,train,ucenje,Negative,Negative,Negative,Negative,dva_kodera_i_uskladjenje
train-1626,"Vi sa određenim naknadama možete nešto riješiti, ali tu priču da su otac i majka imaju priliku biti zajedno sa svojim djetetom od samog početka je izuzetno važno.",HR,train_file,1626,188482,2347,train,ucenje,M_Positive,Positive,M_Positive,Positive,dva_kodera_i_uskladjenje
train-1627,"Tako se, te se dolazi do zaključka da je neophodno zaustavljanje takve prakse.",HR,train_file,1627,15892,530,train,ucenje,Negative,M_Negative,Negative,Negative,dva_kodera_i_uskladjenje
train-1628,"Nama je za Boga milog teško, mi nemamo nikoga tko bi nam u tom pomogao pa kod nas to neće vrijediti.",HR,train_file,1628,115708,75,train,ucenje,Negative,Negative,Negative,Negative,dva_kodera_i_uskladjenje
train-1630,"Da je klub SDP-a podnio ove sve svoje amandmane kao jedan amandman, onda bi oni bili tehnički usklađeni i bili bi u sukladu sa Zakonom o proračunu.",HR,train_file,1630,37746,1437,train,ucenje,M_Positive,M_Negative,N_Neutral,Neutral,dva_kodera_i_uskladjenje
train-1631,"Isto tako zbog nedavnog ili nedavnih slučajeva neobjavljivanja traženih informacija tražimo isto tako mogućnost da povjerenik za informiranje ima pravo kazniti čelnika koji ne želi dati informaciju, kazniti ga.",HR,train_file,1631,147723,818,train,provjera,Negative,Negative,Negative,Negative,dva_kodera_i_uskladjenje
train-1632,"Dakle, s takvim formiranjem nove liste omogućit ćemo da nam kvalitetni novi lijekovi koji nemaju alternative, koji imaju velikih prednosti u odnosu na postojeću farmakopeju mogu doći odmah na listu.",HR,train_file,1632,68501,358,train,ucenje,Positive,Positive,Positive,Positive,dva_kodera_i_uskladjenje
train-1633,"Ukupni iznos kojeg ćemo skupiti haračem je u visini gubitka HEP-a kada je kupio struju po jednoj cijeni, prodao u drugu državu po drugoj cijeni i ostvario gubitak preko milijardu kuna.",HR,train_file,1633,41168,449,train,ucenje,Negative,Negative,Negative,Negative,dva_kodera_i_uskladjenje
train-1634,"Firma ode u stečaj, ja bih rekao slobodno ponovim planiran stečaj, vjerovnici se nemaju čime namiriti.",HR,train_file,1634,56849,328,train,ucenje,Negative,Negative,Negative,Negative,dva_kodera_i_uskladjenje
train-1635,"Obzirom da se radi uglavnom o usklađenju sa doticajnim zakonima, klub Hrvatske demokratske zajednice podržava ovaj konačni prijedlog zakona i također podržavamo i izuzimanje biološkog materijala radi DNA analize.",HR,train_file,1635,34565,443,train,ucenje,Positive,Positive,Positive,Positive,dva_kodera_i_uskladjenje
train-1640,"Afganistan je zainteresiran za što veći humanitarnih i razvojnih projekata od strane RH, odnosno od strane Međunarodne zajednice pri čemu traži da se u potpunosti poštuju njihovi prioriteti i njihovi postupci.",HR,train_file,1640,42634,92,train,provjera,P_Neutral,Positive,Positive,Positive,dva_kodera_i_uskladjenje
train-1645,"Prepustiti ću riječ kolegi Miljeniću, a prije toga Klub SDP-a naravno podržati će izvješće o radu državnog odvjetnika.",HR,train_file,1645,79973,759,train,ucenje,Positive,P_Neutral,P_Neutral,Neutral,dva_kodera_i_uskladjenje
train-1647,"Zanimljivo, zanimljivo da godinama se odupirao, dakle svaka ideja na tu temu je bila grubo odbijena.",HR,train_file,1647,97722,629,train,ucenje,Negative,Negative,Negative,Negative,dva_kodera_i_uskladjenje
train-1650,Ono što je cilj ove reforme da taj bude …/upadica se ne čuje./…,HR,train_file,1650,99754,782,train,ucenje,P_Neutral,N_Neutral,P_Neutral,Neutral,dva_kodera_i_uskladjenje
train-1652,"Gospodine predsjedniče, na žalost vaše mišljenje … /Govornik isključen, ne čuje se./…",HR,train_file,1652,15484,1720,train,provjera,Negative,Negative,Negative,Negative,dva_kodera_i_uskladjenje
train-1653,I da to bude isto tako sa ove strane kada su u pitanju sankcije svojevrsna poruka društva da ne želimo drogu u hrvatskoj.,HR,train_file,1653,8911,276,train,ucenje,N_Neutral,M_Negative,M_Negative,Negative,dva_kodera_i_uskladjenje
train-1655,"Pa znači ne treba vam istražno povjerenstvo, mogli ste samo kolegu Čuljka pitat, on bi vam to rekao jer je bio na tom razgovoru sa Miševićem.",HR,train_file,1655,24044,1387,train,ucenje,Negative,Negative,Negative,Negative,dva_kodera_i_uskladjenje
train-1657,Ja uvijek nekako nastojim govoriti o primjerima koji su mi bliski.,HR,train_file,1657,199754,118,train,provjera,M_Positive,P_Neutral,P_Neutral,Neutral,dva_kodera_i_uskladjenje
train-1660,"Toliko prezirati vlastitu domovinu, toliko prezirati vlastito pravosuđe to je meni neshvatljivo.",HR,train_file,1660,52001,2420,train,ucenje,Negative,Negative,Negative,Negative,dva_kodera_i_uskladjenje
train-1662,"Kad im probate oduzeti to oružje onda ustanu braniteljske udruge, pa tko će njima uzimati oružje kad su oni s tim oružjem obranili zemlju.",HR,train_file,1662,95701,2195,train,provjera,Negative,Negative,Negative,Negative,dva_kodera_i_uskladjenje
train-1663,Kod osiguranja valja razlikovati je li do osiguranog slučaja došlo krivnjom odnosno voljom nezaposlene osobe ili nije.,HR,train_file,1663,122083,796,train,ucenje,N_Neutral,N_Neutral,N_Neutral,Neutral,dva_kodera_i_uskladjenje
train-1666,"Dakle u Njemačkoj imamo 16 sudaca, ovdje u nas 13 sudaca.",HR,train_file,1666,46600,2345,train,ucenje,N_Neutral,N_Neutral,N_Neutral,Neutral,dva_kodera_i_uskladjenje
train-1667,"Ovdje se radi o obitelji, o osobama koji obitavaju zajedno i kriteriji života, privređivanje i trošenje.",HR,train_file,1667,70843,2084,train,provjera,P_Neutral,P_Neutral,P_Neutral,Neutral,dva_kodera_i_uskladjenje
train-1668,"I kada vi ne poduzmete pravovremeno određenu radnju, vi ne možete koliko god bili uporni i ustrajni u 10 godina u budućnosti ispraviti te propuste.",HR,train_file,1668,74709,1468,train,provjera,Negative,M_Negative,Negative,Negative,dva_kodera_i_uskladjenje
train-1669,"Slijedeća rasprava u ime Kluba zastupnika HDZ-a je rasprava od kolegice Grozdane Perić, izvolite kolegice Perić.",HR,train_file,1669,201224,1379,train,ucenje,P_Neutral,P_Neutral,P_Neutral,Neutral,dva_kodera_i_uskladjenje
train-1670,To vidim kao opasnost i to vidim kao sistemsku grešku i zato zazivam reformu jer mi sad ispravljamo nešto što nije dobro nečim što je manje loše.,HR,train_file,1670,59021,96,train,ucenje,Negative,Negative,Negative,Negative,dva_kodera_i_uskladjenje
train-1671,"U tom smislu i utvrđivanje dvije liste lijekova kao i već postojeća lista skupih lijekova osigurat će pravovremenu, stalnu i racionalnu dostupnost lijeka te liječenje djelotvornim, kvalitetnim i sigurnim lijekovima.",HR,train_file,1671,66627,354,train,ucenje,Positive,Positive,Positive,Positive,dva_kodera_i_uskladjenje
train-1673,"Bijele noći, pa normalno da su bijele noći smetale, sve što je bijelo smetalo je, u mraku se puno bolje rade ovakvi poslovi.",HR,train_file,1673,50731,1335,train,provjera,Negative,Negative,Negative,Negative,dva_kodera_i_uskladjenje
train-1674,"Za hrvatsku glavna opasnost od kibernetičkih napada nije napad na vojsku i vojne institucije, već na civilne institucije.",HR,train_file,1674,143941,811,train,ucenje,Negative,Negative,Negative,Negative,dva_kodera_i_uskladjenje
train-1675,"Potpredsjednik doma, gospodin friščić je ustvrdio da se zakonom ne uvodi nego da se ukida participacija.",HR,train_file,1675,24572,421,train,provjera,P_Neutral,Negative,N_Neutral,Neutral,dva_kodera_i_uskladjenje
train-1676,"A što se tiče tih nabavki, 3 milijarde i 400 itd. oni se zbrajaju.",HR,train_file,1676,56111,2543,train,provjera,P_Neutral,M_Positive,P_Neutral,Neutral,dva_kodera_i_uskladjenje
train-1677,To je relevantan podatak kolika je ukupna zaduženost jedinica lokalne samouprave u tom času.,HR,train_file,1677,70029,1318,train,ucenje,N_Neutral,N_Neutral,N_Neutral,Neutral,dva_kodera_i_uskladjenje
train-1678,"Dakle, '93. godine donešena je odluka da se ne iskazuje amortizacija.",HR,train_file,1678,63774,349,train,ucenje,N_Neutral,N_Neutral,N_Neutral,Neutral,dva_kodera_i_uskladjenje
train-1679,Također je važno da udomiteljska obitelj mora ostvariti vlastita sredstva za uzdržavanje udomiteljske obitelji veće od 20% od iznosa visine pomoći za uzdržavanje korisnika.,HR,train_file,1679,89883,386,train,ucenje,P_Neutral,P_Neutral,P_Neutral,Neutral,dva_kodera_i_uskladjenje
train-1681,"To je nešto što je dragocjeno i neovisno o ovim institutima, mislim da bi to bilo dobro.",HR,train_file,1681,39770,62,train,ucenje,Positive,Positive,Positive,Positive,dva_kodera_i_uskladjenje
train-1683,"Ja vidim inicijativu tri mora kao veliku priliku za cijelu Europsku uniju, a prije svega za prostor 12 članica ili 11 plus Austrija koji se tiče inicijativa tri mora.",HR,train_file,1683,56545,734,train,ucenje,Positive,Positive,Positive,Positive,dva_kodera_i_uskladjenje
train-1686,"Međutim ja ću ovu prethodnu raspravu, je super što ste to sve skupa ispričali ali na staroj slavi se ne živi.",HR,train_file,1686,92340,1793,train,provjera,Negative,M_Negative,M_Negative,Negative,dva_kodera_i_uskladjenje
train-1688,"Naglo smo, u drugom mjesecu smo mahali kako će lokalna samouprava strašno puno dobit.",HR,train_file,1688,87744,382,train,ucenje,M_Positive,M_Negative,M_Negative,Negative,dva_kodera_i_uskladjenje
train-1689,"Zatim ste propisali i izgled tog ispitnog izvještaja koji je, usudio bih se reći, gotovo u potpunosti sukladan zahtjevima međunarodne norme 17025 za akreditaciju ispitnih laboratorija.",HR,train_file,1689,51991,1756,train,ucenje,P_Neutral,P_Neutral,P_Neutral,Neutral,dva_kodera_i_uskladjenje
train-1690,"To je rušenje institucije države, to je sila, to je dolazak silom, ucjenom, terorom na vlast.",HR,train_file,1690,106407,1343,train,ucenje,Negative,Negative,Negative,Negative,dva_kodera_i_uskladjenje
train-1693,"Jer da primjenjujemo taj zdrav razum vjerojatno bi ova država bila jedan od primjera prosperitetnosti u ovome dijelu Europe, a ne primjer države koju razdire politička, gospodarska i moralna kriza.",HR,train_file,1693,58441,1958,train,ucenje,M_Negative,M_Negative,M_Negative,Negative,dva_kodera_i_uskladjenje
train-1694,"Evo poštovani gospodine potpredsjedniče, 236. u vezi članka 235.",HR,train_file,1694,68698,592,train,ucenje,P_Neutral,N_Neutral,P_Neutral,Neutral,dva_kodera_i_uskladjenje
train-1697,Naime nakon dugih rasprava o budućnosti CEFTA-e prihvaćena je hrvatska inicijativa da upravo proširenje i modernizacija CEFTA-e bude okvir za daljnju liberalizaciju trgovine u regiji.,HR,train_file,1697,88055,1885,train,ucenje,Positive,Positive,Positive,Positive,dva_kodera_i_uskladjenje
train-1699,U HDZ-u se očito širi panika i strah od objavljivanja imovine europskih dužnosnika.,HR,train_file,1699,163586,2558,train,ucenje,Negative,Negative,Negative,Negative,dva_kodera_i_uskladjenje
train-1701,"U isto vrijeme osim što kadroviramo, da „lisicama dajemo da čuvaju kokošinjac“ imamo silan deficit sredstava.",HR,train_file,1701,27494,2524,train,ucenje,Negative,Negative,Negative,Negative,dva_kodera_i_uskladjenje
train-1704,"Nema logike da je dopunski lijek skuplji, a jednako vrijedan."" Pa bih ja samo citirao najvećeg autoriteta na kugli zemaljskoj u području generičkih lijekova.",HR,train_file,1704,62556,344,train,ucenje,Negative,Negative,Negative,Negative,dva_kodera_i_uskladjenje
train-1705,"Tu i tamo kažem neka iskrica plane, ako se neka stvar, neka teza zaoštri do kraja, ali manje-više sve to kažem odgovara već nečemu što je mnogo puta ovdje viđeno.",HR,train_file,1705,66161,1800,train,ucenje,M_Negative,M_Negative,M_Negative,Negative,dva_kodera_i_uskladjenje
train-1708,"Primarna pravna pomoć obuhvaća opću informaciju, pravni savjet, sastavljanje određenih pisanih podnesaka, rješavanje spora mirnim putem izvansudskim rješenjem.",HR,train_file,1708,76631,506,train,provjera,P_Neutral,P_Neutral,P_Neutral,Neutral,dva_kodera_i_uskladjenje
train-1709,"Jer i potrošnja ribe je vrlo upitna u Republici Hrvatskoj pa i kulturi potrošnje ribe i da se stvori, i mislim da zakonodavstvo ide u tom smjeru.",HR,train_file,1709,35227,313,train,ucenje,Negative,M_Positive,M_Positive,Positive,dva_kodera_i_uskladjenje
train-1710,"Obitelj je na zadnjem mjestu, mladi su nezaposleni, svi gledaju zlatnu mladež koja po VIP salonima zagrebačkih klubova neometano uživa u skupim opojnim drogama.",HR,train_file,1710,19047,2393,train,ucenje,Negative,Negative,Negative,Negative,dva_kodera_i_uskladjenje
train-1713,"Jedan dio je samo organiziranje humanitarne akcije, ali mi imamo stalno prikupljanje i pružanje humanitarne pomoći, povremeno prikupljanje kao kategoriju i kategoriju organiziranja humanitarnih akcija.",HR,train_file,1713,62203,479,train,ucenje,Positive,P_Neutral,P_Neutral,Neutral,dva_kodera_i_uskladjenje
train-1715,"Moram priznati da obožavam ovu situaciju kada kolege zastupnici smetaju predstavnike Vlade u toku rasprave, pa ću ja sad biti malo strpljiv.",HR,train_file,1715,8953,2477,train,ucenje,Negative,M_Negative,Negative,Negative,dva_kodera_i_uskladjenje
train-1716,"Zasada je još uvijek to dobrim dijelom prepušteno samo učiteljima koji se educiraju, samoeduciraju i ulažu ogromne napore pri radu sa djecom sa teškoćama u razvoju.",HR,train_file,1716,81970,613,train,ucenje,Negative,M_Negative,M_Negative,Negative,dva_kodera_i_uskladjenje
train-1720,I u ciljevima antikorupcijskih mjera u Javnim financijama piše: «Jačati odgovornost i transparentnost u poslovanju korisnika proračuna na državnoj i lokalnoj razini».,HR,train_file,1720,13927,1501,train,ucenje,P_Neutral,P_Neutral,P_Neutral,Neutral,dva_kodera_i_uskladjenje
train-1721,"Znači, nije bilo, mada je bazna godina, ali nije bilo na vrijeme podnešeno, prva konstatacija.",HR,train_file,1721,23915,298,train,provjera,Negative,Negative,Negative,Negative,dva_kodera_i_uskladjenje
train-1722,Uvodi se i institut beznačajnog prekršaja koji ovlaštenom tužitelju daje mogućnost da to ne smatra prekršajem ako je stupanj ugrožavanja ili povrede zaštićenog dobra neznatan.,HR,train_file,1722,35108,2139,train,ucenje,N_Neutral,N_Neutral,N_Neutral,Neutral,dva_kodera_i_uskladjenje
train-1724,"To nismo prihvatili zbog toga što u EU ima praksa jednih i drugih, mi smo stava da se mora omogućiti određene druge djelatnosti uz ovu kod pogrebnika.",HR,train_file,1724,104548,637,train,provjera,M_Negative,M_Negative,M_Negative,Negative,dva_kodera_i_uskladjenje
train-1725,Sljedeći Klub zastupnika onaj HDZ-a u ime kojega će govoriti uvaženi zastupnik Marko Šimić.,HR,train_file,1725,46826,724,train,ucenje,P_Neutral,P_Neutral,P_Neutral,Neutral,dva_kodera_i_uskladjenje
train-1729,"Jedan od osnovnih problema RH je to što imamo hrvatske plaće, kakve bi druge?",HR,train_file,1729,95173,773,train,ucenje,Negative,Negative,Negative,Negative,dva_kodera_i_uskladjenje
train-1730,"Prijedlog Zakona o izmjenama i dopunama ovršnog zakona, prvo čitanje, P.Z. br. 571.",HR,train_file,1730,67707,2589,train,provjera,P_Neutral,P_Neutral,P_Neutral,Neutral,dva_kodera_i_uskladjenje
train-1732,"Treća stvar koju sam također htio reći, mi smo prošle godine, točno prije godinu dana, mislim 14. lipnja donijeli zakon o izmjeni i dopuni Zakona o najmu stanova.",HR,train_file,1732,145399,106,train,ucenje,P_Neutral,P_Neutral,P_Neutral,Neutral,dva_kodera_i_uskladjenje
train-1733,"Naprotiv, vidljiv je samo manjak ulaganja u lokalne i ruralnoj razini.",HR,train_file,1733,77220,2325,train,ucenje,Negative,Negative,Negative,Negative,dva_kodera_i_uskladjenje
train-1734,Napredak u reformama je nedovoljan i to slabi fiskalnu konsolidaciju.,HR,train_file,1734,47149,453,train,ucenje,Negative,Negative,Negative,Negative,dva_kodera_i_uskladjenje
train-1743,Naš je cilj sustići razvijene zemlje europske unije koje 20 do 25% svojih javnih financija raspodjeljuju na regionalne i lokalne zajednice.,HR,train_file,1743,117943,76,train,ucenje,Positive,P_Neutral,Positive,Positive,dva_kodera_i_uskladjenje
train-1744,"Prema podacima o liječenim ovisnicima 40,2% ih je nezaposleno ili preciznije rečeno od 6 tisuća 480 čak 2 tisuće 605 ih je nezaposleno.",HR,train_file,1744,73184,367,train,ucenje,Negative,N_Neutral,Negative,Negative,dva_kodera_i_uskladjenje
train-1745,"A na nama je kolega kao političkim suparnicima da ukažemo na činjenicu da je netko lopov, kriminalac, da je demagog, da prodaje maglu a na građanima je da biraju.",HR,train_file,1745,1622,2093,train,ucenje,Negative,M_Negative,Negative,Negative,dva_kodera_i_uskladjenje
train-1747,Na ovaj pad ili na onaj pad bolje rečeno bdp-a iz 2009.,HR,train_file,1747,12935,528,train,provjera,Negative,N_Neutral,Negative,Negative,dva_kodera_i_uskladjenje
train-1748,"I da sada najednom su se stvorile okolnosti da je u radu porezne uprave moguća apsolutna pravednost i neće biti nijedne greške, nijednoga propusta.",HR,train_file,1748,22957,539,train,ucenje,Negative,Positive,Negative,Negative,dva_kodera_i_uskladjenje
train-1749,"Radi se o ljudskim pravima, a onaj dio teme o kojem sam ja govorio se radi o ljudskim pravima osoba koje su u pravom smislu riječi na državnoj skrbi.",HR,train_file,1749,52714,570,train,provjera,P_Neutral,P_Neutral,P_Neutral,Neutral,dva_kodera_i_uskladjenje
train-1750,"Mnogi od njih su i danas hrvatski branitelji, dakle i pripadnici mirovnih snaga su nekoć, ne tako davno bili hrvatski branitelji.",HR,train_file,1750,80773,1989,train,ucenje,P_Neutral,Positive,P_Neutral,Neutral,dva_kodera_i_uskladjenje
train-1752,"I sada recimo gospodin iza mene božo petrov kaže, čuj mene ovaj pernar iritira ja ga ne mogu smisliti, upada mi non stop u riječ, dečki idemo ga procesuirati.",HR,train_file,1752,1680,681,train,ucenje,Negative,Negative,Negative,Negative,dva_kodera_i_uskladjenje
train-1753,"Dakle, ako je bilo propusta ovdje se jasno kaže u deklaraciji, onda to nisu bili samo propusti isključivo politike, nego i nekih drugih državnih institucija.",HR,train_file,1753,86887,619,train,ucenje,Negative,N_Neutral,Negative,Negative,dva_kodera_i_uskladjenje
train-1757,"Pohranjuje se u svrhu darivanja, a ne zna se unaprijed kome i hoće li ikome biti darovan.",HR,train_file,1757,7692,1873,train,ucenje,N_Neutral,M_Negative,N_Neutral,Neutral,dva_kodera_i_uskladjenje
train-1758,"To je zato što očito nismo, dugo treba da jedan datum uđe u svijest ljudi kao blagdan, blagdan po definiciji je proslava zajedništva.",HR,train_file,1758,171566,831,train,ucenje,M_Positive,M_Positive,M_Positive,Positive,dva_kodera_i_uskladjenje
train-1759,"U ovom izlaganju osvrnuo bih se na nekoliko društveno opasnih pojavi koje sada postaju i dobivaju točnu, potpunu, suvremene i nedvosmislene definicije.",HR,train_file,1759,13155,280,train,ucenje,M_Negative,Negative,Negative,Negative,dva_kodera_i_uskladjenje
train-1760,"Podrška djelovanju civilnoga društva demokratska je, decentralizirana i odvija se u suradničkom odnosu odnosno u partnerstvu.",HR,train_file,1760,1517,79,train,ucenje,Positive,Positive,Positive,Positive,dva_kodera_i_uskladjenje
train-1761,"Stalni sastav državnog izbornog povjerenstva činilo bi 7 članova, a prošireni sastav državnog izbornog povjerenstva činilo bi 6 članova.",HR,train_file,1761,35815,29,train,ucenje,P_Neutral,P_Neutral,P_Neutral,Neutral,dva_kodera_i_uskladjenje
train-1764,"Na žalost, mi vidimo da, a mi vidimo da te promjene porezne koje HDZ radi, a nije to prvi put da se radi porezna reforma radi.",HR,train_file,1764,7643,2101,train,ucenje,Negative,Negative,Negative,Negative,dva_kodera_i_uskladjenje
train-1765,To je nekakvih 9% u udžbenicima vjeronaučkog sadržaja dvadesetak posto.,HR,train_file,1765,53718,2197,train,provjera,P_Neutral,P_Neutral,P_Neutral,Neutral,dva_kodera_i_uskladjenje
train-1767,"Pa to smo 50 puta čuli da bi prodali Croatia banku, da bi autoceste dali u koncesiju itd., itd.",HR,train_file,1767,34658,1342,train,ucenje,Negative,Negative,Negative,Negative,dva_kodera_i_uskladjenje
train-1769,Ako se nastavi ovakvim tempom u koloni nezaposlenih biti će do kraja 2013. godine dakle za mjesec dana 370 tisuća hrvatskih građana.,HR,train_file,1769,59732,2262,train,ucenje,Negative,Negative,Negative,Negative,dva_kodera_i_uskladjenje
train-1770,"Pitanje je vrlo jednostavno, pitanje je osobne naravi jer na njemu možemo vidjeti koliko su učinkovite Plenkovićeve mjere s jedne strane i koliko ste vi iskreni s druge strane.",HR,train_file,1770,192830,850,train,ucenje,Negative,Negative,Negative,Negative,dva_kodera_i_uskladjenje
train-1771,"I zato gospodine predsjedniče Vlade apeliram na vas i vašu Vladu, ne činite to.",HR,train_file,1771,40904,2376,train,ucenje,Negative,M_Negative,Negative,Negative,dva_kodera_i_uskladjenje
train-1773,"HNB jest neovisna u vođenju monetarne politike i osiguranja stabilnosti bankarskog sustava, ali u sadašnjim uvjetima sugeriramo veću koordinaciju monetarne i izvršne vlasti kako bi se postigli što pozitivniji rezultati.",HR,train_file,1773,2399,513,train,provjera,Positive,M_Positive,M_Positive,Positive,dva_kodera_i_uskladjenje
train-1776,"U općem upravnom postupku između ostaloga postoji mogućnost da se nadležnom tijelu da izjava, zapisana izjava o određenoj radnji.",HR,train_file,1776,87805,1510,train,ucenje,P_Neutral,P_Neutral,P_Neutral,Neutral,dva_kodera_i_uskladjenje
train-1778,A da bi sve to zajedno onda rezultirali činjenicom da ne bismo bili u situaciji da možemo ovakve mjere koje je predložila Vlada RH na ovaj način isfinancirati.,HR,train_file,1778,189335,845,train,provjera,M_Negative,M_Negative,M_Negative,Negative,dva_kodera_i_uskladjenje
train-1782,"Hvala lijepa gospodine predsjedniče, ministre sa suradnicima, kolegice i kolege.",HR,train_file,1782,58007,2006,train,ucenje,Positive,P_Neutral,P_Neutral,Neutral,dva_kodera_i_uskladjenje
train-1785,"Rh kao dio međunarodne zajednice, članice eu, nato-a, ne može ignorirati terorističke napade na naše prijatelje i saveznike s kojima dijelimo vrijednosti i demokratska načela.",HR,train_file,1785,41273,719,train,ucenje,M_Negative,M_Negative,M_Negative,Negative,dva_kodera_i_uskladjenje
train-1791,Možda ću iskoristiti svih 15 minuta da bi gospodin culej mogao što dulje uživati.,HR,train_file,1791,39689,91,train,ucenje,Negative,Negative,Negative,Negative,dva_kodera_i_uskladjenje
train-1792,U Hrvatskoj je državljanstvo dodjeljivano svima na način koji je u odnosu na druge zemlje lagan i liberalan.,HR,train_file,1792,33176,27,train,ucenje,Positive,P_Neutral,Positive,Positive,dva_kodera_i_uskladjenje
train-1794,"Cijene divljaju, očekujemo da će vrlo brzo preko 11 kuna, kada ćemo vidjeti te mjere?",HR,train_file,1794,140304,806,train,ucenje,Negative,Negative,Negative,Negative,dva_kodera_i_uskladjenje
train-1796,"Međutim stručnjaci kažu da bi to poskupilo poslovanje štedionica što bi naravno štetilo klijentima, no bitno je to da u sustavu obvezne mirovinske štednje dnevni nadzor je logičan jer je i štednja obvezna.",HR,train_file,1796,46829,1933,train,ucenje,M_Negative,M_Negative,M_Negative,Negative,dva_kodera_i_uskladjenje
train-1797,"Sljedeće budući da je u ingerenciji i fond u ingerenciji ministarstva, ono s čime se susrećemo danas na terenu, a to je kašnjenje natječaja.",HR,train_file,1797,98130,1707,train,ucenje,N_Neutral,Negative,Negative,Negative,dva_kodera_i_uskladjenje
train-1798,"Govorili o pogrešnoj politici utvrđivanja cijena nafte i neophodnim promjenama jer je to bitka za građane, bitka za gospodarstvo, bitka za razvoj.",HR,train_file,1798,19075,414,train,ucenje,M_Negative,M_Negative,M_Negative,Negative,dva_kodera_i_uskladjenje
train-1799,"Sve to pomoći će nam da iz ove pandemije izađemo kao bolje, zdravije društvo, kao bolji građani svjesni svoje osobne odgovornosti za zdravlje ali i odgovornosti za zdravlje svih oko nas.",HR,train_file,1799,191818,847,train,ucenje,Positive,Positive,Positive,Positive,dva_kodera_i_uskladjenje
train-1800,"Poslodavcu treba ponuditi po uzoru na Njemačku i Austriju kompletnu uslugu svojevrsni ključ u ruke da za jedinstvenu stopu doprinosa koja uključuje preventivu, medicinu rada i ispitivanje radnog okoliša.",HR,train_file,1800,62890,346,train,ucenje,Positive,P_Neutral,P_Neutral,Neutral,dva_kodera_i_uskladjenje
train-1801,"Stoga ja ću samo podsjetiti koliko je važnost, treba staviti naglasak i na radionice predavanja, odnosno na tu specijalizaciju sudaca.",HR,train_file,1801,108566,1827,train,ucenje,P_Neutral,Positive,P_Neutral,Neutral,dva_kodera_i_uskladjenje
train-1804,"Na žalost zbog toga smo čini se imali i određene teškoće sa EU projektima, sa povlačenjem sredstava.",HR,train_file,1804,99585,632,train,ucenje,Negative,Negative,Negative,Negative,dva_kodera_i_uskladjenje
train-1805,"Dakle, zašto idemo sa odredbom da je trgovac dužan kupcu dati uputstvo za upotrebu ili garancijski list ili opasnost moguće eksplozije samo ako je prodavač to osigurao?",HR,train_file,1805,93771,1423,train,ucenje,N_Neutral,Negative,Negative,Negative,dva_kodera_i_uskladjenje
train-1806,"Koliko dovoljno radimo da pobudimo samopouzdanje, samopoštovanje, poduzetničku kulturu, sposobnost svakog čovjeka da maksimalizira svoje kapacitete i da ih iskoristi za dobrobit sebe, svoje obitelji, svoje zajednice.",HR,train_file,1806,102013,72,train,provjera,Positive,Positive,Positive,Positive,dva_kodera_i_uskladjenje
train-1808,"Onaj drugi prijedlog oko obaveze dostava rješenja ili odbačaja kaznene prijave bi trebalo biti negdje, dakle odbačaj kaznene prijave po meni u članku 225.",HR,train_file,1808,19766,415,train,provjera,P_Neutral,N_Neutral,P_Neutral,Neutral,dva_kodera_i_uskladjenje
train-1809,"S obzirom da se znanost sve aktivnije bavi istraživanjima klimatskih promjena, cilj je još dodatno potaknuti znanstvena istraživanja i bolje shvaćanje promjena, i rješavanja brojnih nepoznanica.",HR,train_file,1809,188102,843,train,ucenje,Positive,Positive,Positive,Positive,dva_kodera_i_uskladjenje
train-1810,"Da se razumijemo, ovo o čemu govorimo, dakle smanjenje plaća premijeru, ministrima i ostalim državnim dužnosnicima nije, ne može biti niti se smije nazivati nikakvom antirecesijskom mjerom.",HR,train_file,1810,29218,433,train,ucenje,Negative,Negative,Negative,Negative,dva_kodera_i_uskladjenje
train-1811,Hrvatska obrtnička komora naime je u posljednjih 12 godina osigurala je naučničkih mjesta za 82300 naučnika po obrazovnoj godini i razredu.,HR,train_file,1811,28008,1562,train,ucenje,Positive,P_Neutral,Positive,Positive,dva_kodera_i_uskladjenje
train-1815,"Znači njima država opterećenje, šta će država da socijalno štiti one koji su najugroženiji.",HR,train_file,1815,21088,2401,train,ucenje,Negative,M_Negative,Negative,Negative,dva_kodera_i_uskladjenje
train-1817,"Čitajući ovaj zakon, a posebice članak 17. moram ustvrditi da je to bilo lažno obećanje.",HR,train_file,1817,45021,2324,train,ucenje,Negative,Negative,Negative,Negative,dva_kodera_i_uskladjenje
train-1820,"Gospodine predsjedniče Hrvatskog sabora, Vlada prihvaća amandman Odbora za zakonodavstvo.",HR,train_file,1820,80131,1928,train,ucenje,Positive,P_Neutral,P_Neutral,Neutral,dva_kodera_i_uskladjenje
train-1821,"Podatak kaže da 1.200, milijardu 255 miliona kuna za 473.869 zaposlenika je isplaćeno samo u mjesecu prosincu prošle godine kada je ta mjera stupila na snagu.",HR,train_file,1821,177110,113,train,ucenje,P_Neutral,P_Neutral,P_Neutral,Neutral,dva_kodera_i_uskladjenje
train-1822,"Prvo bih se htio zahvaliti svim građanima Belog Manastira, svim Baranjcima i svim Slavoncima koji su široka srca prihvatili tisuće i tisuće izbjeglica koji tumaraju gradom Belim Manastirom i Baranjom.",HR,train_file,1822,118304,1630,train,ucenje,M_Positive,Positive,Positive,Positive,dva_kodera_i_uskladjenje
train-1823,"Prvo su doista male zanatlije, obiteljski poduzetnici koji nemaju ni emocionalne potrebe ni aspiracija ni ambicija da razviju veliki biznis i drugo su inkubatori budućega velikog biznisa.",HR,train_file,1823,20642,293,train,ucenje,P_Neutral,M_Negative,P_Neutral,Neutral,dva_kodera_i_uskladjenje
train-1825,"Niti da, da gonit ćemo po službenoj dužnosti, pa da se nešto pokrene niti ne, nećemo pa neka privatna osoba privatnom tužbom goni.",HR,train_file,1825,45656,2346,train,ucenje,Negative,Negative,Negative,Negative,dva_kodera_i_uskladjenje
train-1826,Dakle već se pokazalo i dokazalo da je ovo puno efikasniji i učinkovitiji sustav i način preko financijske agencije.,HR,train_file,1826,15338,2561,train,ucenje,Positive,Positive,Positive,Positive,dva_kodera_i_uskladjenje
train-1827,"Poštovani gospodine potpredsjedniče, gospodine ministre sa suradnicima, dame i gospodo!",HR,train_file,1827,12565,279,train,ucenje,Positive,Positive,Positive,Positive,dva_kodera_i_uskladjenje
train-1828,"U EU procjenjuje se da će vrhunac oboljelih biti 2018.-oj, a u RH se azbest zabranio tek 2006.-te, pa ni to ne poštujemo.",HR,train_file,1828,108392,1572,train,ucenje,Negative,Negative,Negative,Negative,dva_kodera_i_uskladjenje
train-1829,Jer ovo je direktan pritisak na suce priko osobe tužitelja koja je fizička osoba tužila kolegu zastupnika.,HR,train_file,1829,68561,747,train,ucenje,Negative,Negative,Negative,Negative,dva_kodera_i_uskladjenje
train-1830,Mislim da bi na taj način dobili ipak više reda nego što ga imamo sada.,HR,train_file,1830,57927,331,train,ucenje,Positive,M_Positive,M_Positive,Positive,dva_kodera_i_uskladjenje
train-1832,"Svrha zakona uključuje prevenciju, sankcioniranje i suzbijanje svih vrsta nasilja u obitelji primjenom odgovarajućih mjera prema počinitelju te ublažavanje posljedica već počinjenog nasilja pružanjem zaštite i pomoći žrtvi nasilja.",HR,train_file,1832,41072,52,train,ucenje,Positive,P_Neutral,P_Neutral,Neutral,dva_kodera_i_uskladjenje
train-1834,"Nije bilo dvojbe ispred nas ""oluja"" ili europska unija.",HR,train_file,1834,4449,397,train,ucenje,Positive,Positive,Positive,Positive,dva_kodera_i_uskladjenje
train-1836,"Drugo, kolegica Majdenić je rekla da je potrošnja smanjena zbog psihološkog pritiska iz ove sabornice.",HR,train_file,1836,51053,462,train,ucenje,Negative,Negative,Negative,Negative,dva_kodera_i_uskladjenje
train-1840,"Ali sutra na ulici oni su prvi zaštitnici svih skupina, prvi odmah iskaču ovisi što je popularno.",HR,train_file,1840,168766,1758,train,ucenje,Negative,Negative,Negative,Negative,dva_kodera_i_uskladjenje
train-1841,Članak 21. zakona piše da nositelj stručne kvalifikacije kojem je priznata inozemna stručna kvalifikacija mora poznavati hrvatski jezik potreban za obavljanje regulirane profesije i da je nadležno tijelo dužno osigurati tu kontrolu.,HR,train_file,1841,109012,2385,train,ucenje,P_Neutral,P_Neutral,P_Neutral,Neutral,dva_kodera_i_uskladjenje
train-1843,Osim jednostavnijeg poslovanja trgovačkih društava objedinjavanje proizvodnje i prometa eksplozivnih tvari i oružja u jedan zakon osigurava se bolji nadzor nad eksplozivnim tvarima i oružjem što je vrlo bitno sa stajališta sigurnosti.,HR,train_file,1843,26436,698,train,ucenje,Positive,Positive,Positive,Positive,dva_kodera_i_uskladjenje
train-1845,"A podsjećam da poglavlje 23 nije bila samo borba protiv korupcije, borba protiv organiziranog kriminala, borba protiv kriminala općenito, nego je to svakako bilo suđenje za ratne zločine.",HR,train_file,1845,17116,1408,train,provjera,N_Neutral,M_Positive,N_Neutral,Neutral,dva_kodera_i_uskladjenje
train-1849,"Pa prema tome gospodine Bulj, ako vas svrbi Živi zid, onda barem pokušajte izmisliti nekakve uvjerljivije argumente.",HR,train_file,1849,82090,1957,train,ucenje,Negative,Negative,Negative,Negative,dva_kodera_i_uskladjenje
train-1851,"Bojim se da će se tu otvoriti mogućnost uhljebljivanja jer će se tu sad izgubiti stručnost i ono bitno, neutralnost.",HR,train_file,1851,161912,826,train,ucenje,Negative,Negative,Negative,Negative,dva_kodera_i_uskladjenje
train-1852,Generalno zanima ih hoće li rasti sve ono što bi voljeli da im ne raste u ekonomskom i financijskom smislu jer je kućni budžet već i previše preopterećen.,HR,train_file,1852,801,663,train,ucenje,Negative,Negative,Negative,Negative,dva_kodera_i_uskladjenje
train-1853,"Potrebno je da rasprave budu kvalitetne, sadržajne, pune prijedloga kvalitetnih.",HR,train_file,1853,2784,86,train,ucenje,Positive,P_Neutral,Positive,Positive,dva_kodera_i_uskladjenje
train-1856,"Dakle, kad govorimo o ravnateljima, ravnatelji su zaposleni na neodređeno vrijeme, prema tome svaki od njih je imao pravo naći svoje mjesto u sustavu.",HR,train_file,1856,17225,534,train,ucenje,Positive,P_Neutral,P_Neutral,Neutral,dva_kodera_i_uskladjenje
train-1857,Prosjek rasta proračunskih sredstava u posljednje četiri godine bio je zapravo od 464 na oko 650-tak milijuna kuna odnosno svake godine je kulturni proračun rastao za nekih 10%.,HR,train_file,1857,4046,269,train,ucenje,Positive,Positive,Positive,Positive,dva_kodera_i_uskladjenje
train-1858,"Dapače, zaslužio je prije da bude bogat i da vozi Mercedes nego oni tajkunski sinovi, bankarski sinovi i fondomanski sinovi koji se rađaju sa BMW-ima i Mercedesima.",HR,train_file,1858,80072,509,train,ucenje,Negative,M_Negative,M_Negative,Negative,dva_kodera_i_uskladjenje
train-1860,"Dakle koja proizlazi upravo iz braniteljskog statusa koji je uz sve ostale kriterije omogućio da taj čovjek, branitelj, žena ili već član obitelji i ostvari to pravo na opskrbninu.",HR,train_file,1860,61240,581,train,provjera,Positive,P_Neutral,P_Neutral,Neutral,dva_kodera_i_uskladjenje
train-1863,"Istovremeno, nije se osigurala odgovarajuća zamjena u ambulantama za hitnu službu pri domovima zdravlja, pa je došlo do neželjenih posljedica i slučajeva gdje sada imamo problem i gdje se optužuju liječnici itd.",HR,train_file,1863,1772,511,train,ucenje,Negative,Negative,Negative,Negative,dva_kodera_i_uskladjenje
train-1864,A na godišnjoj razini njihov iznos je oko 8 milijardi kuna.,HR,train_file,1864,54306,1461,train,ucenje,P_Neutral,P_Neutral,P_Neutral,Neutral,dva_kodera_i_uskladjenje
train-1865,"Dakle njima je cilj da što prije plovilima koja su nažalost suvremenija i brža od naše ratne flote se domognu obale i onda rade distribuciju cigareta, alkohola nažalost i droge.",HR,train_file,1865,165022,1822,train,ucenje,Negative,Negative,Negative,Negative,dva_kodera_i_uskladjenje
train-1869,"Dakle, dopunom ove zakonske odredbe, radnici će ostvariti pravo na povećanja, koja im se jamče za prekovremeni rad, noćni rad, rad blagdanom itd.",HR,train_file,1869,64442,741,train,ucenje,Positive,P_Neutral,Positive,Positive,dva_kodera_i_uskladjenje
train-1870,"U tom smislu, dakle u smislu ostavke kao moralnog čina dojmile su me se i riječi koje je izrekla sutkinja obrazlažući nepravomoćnu presudu bivšem ministru obrane i njegovom pomoćniku u aferi kamioni.",HR,train_file,1870,65686,483,train,provjera,M_Negative,M_Positive,M_Positive,Positive,dva_kodera_i_uskladjenje
train-1871,"Međutim, pošto se radi o lokalnim vodovodima i sam naziv govori znači oni su praktički na razini dijelova naselja, pojedinih naselja.",HR,train_file,1871,143358,1722,train,ucenje,P_Neutral,N_Neutral,P_Neutral,Neutral,dva_kodera_i_uskladjenje
train-1872,"Hns-ov načelnik zlatara zadužio je grad preko limita određenim zakonom, zbog velikih i nezakonitih dugova onemogućeno je normalno funkcioniranje gradske uprave kao i svih institucija koje o njoj ovise.",HR,train_file,1872,78195,507,train,ucenje,Negative,Negative,Negative,Negative,dva_kodera_i_uskladjenje
train-1874,"Republika Hrvatska danas je sigurna od minske opasnosti na svim dijelovima prometne infrastrukture, turističkih destinacija, područjima obnove, okućnicima i na prostorima oko objekata društvene namjene.",HR,train_file,1874,108847,644,train,ucenje,Positive,Positive,Positive,Positive,dva_kodera_i_uskladjenje
train-1877,Stoga bez obzira na konkretne slučajeve o kojima ne smijemo govoriti moramo ukazati da bez obzira na neovisnost sudbene vlasti postoji odgovornost.,HR,train_file,1877,55467,2217,train,ucenje,M_Negative,M_Negative,M_Negative,Negative,dva_kodera_i_uskladjenje
train-1878,Na ukupno 100 milijuna kvadrata po istoj cijeni zaradila bi 700 milijuna kuna pa se možemo zapitati koliko smo novca izgubili u posljednjih 10 godina koliko se pokušava donijeti Zakon o turističkom zemljištu.,HR,train_file,1878,56672,2421,train,ucenje,Negative,Negative,Negative,Negative,dva_kodera_i_uskladjenje
train-1879,"Borba protiv korupcije je dobra, mi ju podržavano i tražimo i zalažemo se da se sve raščisti.",HR,train_file,1879,60923,2585,train,ucenje,Positive,Positive,Positive,Positive,dva_kodera_i_uskladjenje
train-1882,"Dakle, zadovoljstvo ljudi, zadovoljstvo pacijenata, zadovoljstvo zdravstvenih djelatnika je jedan od ishoda zdravstvenog sustava kao takvoga, jedan.",HR,train_file,1882,61865,32,train,ucenje,P_Neutral,Positive,Positive,Positive,dva_kodera_i_uskladjenje
train-1883,To je misija koja je organizirana u suradnji sa iračkom Vladom i ide u pravcu jačanja obrambenih iračkih snaga i tu je do 10 pripadnika.,HR,train_file,1883,146527,2330,train,provjera,P_Neutral,Positive,P_Neutral,Neutral,dva_kodera_i_uskladjenje
train-1886,"Postoji prijetnja da će se pisati nova povijest, svaka vlast izgleda da će pisati novu povijest, postoji prijetnja da će se ilustrirati što ne treba biti prijetnja.",HR,train_file,1886,89463,2185,train,ucenje,Negative,M_Negative,Negative,Negative,dva_kodera_i_uskladjenje
train-1887,Na koji će način izgubiti tu neovisnost ako rade u sustavu koji je programiran sa godišnjim planovima inspekcijskih kontrola plus normama?,HR,train_file,1887,65886,2019,train,ucenje,N_Neutral,M_Positive,P_Neutral,Neutral,dva_kodera_i_uskladjenje
train-1892,"Poštovani gospodine predsjedniče, poštovane kolegice i kolege, poštovani državni tajniče!",HR,train_file,1892,20021,2238,train,ucenje,P_Neutral,P_Neutral,P_Neutral,Neutral,dva_kodera_i_uskladjenje
train-1893,"To naravno zahtjeva drugu vrstu politike, to naravno zahtjeva ne da se dodvoravamo javnome mijenju nego da se sukobimo sa onima koji imaju moć.",HR,train_file,1893,24356,2451,train,ucenje,M_Negative,M_Positive,M_Positive,Positive,dva_kodera_i_uskladjenje
train-1894,"Proširenje prava na mirovinu, pravo na invalidsku mirovinu pripadnicima HVO-a, ratnih vojnih invalida sa 100% oštećenja organizma prve skupine po osnovu i bolesti i ozljede.",HR,train_file,1894,50791,727,train,provjera,Positive,P_Neutral,P_Neutral,Neutral,dva_kodera_i_uskladjenje
train-1895,I to je koštalo direktni fiskalni trošak slovensku državu 10% bdp-a.,HR,train_file,1895,4001,80,train,ucenje,Negative,N_Neutral,Negative,Negative,dva_kodera_i_uskladjenje
train-1896,Predstavnik predlagatelja navodi kako je cilj ovoga sporazuma urediti pitanje predaje prihvavat vlastitih državljana kao i državljana trećih država kojih je ulazak ili boravak protuzakonit na državnom području druge ugovorene stranke.,HR,train_file,1896,65093,2136,train,ucenje,P_Neutral,N_Neutral,N_Neutral,Neutral,dva_kodera_i_uskladjenje
train-1897,"Bijeg danas 9.12.2010., e ja mislim da je to greška sustava, netko je to omogućio, da li DORH, da li USKOK, da li policija ne znam.",HR,train_file,1897,58812,1322,train,provjera,Negative,Negative,Negative,Negative,dva_kodera_i_uskladjenje
train-1898,"Dakle, od Australije do Belgije, Nizozemske gdje je obavezno glasovanje, zašto ne bi bila i Hrvatska u toj skupini visoko razvijenih zemalja koje imaju obvezno glasovanje.",HR,train_file,1898,74214,1301,train,provjera,P_Neutral,Positive,M_Positive,Positive,dva_kodera_i_uskladjenje
train-1900,"Ovih 7 točaka priroda i svrha i tijek akcija međunarodno pravno legitimna akcija, pobjednička akcija, saveznička antiteroristička akcija, odlučujuća bitka, nezaboravna bitka, posljednja bitka itd. itd.",HR,train_file,1900,61324,339,train,ucenje,P_Neutral,P_Neutral,P_Neutral,Neutral,dva_kodera_i_uskladjenje
train-1901,"Znači to je predaja onoga što je naše, naše vlasništvo u što smo mi ulagali godinama.",HR,train_file,1901,66210,1496,train,ucenje,Negative,Negative,Negative,Negative,dva_kodera_i_uskladjenje
train-1903,Pravo na profesionalnu rehabilitaciju imat će osiguranik na temelju smanjene radne sposobnosti uz preostalu radnu sposobnost prije navršene 53.godine života.,HR,train_file,1903,62672,584,train,provjera,P_Neutral,P_Neutral,P_Neutral,Neutral,dva_kodera_i_uskladjenje
train-1905,"Vjerojatno najzahtjevniji dio popisa bila je uspostava organizacijske strukture radi pripreme organizacije i provedbe popisa osnovano je 21 županijsko popisno povjerenstvo, 123 ispostave za provedbu popisa, te 699 popisnih centara.",HR,train_file,1905,104258,2560,train,provjera,N_Neutral,Positive,P_Neutral,Neutral,dva_kodera_i_uskladjenje
train-1906,"No obuhvat djece možemo povećati, istina, i dodatnim programima, ali prvenstveno povećanjem smještajnih kapaciteta, točnije, otvaranjem novih ustanova.",HR,train_file,1906,7659,402,train,provjera,Positive,M_Positive,Positive,Positive,dva_kodera_i_uskladjenje
train-1907,"Prema tom, isplatiti im se, nije ni čudo što je zapravo zamah sve veći.",HR,train_file,1907,83135,1809,train,ucenje,P_Neutral,Positive,P_Neutral,Neutral,dva_kodera_i_uskladjenje
train-1909,Pokazala da Hrvatska može imati stabilan i perspektivan rejting a ne za razliku od onoga vremena kada ste vi bili ministar kada smo tonuli s rejtingom iz godine u godinu.,HR,train_file,1909,14513,2253,train,ucenje,M_Positive,M_Positive,M_Positive,Positive,dva_kodera_i_uskladjenje
train-1912,"Upravo je stoga Europska komisija, polazeći od zaključaka Europskog vijeća da napredak u pregovorima mora pratiti napredak u usklađivanju zakonodavstva pokrenula postupak praćenja pregovora.",HR,train_file,1912,30498,308,train,ucenje,Positive,P_Neutral,P_Neutral,Neutral,dva_kodera_i_uskladjenje
train-1913,"Nadalje, o čemu sam htio danas još reći je, zabrinjavajuće izjave Vladinih dužnosnika koji iznose netočne tvrdnje ili pokazuje nepoznavanje funkcioniranja gospodarstva.",HR,train_file,1913,17056,21,train,ucenje,Negative,Negative,Negative,Negative,dva_kodera_i_uskladjenje
train-1916,"Bitne karakteristike su mu da se definitivno izjednačava sa postupcima, dakle svi postupci žalbe odnosno postupanja po prekršajima u carinskom smislu izjednačavaju se sa onim postupcima koji vladaju u općem upravnom postupku.",HR,train_file,1916,71594,492,train,ucenje,P_Neutral,P_Neutral,P_Neutral,Neutral,dva_kodera_i_uskladjenje
train-1920,"Europske integracije posljednjih 60 godina temelje se upravo na ovim načelima, donošenje pravde za prošlost s jedne strane i združenim naporima iznaći zajednička rješenja za zajedničke izazove s druge strane.",HR,train_file,1920,96455,70,train,ucenje,Positive,P_Neutral,Positive,Positive,dva_kodera_i_uskladjenje
train-1921,Netočan je navod kolege Lesara kad utvrdi da država ukida institut privatne imovine i ne štiti je i to onda sve pada na teret socijalne skrbi.,HR,train_file,1921,73371,497,train,ucenje,Negative,Negative,Negative,Negative,dva_kodera_i_uskladjenje
train-1925,"Isto tako prihvaćam da treba razlikovati lakše i teže droge, ali sa porukom da su i jedne i druge vrlo opasne.",HR,train_file,1925,19069,536,train,ucenje,M_Negative,Negative,M_Negative,Negative,dva_kodera_i_uskladjenje
train-1928,Siguran sam preko evo resornog ministarstva da će se pronaći modeli i način i da će zadrugarstvo dobiti primjereniji značaj kao bi ukupno doprinosilo u snažnijem gospodarskom razvoju naše zemlje.,HR,train_file,1928,109409,789,train,provjera,Positive,M_Positive,Positive,Positive,dva_kodera_i_uskladjenje
train-1929,Važno je napomenuti da se u okviru ovog zakona za nepostupanje u donošenju upravnih akata predviđene sankcije poput izricanja teške povrede službene dužnosti kao i sankcije za teške povrede službene dužnosti.,HR,train_file,1929,44866,557,train,ucenje,N_Neutral,N_Neutral,N_Neutral,Neutral,dva_kodera_i_uskladjenje
train-1930,"Da li je netko drugi, ne zato što sam ja bio hrabar, nego naprosto zato što sa pozicije ministra su me neke stvari smetale.",HR,train_file,1930,86364,2476,train,ucenje,M_Negative,M_Negative,M_Negative,Negative,dva_kodera_i_uskladjenje
train-1931,A i što će jamčiti ne samo sigurnost lijekova i medicinskih proizvoda hrvatskim bolesnicima nego i to da dobe najkvalitetnije lijekove i medicinske proizvode za najprimjereniju cijenu ja bih rekao.,HR,train_file,1931,41512,553,train,ucenje,M_Positive,Positive,Positive,Positive,dva_kodera_i_uskladjenje
train-1933,Hrvatski antifašisti koji su bili predvođeni komunističkom partijom i Titom Hrvatsku su svrstali na stranu pobjednika.,HR,train_file,1933,66043,1403,train,provjera,P_Neutral,Positive,Positive,Positive,dva_kodera_i_uskladjenje
train-1938,"Naravno ovdje se piše u … /Govornik se ne razumije./ … i tako dalje, ali ponavljam možda bi trebalo tu razmisliti i o toj nekakvoj distinkciji.",HR,train_file,1938,78663,1499,train,ucenje,P_Neutral,N_Neutral,P_Neutral,Neutral,dva_kodera_i_uskladjenje
train-1939,Ne postoji toliko dobar liječnik ili liječnica niti postoji dovoljno dobra medicinska sestra ili bolničar koji može nadomjestiti sramotne uvjete u kojima pred svoje zadnje dane obitavaju neki od naših određenih sugrađana.,HR,train_file,1939,33804,1617,train,ucenje,Negative,Negative,Negative,Negative,dva_kodera_i_uskladjenje
train-1943,"Postoje dakle rješenja o zatvaranju i rušenju još 2007. godine, još do dan danas ništa napravljeno nije.",HR,train_file,1943,71780,2467,train,ucenje,Negative,M_Negative,Negative,Negative,dva_kodera_i_uskladjenje
train-1944,"Da mi kažemo Europskoj komisiji gledajte, mi više ta sredstva iz europskih fondova ne želimo.",HR,train_file,1944,57703,2021,train,provjera,Negative,M_Negative,Negative,Negative,dva_kodera_i_uskladjenje
train-1945,"Morate znati da u hrvatskoj povijesti sve malo pametnije žene pogotovo vrlo uspješne žene, inteligentne i obrazovane žene su imale tragične sudbine.",HR,train_file,1945,78647,2270,train,provjera,Negative,Negative,Negative,Negative,dva_kodera_i_uskladjenje
train-1948,"Prema tome, to su osnove ali kažem voditi politiku na đemdo, trošiti ono što nemaš, to je bila karakteristika prošle Vlade u svim segmentima.",HR,train_file,1948,12955,19,train,ucenje,Negative,Negative,Negative,Negative,dva_kodera_i_uskladjenje
train-1950,"Liječenje, snalazi se na različite načine kako da osigura lijek.",HR,train_file,1950,90796,40,train,ucenje,N_Neutral,N_Neutral,N_Neutral,Neutral,dva_kodera_i_uskladjenje
train-1951,Ako slučajno dignete nekakvu nekvalitetnu tužbu pa padne na sudu onda je kriv sud jer tamo sjede kojekakvi suci koji jedva čekaju da bi nekakvu političku zaštićenu osobu oslobodili krivnje.,HR,train_file,1951,40734,448,train,ucenje,Negative,Negative,Negative,Negative,dva_kodera_i_uskladjenje
train-1952,Hrvatska nastoji osigurati maksimalno povoljan okvir za gospodarski rast i izravna ulaganja te mnogim međunarodnim tvrtkama otvara vrata prema tržištima jugoistočne Europe.,HR,train_file,1952,74669,502,train,ucenje,Positive,Positive,Positive,Positive,dva_kodera_i_uskladjenje
train-1958,Srpska je vojska priznala poraz činom predaje 8. kolovoza 1995. godine u 19 sati kada je u Viduševcu zapovjednik 21.,HR,train_file,1958,61322,1593,train,ucenje,Negative,N_Neutral,N_Neutral,Neutral,dva_kodera_i_uskladjenje
train-1959,"Dakle, autoriteta koji propisuju sve u ovom društvu i kakav je nalaz ove revizije po prilici sličan kao i prethodnih godina i ovaj put mi je prilično lako govoriti za ovom govornicom.",HR,train_file,1959,69409,594,train,ucenje,Negative,M_Negative,Negative,Negative,dva_kodera_i_uskladjenje
train-1960,"Dakle prije svega mislim da je to isto zloporaba, a pogotovo nije pošteno u te svrhe koristiti nacionalne manjine.",HR,train_file,1960,67760,1522,train,provjera,Negative,Negative,Negative,Negative,dva_kodera_i_uskladjenje
train-1961,"Da, Atena je propala politički, da propala je vojno, ali duhovno nikad nije propala.",HR,train_file,1961,87703,621,train,provjera,M_Positive,M_Positive,M_Positive,Positive,dva_kodera_i_uskladjenje
train-1962,"No međutim, POS je ostao otprilike na nešto manjim iznosima nego što je bilo prije, dakle tu nemamo neku ambiciju.",HR,train_file,1962,22921,1334,train,ucenje,Negative,M_Negative,Negative,Negative,dva_kodera_i_uskladjenje
train-1967,Predlaganih po udrugama iz kulture te uglednih kulturtih djelatnika a imenovanih u vladi RH.,HR,train_file,1967,9074,1948,train,ucenje,P_Neutral,P_Neutral,P_Neutral,Neutral,dva_kodera_i_uskladjenje
train-1968,"Ukinut županije Hrvatska nije tolika država da ima tolike župane, tolike faraone.",HR,train_file,1968,175406,1576,train,ucenje,Negative,Negative,Negative,Negative,dva_kodera_i_uskladjenje
train-1970,"Govornik se ne razumije./... volimo kad pobjeđujemo, nešto manje smo sretni kad gubimo i tu bojim se da to ovisi o svakom od nas.",HR,train_file,1970,127557,1733,train,provjera,M_Negative,M_Positive,M_Positive,Positive,dva_kodera_i_uskladjenje
train-1971,Ali mislim da je to također jedna od vrlo perfidnih podvala.,HR,train_file,1971,91141,1652,train,ucenje,Negative,Negative,Negative,Negative,dva_kodera_i_uskladjenje
train-1972,Ali to bi mogao biti jedan problem za državni proračun.,HR,train_file,1972,1504,2500,train,ucenje,Negative,M_Negative,Negative,Negative,dva_kodera_i_uskladjenje
train-1973,"Meni se čini da hoće, ali bilo bi dobro čuti još dodatno obrazloženje.",HR,train_file,1973,202694,119,train,ucenje,M_Positive,M_Positive,M_Positive,Positive,dva_kodera_i_uskladjenje
train-1974,Prije su buduća uhićenja bila servirana od strane DORH-a uglavnom putem medija što je sada uljuđeno.,HR,train_file,1974,116955,1896,train,provjera,M_Negative,M_Negative,M_Negative,Negative,dva_kodera_i_uskladjenje
train-1976,"Tehnike kontrola riječnih poplava značajno su poboljšane nakon onih prvih katastrofalnih poplava, a o čemu su posvjedočili nedavno građani Međimurja.",HR,train_file,1976,85701,1726,train,ucenje,M_Positive,M_Positive,M_Positive,Positive,dva_kodera_i_uskladjenje
train-1977,"Ocijenili smo da se nedovoljno planiraju sredstva za znanost i obrazovanje, jer nominalno povećanje u okviru rasta pokriva samo nominalni rast plaća i stagnaciju.",HR,train_file,1977,25399,302,train,ucenje,Negative,Negative,Negative,Negative,dva_kodera_i_uskladjenje
train-1978,"Pobjednici u ratu poraženi su u miru, a po prvi puta u povijesti ratovanja povijest pišu gubitnici, a ne pobjednici.",HR,train_file,1978,71185,1383,train,provjera,Negative,Negative,Negative,Negative,dva_kodera_i_uskladjenje
train-1979,Dakle ako hoćete napraviti dobro Srpskoj nacionalnoj manjini onda njih najprije morate uvjeriti da je to dobro za njih.,HR,train_file,1979,116286,2272,train,provjera,M_Negative,M_Positive,M_Positive,Positive,dva_kodera_i_uskladjenje
train-1981,"Dakle istražni, Državno odvjetništvo je to trebalo uputiti istražnom sucu, a istražni sudac ukoliko je procijenio opravdanost i utemeljenost Hrvatskom saboru.",HR,train_file,1981,75208,2458,train,provjera,N_Neutral,Negative,N_Neutral,Neutral,dva_kodera_i_uskladjenje
train-1984,I bojim se da ova poruka iz tog zakona nije dobra odnosno apsolutno da je u protivnosti sa onim što se zalažemo za demografiju.,HR,train_file,1984,4307,684,train,ucenje,Negative,Negative,Negative,Negative,dva_kodera_i_uskladjenje
train-1985,"To je velika koalicija, ali velika koalicija plus, sa jednim velikim plus.",HR,train_file,1985,826,1991,train,ucenje,P_Neutral,Positive,P_Neutral,Neutral,dva_kodera_i_uskladjenje
train-1989,Nužno je osigurati mobilne timove palijativne skrbi na razini primarne zdravstvene zaštite koju će uz patronažnu službu i zdravstvenu njegu u kući biti ključni u organizaciji skrbi za palijativne bolesnike.,HR,train_file,1989,11843,85,train,ucenje,P_Neutral,P_Neutral,P_Neutral,Neutral,dva_kodera_i_uskladjenje
train-1991,I vezano za to Klub zastupnika HDZ-a ne može prihvatiti ovaka prijedlog zakona.,HR,train_file,1991,188466,844,train,ucenje,Negative,N_Neutral,Negative,Negative,dva_kodera_i_uskladjenje
train-1992,"Je, slažem se, veći pdv, ali isto tako dozvoliti ćete značajni pad potrošnje domaćinstva, značajni pad industrijske proizvodnje, prema tome naplaćen je veći pdv.",HR,train_file,1992,46676,561,train,ucenje,Negative,M_Negative,Negative,Negative,dva_kodera_i_uskladjenje
train-1997,"Ja vas sad pitam, je li vlada dolazi na suglasnost, podršku, povjerenje sabora, ili sabor je taj koji treba slušati vladu?",HR,train_file,1997,101697,784,train,ucenje,Negative,M_Negative,M_Negative,Negative,dva_kodera_i_uskladjenje
train-1999,Porezna uprava provesti godišnji sistemski ili sustavni otpis duga za koji je s 1. siječnja tekuće godine nastupila zastara prava na naplatu.,HR,train_file,1999,13229,1721,train,ucenje,P_Neutral,Positive,P_Neutral,Neutral,dva_kodera_i_uskladjenje
train-2001,"Trebali smo braniti zbog toga da sačuvamo autonomiju građanske škole, a nismo.",HR,train_file,2001,87561,2206,train,ucenje,Negative,M_Negative,Negative,Negative,dva_kodera_i_uskladjenje
train-2004,"Evo, čitajući ovaj dokument i razmišljajući o predloženoj strategiji sjetio sam se socijal-demokratske vizije i definicije kvalitete života koja je zapravo temeljni cilj održivog razvitka.",HR,train_file,2004,27495,430,train,ucenje,Positive,Positive,Positive,Positive,dva_kodera_i_uskladjenje
train-2007,"Pa npr. pravo na zdravlje, kvalitetnu zdravstvenu skrb i kvalitetne lijekove ovisili su i ovise o financijskoj moći pojedinca.",HR,train_file,2007,71656,493,train,ucenje,Negative,Negative,Negative,Negative,dva_kodera_i_uskladjenje
train-2008,"Znači nemamo strategiju poljoprivredne proizvodnje, ali ćemo od poljoprivrednika tražiti da naprave program kako bi se natjecali za neko zemljište atraktivno ili manje atraktivno zemljište u sljedećih 50 godina.",HR,train_file,2008,29639,1449,train,ucenje,Negative,Negative,Negative,Negative,dva_kodera_i_uskladjenje
train-2010,Ovakav udio očekuje se i u budućnosti stoga je žarište politike energetske učinkovitosti u sektoru prijevoza upravo na cestovnom prijevozu.,HR,train_file,2010,65372,2446,train,ucenje,P_Neutral,Positive,P_Neutral,Neutral,dva_kodera_i_uskladjenje
train-2011,"Tijekom te prve 2009. godine svjetsko gospodarstvo prošlo kroz najtežu fazu gospodarske krize, te je krajem tog promatranog razdoblja se počelo pokazivati prvi znakovi stabilizacije.",HR,train_file,2011,48745,1975,train,ucenje,M_Negative,M_Negative,M_Negative,Negative,dva_kodera_i_uskladjenje
train-2012,A naš poslovnik je neka vrsta malog Ustava za nas zastupnike.,HR,train_file,2012,83834,2389,train,ucenje,P_Neutral,P_Neutral,P_Neutral,Neutral,dva_kodera_i_uskladjenje
train-2014,"Dakle, upravljači javnih cesta dovedeni su u neravnopravan položaj s vlasnicima i upravljačima instalacija koji polažu svoje instalacije uz trup ceste.",HR,train_file,2014,34627,711,train,ucenje,Negative,Negative,Negative,Negative,dva_kodera_i_uskladjenje
train-2017,"Ja se nadam da ove inspekcije nisu samo inspekcije za one male obrtnike i male trgovine, male kafiće i male ljude.",HR,train_file,2017,115360,793,train,ucenje,M_Negative,M_Negative,M_Negative,Negative,dva_kodera_i_uskladjenje
train-2019,Čitajući članak 6. koji kaže da pacijent ima pravo na suodlučivanje koje obuhvaća pravo pacijenta na obavještenost i pravo na prihvačanje ili odbijanje pojedinog dijagnostičkog odnosno terapijskog postupka.,HR,train_file,2019,24545,301,train,ucenje,P_Neutral,P_Neutral,P_Neutral,Neutral,dva_kodera_i_uskladjenje
train-2020,Ministar je zadnji puta potvrdio da je bila gužva pa da nisu to mogli izdavati.,HR,train_file,2020,200268,2099,train,provjera,N_Neutral,N_Neutral,N_Neutral,Neutral,dva_kodera_i_uskladjenje
train-2021,"Iz SDP-a nije htio nitko sudjelovati u snimanju tog filma, a tada sam rekao da nereakcija Vlade bilo koje na ovu pojavu je kao da ne reagira na požar ili poplavu.",HR,train_file,2021,119317,1327,train,provjera,Negative,Negative,Negative,Negative,dva_kodera_i_uskladjenje
train-2022,"Kao jamstvo tim obećanjima dali ste svoju političku funkciju na raspolaganje, kako je danas oprečno obećanom kada ćete aktivirati dano jamstvo i dati ostavku?",HR,train_file,2022,77861,68,train,provjera,Negative,N_Neutral,Negative,Negative,dva_kodera_i_uskladjenje
train-2023,"To je nešto na tragu one slavne sudske kako se u ratu ne mogu počiniti zločini i tako dalje, i tako bliže.",HR,train_file,2023,33212,1356,train,ucenje,Negative,Negative,Negative,Negative,dva_kodera_i_uskladjenje
train-2025,Hrvatski sabor je na sjednici 7. srpnja 2017. prihvatio prijedlog zakona.,HR,train_file,2025,51151,729,train,ucenje,Positive,P_Neutral,P_Neutral,Neutral,dva_kodera_i_uskladjenje
train-2029,Poslovnika Hrvatskog sabora predlaže donošenje odluke da se za vrijeme trajanja zastupničkog mandata uskraćuje odobrenje za vođenje kaznenog postupka protiv zastupnika Gorana Beusa Richembergha po privatnoj tužbi tužitelja Ante Rotima iz Donje Lomnice.,HR,train_file,2029,27843,542,train,ucenje,N_Neutral,N_Neutral,N_Neutral,Neutral,dva_kodera_i_uskladjenje
train-2030,"I konačno riješite javnu upravu na način da oni koji rade su tu, a oni koji ne rade .../",HR,train_file,2030,175886,856,train,ucenje,M_Negative,M_Negative,M_Negative,Negative,dva_kodera_i_uskladjenje
train-2032,"Vi ne možete skupiti u sabornici većinu zastupnika… …/Upadica sa strane, ne razumije se./…",HR,train_file,2032,113601,791,train,ucenje,Negative,Negative,Negative,Negative,dva_kodera_i_uskladjenje
train-2033,No pri tome je vrlo važno znati je li na tom prostoru za kojega ste rekli prosječnu cijenu oko 1000 eura bilo kao prethodno pitanje riješeno imovinskopravni odnosi.,HR,train_file,2033,108013,643,train,ucenje,N_Neutral,N_Neutral,N_Neutral,Neutral,dva_kodera_i_uskladjenje
train-2034,A naknadno se utvrdilo da je prijava stradavanja s osnova ozljede bila lažna i u pravomoćnoj sudskoj presudi.,HR,train_file,2034,81035,610,train,ucenje,Negative,N_Neutral,Negative,Negative,dva_kodera_i_uskladjenje
train-2037,A ako se kradom i sastanu sa optuženicima za kriminal i to javnost otkrije oni bez puno razmišljanja podnesu ostavku.,HR,train_file,2037,57988,474,train,ucenje,Negative,Negative,Negative,Negative,dva_kodera_i_uskladjenje
train-2039,"Za moje oružje, za oružje Dragice, Ivane, Anta Sanadera i MUP i država i svi živi znaju.",HR,train_file,2039,26454,699,train,ucenje,Negative,M_Negative,M_Negative,Negative,dva_kodera_i_uskladjenje
train-2041,I sada to dovodimo u vezu sa centralizacijom ili decentralizacijom.,HR,train_file,2041,104487,2575,train,ucenje,P_Neutral,M_Negative,N_Neutral,Neutral,dva_kodera_i_uskladjenje
train-2042,Znači vlada još nije ni formirana već imamo sukob u kojemu ne izabrana ministrica prijeti ostavkom odnosno zastupnik prijeti otkazivanjem povjerenja dakle konkretno zastupnik Zekanović oko kurikuralne reforme.,HR,train_file,2042,39813,715,train,ucenje,Negative,Negative,Negative,Negative,dva_kodera_i_uskladjenje
train-2043,Ili ćemo štedjeti i izaći iz krie ili ćemo se i dalje zaduživati i tonuti i doći do scenarija Grčke što mislim da nikome od nas nije u interesu.,HR,train_file,2043,7261,1364,train,ucenje,M_Negative,M_Negative,M_Negative,Negative,dva_kodera_i_uskladjenje
train-2045,Tko je dao dozvolu za kredit od 13 milijuna Požeškoj županiji 2003. godine?,HR,train_file,2045,69787,1824,train,provjera,N_Neutral,M_Negative,N_Neutral,Neutral,dva_kodera_i_uskladjenje
train-2046,"Pa zato jer Slovenija i ovako i onako imam dojam, neće izgubiti ništa.",HR,train_file,2046,31994,436,train,ucenje,Positive,M_Negative,M_Positive,Positive,dva_kodera_i_uskladjenje
train-2047,"Otišli ste, niste sačekali da vam kažem nešto što je trebalo da čujete, ali reći ću vam.",HR,train_file,2047,90314,1417,train,ucenje,Negative,M_Negative,M_Negative,Negative,dva_kodera_i_uskladjenje
train-2051,"Članovi Državne komisije, 4 člana, pravnici, deset godina rada u struci, tri godine u javnoj nabavi.",HR,train_file,2051,26360,541,train,ucenje,P_Neutral,P_Neutral,P_Neutral,Neutral,dva_kodera_i_uskladjenje
train-2052,"Ovisan je o percepciji glasača, o zadovoljstvu građana, zadovoljstvu potrošača i puno je zahvalnije kad se zna ko za što odgovara u sustavu, nego kad imamo apstraktne situacije.",HR,train_file,2052,65774,2145,train,ucenje,Negative,M_Positive,P_Neutral,Neutral,dva_kodera_i_uskladjenje
train-2053,"Odboru su dostavili pisane primjedbe na navedeni akt Ured pravobraniteljice za djecu, Udruga diplomiranih studenata Visoke škole za sigurnost Alumni VŠS, Hrvatska gospodarska komora, te predstavnici istaknutih stručnjaka zaštite na radu.",HR,train_file,2053,71643,597,train,provjera,N_Neutral,N_Neutral,N_Neutral,Neutral,dva_kodera_i_uskladjenje
train-2056,"Izvanrednog povjerenika imenuje sud u procesu u kojem sud nakon što je zaprimio zahtjev za otvaranje postupka izvanredne uprave, poziva Vladu da predloži izvanrednog povjerenika.",HR,train_file,2056,14362,1648,dev,ucenje,P_Neutral,P_Neutral,P_Neutral,Neutral,dva_kodera_i_uskladjenje
train-2058,"Pitanje upućujem potpredsjednici Vlade i ministrici obitelji, branitelja i međugeneracijske solidarnosti.",HR,train_file,2058,77562,2066,dev,provjera,Positive,P_Neutral,P_Neutral,Neutral,dva_kodera_i_uskladjenje
train-2060,"Znači, vama je opasnija osoba koja ima 2 grama marihuane kod sebe nego ona koja vozi šleper cigareta.",HR,train_file,2060,71595,2281,dev,ucenje,Negative,Negative,Negative,Negative,dva_kodera_i_uskladjenje
train-2062,"Pa kako to da mi nemamo snage reći Europskoj uniji nije obostrani interes i mi ne možemo prihvatiti u tako kratkom roku tako naglo, nagle promjene kvota.",HR,train_file,2062,22490,295,dev,ucenje,Negative,Negative,Negative,Negative,dva_kodera_i_uskladjenje
train-2065,"Dakle sam prijedlog zakona ne riješava obje strane medalje, demokratske medalje.",HR,train_file,2065,201410,858,dev,provjera,Negative,N_Neutral,Negative,Negative,dva_kodera_i_uskladjenje
train-2066,"Da ovaj zakon ispravlja određene nepravde, da je zakon financijski podnošljiv i napose provediv, stječe se dojam da je ovaj zakon pun pogodak.",HR,train_file,2066,24350,1546,dev,ucenje,Positive,M_Negative,M_Positive,Positive,dva_kodera_i_uskladjenje
train-2067,Nego čvrstim odlučnim inzistiranjem na onome što sam već spomnuo.,HR,train_file,2067,22996,297,dev,ucenje,Positive,Positive,Positive,Positive,dva_kodera_i_uskladjenje
train-2069,"O čemu razgovarati glede bilo kakvog smislenog sportskog razvoja ako nismo spremni regulirati da je naprosto nemoguće nedopustivo napraviti, otvoriti više i jednu školski obrazovnu ustanovu u Hrvatskoj koja nema pripadajuću sportsku dvoranu.",HR,train_file,2069,15061,978,dev,ucenje,Negative,M_Negative,Negative,Negative,dva_kodera_i_uskladjenje
train-2071,"Evo, od kolegice Perić sam čuo da je Zadar jedan od najtransparentnijih gradova premda se to ne bi moglo reći ni za Zadar, ni za Zadarsku županiju.",HR,train_file,2071,35526,1517,dev,provjera,Negative,Negative,Negative,Negative,dva_kodera_i_uskladjenje
train-2072,"Dakle kada je riječ o hrvatskom Ustavu, antifašizmu koji je ugrađen u preambulu Ustava, mislim da tu svi dijelimo te vrijednosti.",HR,train_file,2072,149733,2269,dev,ucenje,Positive,Positive,Positive,Positive,dva_kodera_i_uskladjenje
train-2073,Na raspravu o učincima provedbe Zakona o otocima obvezuje nas članak 38.,HR,train_file,2073,1611,1881,dev,ucenje,P_Neutral,P_Neutral,P_Neutral,Neutral,dva_kodera_i_uskladjenje
train-2076,"Kao prvo, on nije utemeljen na nikakvoj Direktivi EU-a, kao drugo, on je suprotan Ustavu, kao treće, ta odredba je sadržana u Kaznenom Zakonu uz pripadajuće sankcije.",HR,train_file,2076,65398,588,dev,ucenje,Negative,N_Neutral,Negative,Negative,dva_kodera_i_uskladjenje
train-2077,"Alternativa NATO-u bila bi samo vođenje samostalne obrambene politike, ustrojavanje svojih oružanih snaga koje bi bile spremne za odgovoriti bilo kakvoj ugrozi i povredi granica i sigurnosti RH.",HR,train_file,2077,62503,343,dev,provjera,N_Neutral,N_Neutral,N_Neutral,Neutral,dva_kodera_i_uskladjenje
train-2078,Dakle izraz nepovjerenja gdje se je brzinski tražilo da se na brzinu sklepa kakav takav prijedlog zakona i stavi na stol i da u proceduru kako bi se to odglasalo prije usvajanja vlade.,HR,train_file,2078,1005,958,dev,ucenje,Negative,Negative,Negative,Negative,dva_kodera_i_uskladjenje
train-2079,"Naime, mnoge su razvijene zemlje shvatile da su za izgradnju društva znanja i socijalne uključenosti izuzetno važni svi oblici stjecanja kompetencija ne samo i isključivo formalni oblik.",HR,train_file,2079,6710,1435,dev,ucenje,P_Neutral,P_Neutral,P_Neutral,Neutral,dva_kodera_i_uskladjenje
train-2081,"Zdravo bi društvo trebalo ovisi o slobodnom poduzetništvu, o zdravoj klimi za investicije, a ne da nam se ozbiljni gospodarski partneri bježe iz Hrvatske jer mi se vodimo kao visoko koruptivna zemlja.",HR,train_file,2081,9815,177,dev,ucenje,Negative,Negative,Negative,Negative,dva_kodera_i_uskladjenje
train-2086,"Ubacivanje toga, ubacivanje čipa u pištolje puno je zahtjevniji posao, s obzorom na to da se osjetljivi, a moraju funkcionirati u najtežim uvjetima eksploatacije i izdržati ekstremne udarce i temperature.",HR,train_file,2086,24499,300,dev,provjera,N_Neutral,N_Neutral,N_Neutral,Neutral,dva_kodera_i_uskladjenje
train-2087,"Zakonski paket koji sadrži tri zakona: o probaciji, izvršavanju kazne zatvora i izvršavanju sankcija izrečenih maloljetnicima sastavni je dio reformskog paketa o kojem sam maločas govorio.",HR,train_file,2087,6580,913,dev,provjera,P_Neutral,N_Neutral,N_Neutral,Neutral,dva_kodera_i_uskladjenje
train-2088,"To znači da gube građani, da gubi država, a dobivaju banke.",HR,train_file,2088,84308,380,dev,ucenje,Negative,Negative,Negative,Negative,dva_kodera_i_uskladjenje
train-2089,Pitam se kada je rebalans proračuna donesen pri kraj studeno 2014. godine i tada se nije ni planiralo niti se moglo pretpostaviti da će biti potrebno ugovoriti ovakve poslove.,HR,train_file,2089,102178,2551,dev,provjera,Negative,M_Negative,N_Neutral,Neutral,dva_kodera_i_uskladjenje
train-2092,Također smatram da bi za prekršitelje ove odredbe zakonodavac trebao predvidjeti određene sankcije i kazne kako bi onemogućio različite zlouporabe ove odredbe u praksi.,HR,train_file,2092,41984,1243,dev,ucenje,Negative,M_Negative,M_Negative,Negative,dva_kodera_i_uskladjenje
train-2095,"Mi ove godine smo proslavili, još uvijek proslavljamo 70 godina pobjede nad fašizmom.",HR,train_file,2095,87617,620,dev,ucenje,Positive,Positive,Positive,Positive,dva_kodera_i_uskladjenje
train-2096,To mislim da je potrebno u zakonu svakako napisati jer postoji jedna odluka Ustavnog suda koja je brisala jednu dosadašnju odredbu iz koje zapravo se dalo iščitati da je suglasnost upravni akt.,HR,train_file,2096,110827,790,dev,provjera,N_Neutral,M_Positive,P_Neutral,Neutral,dva_kodera_i_uskladjenje
train-2098,Taj je naravno broj određenih oblika nasilja rastao do čak 35%.,HR,train_file,2098,65304,1289,dev,ucenje,Negative,Negative,Negative,Negative,dva_kodera_i_uskladjenje
train-2099,Vlasnik je taj koji onečišćava i problem onečišćenja treba riješiti onečišćivač bez obzira na svu legislativu jer nitko ne može sekundarno prisiliti nekoga tko je primarni problem.,HR,train_file,2099,8688,2363,dev,ucenje,Negative,Negative,Negative,Negative,dva_kodera_i_uskladjenje
train-2100,"Pa tako npr. mi imamo ovdje, kaže se daljnji razvoj hrvatskog kvalifikacijskog okvira.",HR,train_file,2100,37026,2350,dev,provjera,P_Neutral,Positive,P_Neutral,Neutral,dva_kodera_i_uskladjenje
train-2101,"Da bi ti ljudi osjetili zahvalnost i brigu onih za koje su bili spremni žrtvovati živote, zdravlje, tijelo, obiteljski život, profesionalne karijere, školovanje i građanski mir.",HR,train_file,2101,71943,494,dev,ucenje,Positive,M_Positive,M_Positive,Positive,dva_kodera_i_uskladjenje
train-2102,U ovom trenutku Republika Hrvatska nema riješene skladišne kapacitete za količine nafte i naftnih derivata koje smo kao država dužni skladištiti kao zalihe.,HR,train_file,2102,7002,1615,dev,ucenje,Negative,Negative,Negative,Negative,dva_kodera_i_uskladjenje
train-2103,"Hitan prekid privatizacijskih ugovora, utvrđenje kaznene odgovornosti za sve aktere prije i poslije i razrada koncepta ostanka Brodosplita u mogućoj suradnji sa Uljanikom.",HR,train_file,2103,82822,1421,dev,ucenje,N_Neutral,Negative,N_Neutral,Neutral,dva_kodera_i_uskladjenje
train-2104,"Prema tome i ima nekih izuzetaka, ali većinom u upravi rade ljudi koji su i radili koji su bili i školovani i koji su sposobni za obaviti taj posao.",HR,train_file,2104,9757,1655,dev,ucenje,Positive,M_Positive,Positive,Positive,dva_kodera_i_uskladjenje
train-2105,"Članak 20. prekršajne odredbe, među tim prekršajima imamo prekršaje koji su odgovornost osnivača, a po članku kako ste to formulirali plaćanje troška spada, plaćanje kazni pada na vrtiće.",HR,train_file,2105,7802,969,dev,ucenje,Negative,N_Neutral,Negative,Negative,dva_kodera_i_uskladjenje
train-2106,"I sada vi možete tvrditi koliko god hoćete da niste dali prava kada je to evidentno kao da je dan, vi ne možete reći da u 8 ujutro pada mrak kada sviće sunce.",HR,train_file,2106,15063,1527,dev,provjera,Negative,Negative,Negative,Negative,dva_kodera_i_uskladjenje
train-2107,"Prirodna baština mi ćemo danas imati u raspravi Strategiju o prirodi, odnosno o zaštiti prirode.",HR,train_file,2107,52853,1705,dev,ucenje,P_Neutral,P_Neutral,P_Neutral,Neutral,dva_kodera_i_uskladjenje
train-2108,"Čudi me strast nekih zastupnika koji bi do sutra ujutro govorili o nekakvim svojim političkim suparnicima, a ne bi uviđali stvarne probleme, još manje pristupili njihovomu rješavanju.",HR,train_file,2108,47447,1634,dev,ucenje,Negative,Negative,Negative,Negative,dva_kodera_i_uskladjenje
train-2109,Ali da li imamo pravno uređeno društvo visoke demokracije u kojem egzistira ravnopravnost spolova.,HR,train_file,2109,59868,2069,dev,ucenje,N_Neutral,M_Negative,N_Neutral,Neutral,dva_kodera_i_uskladjenje
train-2112,Pozdrav roditeljima koji su upravo zainteresirani za ovo i na kraju krajeva pokrenuli cijelu ovu inicijativu.,HR,train_file,2112,70966,9,dev,ucenje,Positive,Positive,Positive,Positive,dva_kodera_i_uskladjenje
train-2114,"Ali evo budući da je on iznio dvojbu na izvjestan način strah da država, govorili ste o onom Ministarstvu za obitelj, branitelje i međugeneracijsku solidarnost da država preuzme brigu za obitelj.",HR,train_file,2114,199732,1591,dev,ucenje,Negative,Negative,Negative,Negative,dva_kodera_i_uskladjenje
train-2115,No ono što me najviše zanima je uvoz i na koji način osigurati građanima zaštitu od proizvoda štetnih po ljudsko zdravlje.,HR,train_file,2115,2820,2334,dev,ucenje,N_Neutral,M_Negative,N_Neutral,Neutral,dva_kodera_i_uskladjenje
train-2117,"To je naš zalog za opstanak i ostanak Hrvatskog naroda u BIH, to je zalog za stabilnu i prosperitetnu BIH s kojom želimo dalje graditi odnose suradnje i prijateljstva.",HR,train_file,2117,71020,2002,dev,provjera,Positive,Positive,Positive,Positive,dva_kodera_i_uskladjenje
train-2121,"Dakle, zaista u ovakvoj situaciji teško je biti odlučan i reći da li prihvatiti ili ne.",HR,train_file,2121,63170,1980,dev,provjera,M_Negative,M_Negative,M_Negative,Negative,dva_kodera_i_uskladjenje
train-2122,"Naime, ovdje se među nedostatcima ili slabostima navodi i nedostatak jasnih smjernica kojima se određuje prioritet na područje istraživanja.",HR,train_file,2122,13852,1483,dev,provjera,Negative,N_Neutral,Negative,Negative,dva_kodera_i_uskladjenje
train-2126,Drugo kada se govori o analizi kvalitete u izvješću se pozitivnim ocjenjuje da je u drugom stupnju 60 do 63% odluka potvrđeno.,HR,train_file,2126,10159,1893,dev,ucenje,Positive,P_Neutral,P_Neutral,Neutral,dva_kodera_i_uskladjenje
train-2127,"Naime, razminiranje poljoprivrednih zemljišta koja su još uvijek pod minama od velikog je javnog interesa jer mine predstavljaju opasnost po živote i imovinu svih hrvatskih građana.",HR,train_file,2127,20346,896,dev,provjera,N_Neutral,M_Negative,M_Negative,Negative,dva_kodera_i_uskladjenje
train-2130,"Evo, ja se zalažem da budu što prije moguće.",HR,train_file,2130,33265,1040,dev,provjera,Positive,Positive,Positive,Positive,dva_kodera_i_uskladjenje
train-2133,"Prostornim planom također je detaljno utvrđen i potreban broj parkirališnih mjesta za osobna vozila i autobuse, a utvrđene su i lokacije privezišta za plovila.",HR,train_file,2133,5746,2439,dev,provjera,P_Neutral,P_Neutral,P_Neutral,Neutral,dva_kodera_i_uskladjenje
train-2134,"Zatim se je nastavila rasprava i na koncu se je glasovalo o Prijedlogu koji je mislim iznio kolega Luka Trconić o proglašenju ribolovnog, odnosno ekološke zone.",HR,train_file,2134,4933,2264,dev,ucenje,P_Neutral,P_Neutral,P_Neutral,Neutral,dva_kodera_i_uskladjenje
train-2137,"Dakle, dovođenje znanstvenika iz drugih sredina u Hrvatsku koji provode određeno vrijeme u Hrvatskoj radeći na našim znanstvenim projektima i sa našim znanstvenim timovima.",HR,train_file,2137,43235,451,dev,ucenje,P_Neutral,Positive,P_Neutral,Neutral,dva_kodera_i_uskladjenje
train-2139,"U našoj županiji, u piar odjelu županija ima 4-ero ljudi zaposleno, 4-ero ljudi u piar odjelu županije na neodređeno.",HR,train_file,2139,59382,579,dev,ucenje,Negative,Negative,Negative,Negative,dva_kodera_i_uskladjenje
train-2142,"Zajednički nazivnik može biti jedan, to je strah od javnosti, strah od naroda.",HR,train_file,2142,2183,2162,dev,provjera,Negative,Negative,Negative,Negative,dva_kodera_i_uskladjenje
train-2144,"Tamo čak arhitekturom se mogu baviti i ljudi koji nemaju formalna obrazovanja arhitekta, ali su tokom svog rada stekli znanja koja bi odgovarala znanju jednog arhitekta.",HR,train_file,2144,76497,505,dev,ucenje,Positive,P_Neutral,Positive,Positive,dva_kodera_i_uskladjenje
train-2145,"Ja sam osobno ponosan što sam dio tog popisa, jer to je svjedočanstvo budućim generacija tko su bili ljudi koji su branili demokraciju i slobodu građana u ovoj zemlji.",HR,train_file,2145,115984,656,dev,ucenje,Positive,Positive,Positive,Positive,dva_kodera_i_uskladjenje
train-2147,"Ma vidite kolega Markovinoviću, kriza nije došla sama od sebe niti će proći sama od sebe, to nije jedna gripa ili prehlada koja ovako dođe nenadano kao virus.",HR,train_file,2147,40625,550,dev,ucenje,Negative,Negative,Negative,Negative,dva_kodera_i_uskladjenje
train-2148,Jedino što vas mori ovaj puta da vi nemate zadnju riječ.,HR,train_file,2148,26083,1912,dev,ucenje,Negative,Negative,Negative,Negative,dva_kodera_i_uskladjenje
train-2151,"Moramo se naučiti da politika nije naslonjač, nego je naprosto jedna teška kompetitivna djelatnost a sudovi se ne bi trebali baviti politikom ali nema načina da to zabranimo, da to osujetimo.",HR,train_file,2151,109957,2160,dev,provjera,Negative,Negative,Negative,Negative,dva_kodera_i_uskladjenje
train-2152,Za gotovo sve smrtne stradale hrvatske branitelje kao i za pripadnike srpskih snaga i civila na okupiranom području poznate su okolnosti stradavanja što još nije slučaj kod smrtno stradalih civila na slobodnom području Hrvatske.,HR,train_file,2152,85124,2549,dev,ucenje,Negative,Negative,Negative,Negative,dva_kodera_i_uskladjenje
train-2154,"Useljeni stanovi su bili primjerice prošle godine u Splitu, Gospiću, Umagu i Malom Lošinju.",HR,train_file,2154,42162,1244,dev,ucenje,P_Neutral,Positive,P_Neutral,Neutral,dva_kodera_i_uskladjenje
train-2155,Mislim da je ipak ta priča o eurima i dolarima nepotrebna ovdje jer taj uvoz je rastao i on nažalost stalno raste.,HR,train_file,2155,2036,2009,dev,provjera,Negative,Negative,Negative,Negative,dva_kodera_i_uskladjenje
train-2156,"Dakle, nema apsolutno nikakvog obrazloženja zašto glavni državni odvjetnik podnosi ostavku.",HR,train_file,2156,71279,235,dev,ucenje,Negative,Negative,Negative,Negative,dva_kodera_i_uskladjenje
train-2157,Obećali smo im čitav niz mjera poticanja ulaganja koje su pravilu u zadnjih godinu dana nisu ostvarivale.,HR,train_file,2157,16166,2378,dev,ucenje,Negative,Negative,Negative,Negative,dva_kodera_i_uskladjenje
train-2160,One dvojbe ili možda nerazumijevanje koje je tijekom donošenja ovoga zakona i u području Vlade bilo istaknuto ono je razjašnjeno.,HR,train_file,2160,9651,2435,dev,ucenje,M_Positive,Positive,Positive,Positive,dva_kodera_i_uskladjenje
train-2161,"Budući ste spomenuli i humanitarnu brigu o nesretnim hrvatskim braniteljima podsjećam da nismo dobili za prošlu godinu, nije bilo izvješća o tom problemu posljednjih šest mjeseci.",HR,train_file,2161,53633,468,dev,provjera,Negative,Negative,Negative,Negative,dva_kodera_i_uskladjenje
train-2162,"Želim vam reći da smo u petak, 30. svibnja na sjednici Vlade donijeli odluku.",HR,train_file,2162,38394,2329,dev,ucenje,P_Neutral,P_Neutral,P_Neutral,Neutral,dva_kodera_i_uskladjenje
train-2163,Čini mi se da i bivši i sadašnji ministar poput Nerona pjevaju i sviraju dok Rim gori.,HR,train_file,2163,917,1189,dev,ucenje,Negative,Negative,Negative,Negative,dva_kodera_i_uskladjenje
train-2164,"Šaljemo poruku sutra ćemo privatizirati zdravstvene fondove, mirovinske fondove, poluprivatizirane ili privatizirane već imamo drugi stup mirovinskog osiguranja.",HR,train_file,2164,48092,2045,dev,provjera,P_Neutral,Negative,Negative,Negative,dva_kodera_i_uskladjenje
train-2168,"Ekološku svijest treba graditi u kući, u obitelji, u svakodnevnom životu, u vlastitom obrazovanju i u odgoju djece.",HR,train_file,2168,23253,2282,dev,ucenje,P_Neutral,Positive,Positive,Positive,dva_kodera_i_uskladjenje
train-2171,Mi smo od svih 13 ostavili 13 sa pravilima koja su pravila ponašanja prema regionalnim potporama i smjernicama Europske unije.,HR,train_file,2171,41923,1378,dev,ucenje,P_Neutral,P_Neutral,P_Neutral,Neutral,dva_kodera_i_uskladjenje
train-2172,Danas naime što se tiče nuklearnog turizma je malo vjerojatno da će neka od terorističkih skupina izraditi vlastitu nuklearnu bombu.,HR,train_file,2172,46930,1695,dev,ucenje,M_Positive,M_Positive,M_Positive,Positive,dva_kodera_i_uskladjenje
train-2174,"Dakle, dok je bio liberalni Ustav sa liberalnim zakonom, onda je bilo 100000.",HR,train_file,2174,56057,573,dev,ucenje,P_Neutral,Positive,P_Neutral,Neutral,dva_kodera_i_uskladjenje
train-2176,"Sve što vrijedi za dužnosnike treba na neki način propisati da vrijedi i za ostale proračunske korisnike bilo da se radi o službenicima, liječnicima, profesorima, ministrima, predsjednika države itd.",HR,train_file,2176,52922,1076,dev,provjera,Positive,Positive,Positive,Positive,dva_kodera_i_uskladjenje
train-2178,"Iz tog razloga mi kritizirajući sustav i politiku koja, i tendencije u sustavu mirovinskog i invalidskog, samo izvješće primamo na znanje.",HR,train_file,2178,98788,780,dev,ucenje,Negative,M_Negative,M_Negative,Negative,dva_kodera_i_uskladjenje
train-2180,"Poštovani potpredsjedniče Hrvatskog sabora, poštovani državni tajniče, poštovane kolegice i kolege zastupnici.",HR,train_file,2180,69845,233,dev,provjera,Positive,Positive,Positive,Positive,dva_kodera_i_uskladjenje
train-2183,"Evo ja se ispričavam to je propust, to je propust ali značaj tog obrazloženja je za nekakav, za nekakvu budućnost jednako značajan kao i vaša i moja riječ koja ulaze u fonogram.",HR,train_file,2183,90402,769,dev,ucenje,M_Positive,M_Negative,M_Positive,Positive,dva_kodera_i_uskladjenje
train-2187,Imamo obrnutu sliku pred nama je usvajanje proračuna u kojem imamo nagli skok fiskalnog deficita kao rješenje enormnih razlika između prihoda i rashoda.,HR,train_file,2187,6417,672,dev,ucenje,Negative,Negative,Negative,Negative,dva_kodera_i_uskladjenje
train-2188,"Naravno pravo na posao i na poštenu plaću od poštenog rada, ali prije toga to je zdravlje i obrazovanje.",HR,train_file,2188,127242,2163,dev,ucenje,Positive,Positive,Positive,Positive,dva_kodera_i_uskladjenje
train-2190,"U svakom slučaju pokušaj rješavanja nije samo danas, već 90-tih godina se pokušalo kao gospodarstvo uopće rješavati kroz probleme sanacije.",HR,train_file,2190,90917,2007,dev,ucenje,Negative,M_Positive,M_Positive,Positive,dva_kodera_i_uskladjenje
train-2191,"Očito je da se trgovalo informacijama i da se pogodovalo pojedincima, a što je zloporaba položaja i ovlasti po Kaznenom zakonu.",HR,train_file,2191,32977,2587,dev,ucenje,Negative,Negative,Negative,Negative,dva_kodera_i_uskladjenje
train-2193,Bilo je od prijedloga koje je išlo za tim da se u tijeku i na kraju rasprave odluči da li je ovo prvo čitanje ili prethodna rasprava.,HR,train_file,2193,42221,554,dev,ucenje,P_Neutral,N_Neutral,N_Neutral,Neutral,dva_kodera_i_uskladjenje
train-2194,Ja sam bio 12 godina gradonačelnik jednog manjeg grada i jako dobro znam i osjetili smo to na svojim leđima upravo ove mjere i štetu koju ste napravili lokalnoj samoupravi za vladanja SDP-a.,HR,train_file,2194,16118,285,dev,ucenje,Negative,Negative,Negative,Negative,dva_kodera_i_uskladjenje
train-2195,"Naime mi smo onda kazali da jedan dio treba vratiti u kešu, a jedan dio u obveznicama.",HR,train_file,2195,42915,1535,dev,ucenje,P_Neutral,P_Neutral,P_Neutral,Neutral,dva_kodera_i_uskladjenje
train-2196,Jedan od razloga zbog kojeg smo tada u prošlom mandatu u kojem sam bila u Ministarstvu kulture i donijeli strategiju očuvanja i gospodarskog korištenja kulturne baštine upravo zato da sustavno pristupimo tom pitanju.,HR,train_file,2196,48035,1631,dev,ucenje,P_Neutral,P_Neutral,P_Neutral,Neutral,dva_kodera_i_uskladjenje
train-2197,"Razlozi zbog čega je to bilo tako su sljedeći, prvo zato što se tajilo u ratnim okolnostima se skrivala bolest i skrivali podaci o bolestima.",HR,train_file,2197,24563,1458,dev,ucenje,Negative,N_Neutral,Negative,Negative,dva_kodera_i_uskladjenje
train-2198,Nakon toga dolazi odredba koja kaže da prvostupnici imaju pravo na obavljanje socijalno-pedagoške djelatnosti samo pod nadzorom magistra socijalne pedagogije.,HR,train_file,2198,24479,2299,dev,ucenje,P_Neutral,N_Neutral,P_Neutral,Neutral,dva_kodera_i_uskladjenje
train-2200,"Živimo u zemlji gdje je zdravstvo zbog brojnih afera pred potpunim kolapsom, dugovi rastu, liste čekanja su sve duže, a liječnici i medicinske sestre odlaze raditi u inozemstvo.",HR,train_file,2200,37441,2173,dev,ucenje,Negative,Negative,Negative,Negative,dva_kodera_i_uskladjenje
train-2202,"Koji prijedlog koji je bio valjan za prihvatiti, o tome govorim.",HR,train_file,2202,149893,1814,dev,ucenje,P_Neutral,P_Neutral,P_Neutral,Neutral,dva_kodera_i_uskladjenje
train-2203,"Uvaženi kolega Maras, evo ja se zahvaljujem vama na brizi o građanima Slavonskog Broda.",HR,train_file,2203,106738,638,dev,ucenje,Positive,Negative,Negative,Negative,dva_kodera_i_uskladjenje
train-2206,"Dakle, mislim da vremena nemamo, da nam je vrijeme ljuti neprijatelj i da moramo što je moguće prije pod povoljnijim uvjetima ići ususret toj industriji i raspisati natječaj.",HR,train_file,2206,26288,425,dev,ucenje,M_Negative,M_Negative,M_Negative,Negative,dva_kodera_i_uskladjenje
train-2207,"Naime, kasni večernji vlak u 22 i 22 na relaciji Varaždin – Ivanec – Lepoglava – Golubovec od prošle godine više ne vozi.",HR,train_file,2207,1772,1594,dev,ucenje,N_Neutral,Negative,N_Neutral,Neutral,dva_kodera_i_uskladjenje
train-2209,Tako da zapravo nema potrebe za posebnim zakonom ako se mijenja cijela glava kaznenog što je i više nego velika izmjena i u više stavaka.,HR,train_file,2209,23980,2067,dev,provjera,N_Neutral,Positive,P_Neutral,Neutral,dva_kodera_i_uskladjenje
train-2212,"Bilo je tu i drugih izjava kad govorimo o reformama, o ukidanju određenih prava.",HR,train_file,2212,143881,810,dev,ucenje,N_Neutral,N_Neutral,N_Neutral,Neutral,dva_kodera_i_uskladjenje
train-2215,110 milijuna kuna je prevelika stavka da bi pisalo ostale usluge i da se uopće taksativno navede niti ima obrazloženja o kakvim se uslugama radi.,HR,train_file,2215,15912,407,dev,ucenje,Negative,Negative,Negative,Negative,dva_kodera_i_uskladjenje
train-2217,Radi se o konceptu linearnog gospodarstva jer se spaljivanjem trajno uništavaju korisne sirovine iz otpada koje su se lako mogle reciklirati kao npr. papir i plastika.,HR,train_file,2217,90428,11,dev,provjera,N_Neutral,Negative,Negative,Negative,dva_kodera_i_uskladjenje
train-2219,"No, pitanje je koliko je realno u ovom trenutku vući takve paralele s obzirom na specifične hrvatske probleme, na primjer problem brodogradnje na koju otpada značajan dio ukupnih državnih potpora.",HR,train_file,2219,14383,284,dev,ucenje,Negative,M_Negative,M_Negative,Negative,dva_kodera_i_uskladjenje
train-2222,"Da nije bilo njih, da nisu bili uporni ne bi vjerujem bilo ni njega.",HR,train_file,2222,3299,1367,dev,ucenje,M_Positive,M_Positive,M_Positive,Positive,dva_kodera_i_uskladjenje
train-2226,"Vi npr. danas iz Zaprešića ne možete nikoga prebaciti u Vukovarsku, iako možda imate manjak ljudi u Vukovarskoj, višak u Zaprešiću, a udaljenost je pola sata tramvajem, niti.",HR,train_file,2226,156800,1661,dev,ucenje,Negative,M_Negative,Negative,Negative,dva_kodera_i_uskladjenje
train-2229,U tom smislu mislim da ta jedna komunikacija prema krajnjim korisnicima mora biti još intenzivnija i u tom smislu možda treba razmisliti na koji način intenzivirati komunikaciju prema krajnjim korisnicima.,HR,train_file,2229,24998,1222,dev,ucenje,N_Neutral,M_Positive,N_Neutral,Neutral,dva_kodera_i_uskladjenje
train-2232,"Njihovi počinioci se prikrivaju, odgovorni za njih se štite od strane tih istih institucija za koje kolege iz HDZ-a tvrde da su nepristrane, da postupaju jednako prema svima itd.",HR,train_file,2232,27992,1303,dev,ucenje,Negative,Negative,Negative,Negative,dva_kodera_i_uskladjenje
train-2236,"Kultura na Hrvatskoj radio-televiziji pomalo gubi bitku sa žutilom pa se vidi želja za komercijalizacijom zaboravljajući pri tom da pretplata služi prvenstveno za kulturni, obrazovni, nacionalni pa i vjerski odgoj.",HR,train_file,2236,14362,1648,test,ucenje,Negative,Negative,Negative,Negative,dva_kodera_i_uskladjenje
train-2237,Pa na kraju ćemo vidjeti koji će efekt donijeti taj zakon.,HR,train_file,2237,41098,552,test,ucenje,P_Neutral,P_Neutral,P_Neutral,Neutral,dva_kodera_i_uskladjenje
train-2241,24 milijarde je od '93. do 2011. u Hrvatsku uloženo.,HR,train_file,2241,3496,515,test,provjera,P_Neutral,P_Neutral,P_Neutral,Neutral,dva_kodera_i_uskladjenje
train-2246,"Osnovni pokazatelji sigurnosti prometa na cestama svakako su ukupan broj prometnih nesreća, broj ozlijeđenih osoba i osobito broj poginulih osoba.",HR,train_file,2246,24350,1546,test,ucenje,N_Neutral,N_Neutral,N_Neutral,Neutral,dva_kodera_i_uskladjenje
train-2248,I osigurava nesmetan razvoj sustava zaštite na radu sa pozicije aktivnog pristupa prema ovoj oblasti od posebnog društvenog interesa.,HR,train_file,2248,50273,460,test,ucenje,Positive,Positive,Positive,Positive,dva_kodera_i_uskladjenje
train-2249,Ono što se desilo proteklih dana je bilo za očekivati da će nam virus doći u bolnice.,HR,train_file,2249,15061,978,test,ucenje,Negative,Negative,Negative,Negative,dva_kodera_i_uskladjenje
train-2250,Da cijena nije isključivi prednost hit destinacije govori u prilog i to da su se već ove godine neki hotelijeri u Dalmaciji podigli cijene i do 35% u visokoj sezoni.,HR,train_file,2250,50327,1651,test,ucenje,P_Neutral,M_Negative,P_Neutral,Neutral,dva_kodera_i_uskladjenje
train-2252,Uz saznanje da se primjerice porezi i doprinosi naplaćuju iz plaća radnicima a nisu uplatili od desetog mjeseca 2004. godine.,HR,train_file,2252,149733,2269,test,ucenje,Negative,Negative,Negative,Negative,dva_kodera_i_uskladjenje
train-2253,"Neke mi smatramo da su apsolutno prihvatljivi, za neke smatramo da se mogu sa jednim ili dva amandmana bitno popraviti i učiniti konzistentnima i prihvatljivima, možda za neke smatramo da su promašeni.",HR,train_file,2253,1611,1881,test,ucenje,M_Positive,M_Positive,M_Positive,Positive,dva_kodera_i_uskladjenje
train-2254,"Kad bi dodali još neke primjedbe, mogli bi reći i da monitoring vode za ljudsku potrošnju nije, ne provodi se na način koji je ujednačen jer ovisi o financijskim mogućnostima svake županije.",HR,train_file,2254,22552,1866,test,ucenje,Negative,Negative,Negative,Negative,dva_kodera_i_uskladjenje
train-2255,"Dakle, tu treba razmisliti da se eventualno ta žalba veže postotno za visinu vrijednosti nabave, što bi onda itekako zamislilo one koji se žale.",HR,train_file,2255,5009,2373,test,ucenje,N_Neutral,M_Negative,N_Neutral,Neutral,dva_kodera_i_uskladjenje
train-2256,I nije svejedno nikome ali niti hrvatskom gospodarstvu da li će ti rashodi biti veći 10% ili će biti manji 10% jer se radi o 3 i pol milijarde kuna.,HR,train_file,2256,65398,588,test,ucenje,M_Negative,M_Negative,M_Negative,Negative,dva_kodera_i_uskladjenje
train-2257,Pa zato kolegice i kolege što sam siguran da reformu i teritorijalni preustroj nikad u ovom Saboru mi nećemo zapravo napraviti.,HR,train_file,2257,62503,343,test,provjera,Negative,Negative,Negative,Negative,dva_kodera_i_uskladjenje
train-2258,"Ograničili ste broj hektara koji se mogu kupiti, zaštitili poljoprivrednika u mirnom posjedu, a prednost dali poljoprivredniku kojem je zemlja najbliža.",HR,train_file,2258,1005,958,test,ucenje,M_Negative,M_Positive,M_Positive,Positive,dva_kodera_i_uskladjenje
train-2259,"Za samo, ne malu aferu, da je premijer koji je započeo ovaj mandat u pritvoru u bijegu, bi dala cijela Vlada ostavku.",HR,train_file,2259,6710,1435,test,ucenje,Negative,Negative,Negative,Negative,dva_kodera_i_uskladjenje
train-2262,Roditelji djece s teškoćama u razvoju podižu tužbe za naknadu za štetu koja im je učinjena od strane države.,HR,train_file,2262,59312,337,test,ucenje,Negative,Negative,Negative,Negative,dva_kodera_i_uskladjenje
train-2265,Čudna pitanja zamjenice Županijskog državnog odvjetništva podnositelju kaznene prijave protiv Čermaka nije ništa drugo nego manipulacija DORH-a i želja da se pronađe razlog odbacivanja svake krivnje ratnih profitera.,HR,train_file,2265,62038,2110,test,ucenje,Negative,Negative,Negative,Negative,dva_kodera_i_uskladjenje
train-2266,"Smanjenje plaća, smanjenje mirovina, otpuštanje radnika, rast nezaposlenosti, nelikvidnost, kašnjenje u isplati plaća i mirovina, pad standarda, rast cijena.",HR,train_file,2266,24499,300,test,provjera,Negative,Negative,Negative,Negative,dva_kodera_i_uskladjenje
train-2267,"Dakle, netočno se u javnosti prezentira da ministar obmanjuje javnost itd., itd., itd.",HR,train_file,2267,6580,913,test,provjera,Negative,Negative,Negative,Negative,dva_kodera_i_uskladjenje
train-2268,I Šešelj je opet i takvu inicijativu odbio i raspravno vijeće se na kraju povuklo pred haškim optuženikom Šešeljem i praktički ga nije na ništa obvezalo.,HR,train_file,2268,84308,380,test,ucenje,Negative,Negative,Negative,Negative,dva_kodera_i_uskladjenje
train-2270,"Takvo tumačenje, po mišljenju kluba zastupnika hns-a, je nepotrebno i pogrešno jer se u članku 26.",HR,train_file,2270,2463,265,test,ucenje,Negative,Negative,Negative,Negative,dva_kodera_i_uskladjenje
train-2273,"Dakle, osobe koje imaju pravomoćnu presudu, dakle ne govorimo o optužbi nego o pravomoćnoj presudi za neki od prekršaja o sprečavanju nereda na sportskim natjecanjima.",HR,train_file,2273,73251,2184,test,ucenje,N_Neutral,N_Neutral,N_Neutral,Neutral,dva_kodera_i_uskladjenje
train-2275,"Da kolega Kramarić zna šta je strategija, onda bi znao da … /Govornici govore u glas, ne razumije se./ …",HR,train_file,2275,87617,620,test,ucenje,Negative,M_Negative,Negative,Negative,dva_kodera_i_uskladjenje
train-2278,"Ali isto tako, bez optimizma i bez vjere nema ni sela ni poljoprivrede.",HR,train_file,2278,65304,1289,test,ucenje,Negative,M_Negative,M_Negative,Negative,dva_kodera_i_uskladjenje
train-2281,"Sudstvo je pravosuđe rak rana hrvatskog društva, posebno je to Ovršni zakon.",HR,train_file,2281,71943,494,test,ucenje,Negative,Negative,Negative,Negative,dva_kodera_i_uskladjenje
train-2282,"Ona je popraćena iz razloga što je popraćena strahom od gubitka posla ili pogoršanja položaja na poslu, osjećaja stida u slučajevima kada se radi o spolnom uznemiravanju i slično.",HR,train_file,2282,7002,1615,test,ucenje,Negative,Negative,Negative,Negative,dva_kodera_i_uskladjenje
train-2284,Radnici su dakle najmnogobrojnija skupina ljudi koja su najugroženija u ovoj krizi no naravno da su i poslodavci kroz moguće gubitke koji će bit ne narušit njihovo poslovanje.,HR,train_file,2284,9757,1655,test,ucenje,Negative,Negative,Negative,Negative,dva_kodera_i_uskladjenje
train-2290,"Čuli ste da je Dom zdravlja Gospić pod sanacijom, evo to je rekao, a nije rekao da HZZO Domu zdravlja Gospić duguje 4 i pol milijuna kuna.",HR,train_file,2290,28667,1696,test,ucenje,Negative,Negative,Negative,Negative,dva_kodera_i_uskladjenje
train-2294,"Pokrenuti stečaj, blokada Agrokorovih tvrtki bi bila najgore u tom trenu što se moglo desiti za cijelu RH, za turističku sezonu, za sve građane Lijepe naše.",HR,train_file,2294,199732,1591,test,ucenje,Negative,Negative,Negative,Negative,dva_kodera_i_uskladjenje
train-2298,"To je prije svega da se ne bi uzurpiralo pravo, odnosno odobrenje za javno okupljanje u smislu da se nekom drugom može ograničit da ne može jednostavno pristupit na Markov trg.",HR,train_file,2298,70218,2422,test,ucenje,M_Negative,M_Negative,M_Negative,Negative,dva_kodera_i_uskladjenje
train-2299,"Mi nemamo dovoljno snaga, dovoljno obučenih snaga da se možemo rastegnuti na više mjesta.",HR,train_file,2299,25290,48,test,ucenje,Negative,M_Negative,Negative,Negative,dva_kodera_i_uskladjenje
train-2301,Strategija unutarnje sigurnosti EU predstavlja temelj suradnje država članica po pitanjima vezanima uz sigurnost.,HR,train_file,2301,63170,1980,test,provjera,Positive,P_Neutral,P_Neutral,Neutral,dva_kodera_i_uskladjenje
train-2302,"Ono što želimo reći, moramo biti krajnje oprezni da nam pod izlikom izvanredne situacije i sprječavanja epidemije u zakone ne uđe opasna kukavičja jaja kojih ćemo se teško riješiti.",HR,train_file,2302,13852,1483,test,provjera,Negative,M_Negative,Negative,Negative,dva_kodera_i_uskladjenje
train-2303,"Jasno da je neodrživ iz razloga što, evo što sam rekao i na početku, on je održiv kada ima puno onih koji rade, a malo onih koji uživaju mirovinu.",HR,train_file,2303,4308,396,test,provjera,M_Negative,Negative,Negative,Negative,dva_kodera_i_uskladjenje
train-2306,"Poštovana gospođo potpredsjednice Sabora, gospodine predstavnik Hrvatske vlade, kolegice i kolege.",HR,train_file,2306,10159,1893,test,ucenje,Positive,Positive,Positive,Positive,dva_kodera_i_uskladjenje
train-2307,"Jer planirani iznos do 10 milijuna kuna za Nacionalnu zakladu za znanost, visoku naobrazbu i tehnologijski razvitak sukladan je programu razvoja te iste zaklade.",HR,train_file,2307,20346,896,test,provjera,P_Neutral,Positive,P_Neutral,Neutral,dva_kodera_i_uskladjenje
train-2308,"I da bi se izbjegla takva mogućnost dakle je uveden i ovaj institut da se boravak u svrhu spajanja obitelji neće odobriti osobama koje su sklopile brak iz koristi, odnosno fiktivni brak.",HR,train_file,2308,33197,2073,test,ucenje,N_Neutral,N_Neutral,N_Neutral,Neutral,dva_kodera_i_uskladjenje
train-2309,"Jedina šansa da Hrvatska bude moderna, uređena, transparentna država je ukidanje županija i silazak HDZ-a sa vlasti.",HR,train_file,2309,69849,200,test,ucenje,M_Negative,M_Negative,M_Negative,Negative,dva_kodera_i_uskladjenje
train-2310,"Međutim, nažalost, ovo nije prvi put da pripadnici, ajmo reći lijeve političke opcije, pa i SDP-a, na ovaj način dehumaniziraju svoje protivnike i proglašavaju ih vjerojatno bezvrijednim života.",HR,train_file,2310,33265,1040,test,provjera,Negative,Negative,Negative,Negative,dva_kodera_i_uskladjenje
train-2311,"I zato kada vi ističete ovaj problem nedostatka kapitala govorite upravo o ovome što ja sada direktno govorim, prevelikoj javnoj potrošnji.",HR,train_file,2311,101073,101,test,provjera,Negative,Negative,Negative,Negative,dva_kodera_i_uskladjenje
train-2312,"I sad u tim okolnostima, znači inspekcija druge države kaže nije ispravna, a onda se krivnja svaljuje na onog najslabijeg, na proizvođača.",HR,train_file,2312,9376,2555,test,ucenje,Negative,Negative,Negative,Negative,dva_kodera_i_uskladjenje
train-2313,"I naravno da su otoci hrvatsko prirodno bogatstvo, kako je definirano u zakonu, da su nekretnine na otocima osobitog nacionalnog, povijesnog, gospodarskog i ekološkog značenja od interesa za Republiku Hrvatsku.",HR,train_file,2313,5746,2439,test,provjera,Positive,P_Neutral,Positive,Positive,dva_kodera_i_uskladjenje
train-2314,"Cilj Direktive o suzbijanju terorizma je osigurati zajednički odgovor na pojavu stranih terorističkih boraca, te time ojačati odvraćajući učinak diljem EU i osigurati učinkovito kažnjavanje počinitelja.",HR,train_file,2314,4933,2264,test,ucenje,Positive,P_Neutral,Positive,Positive,dva_kodera_i_uskladjenje
train-2315,U tom dijelu je vrlo teško komparirati kontinentalne županije i primorske u pokazateljima koji su izneseni.,HR,train_file,2315,55533,472,test,ucenje,N_Neutral,Negative,N_Neutral,Neutral,dva_kodera_i_uskladjenje
train-2316,"Ja sam se kandidirao za župana, prvo moje traženje da sam, da me narod izabrao bilo bi gašenje županija.",HR,train_file,2316,31686,907,test,provjera,Negative,M_Negative,M_Negative,Negative,dva_kodera_i_uskladjenje
train-2318,"Zato što oni odlučuju o žalbama onih koji se žale na rješenja, dakle na upravne akte ministara na terenu.",HR,train_file,2318,73303,1299,test,ucenje,N_Neutral,N_Neutral,N_Neutral,Neutral,dva_kodera_i_uskladjenje
train-2321,"Nismo smjeli proglasiti gospodarski pojas, morali smo najistaknutije sinove hvatati i goniti u Haag, procesuirati na razno razne načine.",HR,train_file,2321,35817,1347,test,ucenje,Negative,Negative,Negative,Negative,dva_kodera_i_uskladjenje
train-2323,"I drugo, civilne žrtve najteži stradalnici Domovinskog rata su uvijek što kažu ni krivi ni dužni civili, o njima niti riječi.",HR,train_file,2323,94651,389,test,ucenje,Negative,Negative,Negative,Negative,dva_kodera_i_uskladjenje
train-2325,"Isto tako, rečeno je u izlaganju da je postignut konsenzus sa županijama.",HR,train_file,2325,115984,656,test,ucenje,Positive,P_Neutral,P_Neutral,Neutral,dva_kodera_i_uskladjenje
train-2329,Doprinos rastu GDP- a također imamo kroz bruto investicije koje su u ovoj godini imale pozitivni utjecaj.,HR,train_file,2329,23484,1159,test,ucenje,Positive,Positive,Positive,Positive,dva_kodera_i_uskladjenje
train-2331,"I opet vratimo se na vožnju automobilom, a šta s time?",HR,train_file,2331,109957,2160,test,provjera,N_Neutral,N_Neutral,N_Neutral,Neutral,dva_kodera_i_uskladjenje
train-2332,"Zbog novina u Prekršajnom zakonu i usklađivanjem Zakona o sigurnosti prometa na cestama sa istim, uspostaviti će se novo stanje efikasnijeg sankcioniranja u prekršajnom postupku i učinkovitija naplata novčanih kazni.",HR,train_file,2332,85124,2549,test,ucenje,Positive,Positive,Positive,Positive,dva_kodera_i_uskladjenje
train-2333,Nešto što demokracija odavno poznaje samo je kod nas uvijek sve jako čudno jer to nije uobičajeno i onda na neki način se smanjuje mogućnost političkih pritisaka i trgovine.,HR,train_file,2333,51014,2570,test,ucenje,M_Negative,M_Positive,M_Positive,Positive,dva_kodera_i_uskladjenje
train-2335,"Dakle, i ta obveza je što se tiče Ministarstva obitelji, branitelja i međugeneracijske solidarnosti u prošloj godini ispoštovana.",HR,train_file,2335,2036,2009,test,provjera,P_Neutral,P_Neutral,P_Neutral,Neutral,dva_kodera_i_uskladjenje
train-2337,"Mjesto na kojem će se na moderan, suvremen i dostojanstven način učiti nove generacije o vrijednostima Domovinskog rata.",HR,train_file,2337,16166,2378,test,ucenje,Positive,Positive,Positive,Positive,dva_kodera_i_uskladjenje
train-2338,Ugovorna odredba koja kaže banka će mijenjati kamatnu stopu svojom odlukom i to je točka.,HR,train_file,2338,44683,2533,test,ucenje,N_Neutral,N_Neutral,N_Neutral,Neutral,dva_kodera_i_uskladjenje
train-2339,Zbog toga što nije postojala politička volja za tako nešto.,HR,train_file,2339,4659,2102,test,provjera,Negative,Negative,Negative,Negative,dva_kodera_i_uskladjenje
train-2340,"Ali kad idete Hrvatskom i kad vidite koliko ima neobrađenih površina na žalost najviši dio se odnosi na privatne površine, onda je to naša tragedija i završit ću.",HR,train_file,2340,9651,2435,test,ucenje,Negative,Negative,Negative,Negative,dva_kodera_i_uskladjenje
train-2344,"I bez obzira da li se smanjuju troškovi ovrhe, kada je ovrha on i onako nema od čega platiti pa će mu ovo biti ponovno dodatni udar.",HR,train_file,2344,48092,2045,test,provjera,Negative,M_Negative,Negative,Negative,dva_kodera_i_uskladjenje
train-2345,Međutim cjeloviti sustav obrade i recikliranja otpada te stvaranje tržišta otpada još nije uspostavljen.,HR,train_file,2345,45100,2506,test,ucenje,Negative,Negative,Negative,Negative,dva_kodera_i_uskladjenje
train-2346,Dakle ovu prigodu i ovu govornicu koristim još jedanput kako bi mađarskim kolegama i prijateljima zahvalila na toj iskrenoj potpori ali i na pomoći.,HR,train_file,2346,48089,1660,test,ucenje,Positive,Positive,Positive,Positive,dva_kodera_i_uskladjenje
train-2348,On mi je odgovorio da je to stvar jedinice lokalne samouprave i teleoperatera.,HR,train_file,2348,23253,2282,test,ucenje,P_Neutral,N_Neutral,P_Neutral,Neutral,dva_kodera_i_uskladjenje
train-2349,"Znači, i kada se dogodi takav neki incident, što je prva reakcija državnih institucija?",HR,train_file,2349,19677,1012,test,ucenje,N_Neutral,Negative,N_Neutral,Neutral,dva_kodera_i_uskladjenje
train-2350,I tu je Hrvatska pokazala da ima i želju i sposobnosti ući u tu jednu dublju integraciju na obrambenom planu.,HR,train_file,2350,93278,2218,test,ucenje,Positive,Positive,Positive,Positive,dva_kodera_i_uskladjenje
train-2351,"Razgovarajte sa građanima, jer gdje skalpel poreže tu ostaju ožiljci.",HR,train_file,2351,41923,1378,test,ucenje,Negative,Negative,Negative,Negative,dva_kodera_i_uskladjenje
train-2352,Bit će tu sasvim sigurno lista grupe građana i grupe birača koje će sasvim sigurno ili vrlo vjerojatno ući u Hrvatski sabor.,HR,train_file,2352,46930,1695,test,ucenje,P_Neutral,M_Positive,P_Neutral,Neutral,dva_kodera_i_uskladjenje
train-2354,"Svaka odluka da nešto sankcioniramo ili ne, pa bilo to ubojstvo ili obična krađa, plod je političke odluke onoga koji je u određenoj državi definiran kao zakonodavac.",HR,train_file,2354,56057,573,test,ucenje,N_Neutral,N_Neutral,N_Neutral,Neutral,dva_kodera_i_uskladjenje
train-2357,"Neki od vas su rekli, ministar je sretan s tim, nije ministar sretan odmah ću vam reći.",HR,train_file,2357,78834,2026,test,ucenje,M_Negative,M_Negative,M_Negative,Negative,dva_kodera_i_uskladjenje
train-2359,"Ne smijemo dopustiti da činjenica upućivanja prijetnji jednoj članici ili članu Vlade, sasvim svejedno, ovoj zemlji prođe nezapaženo i da ga pojedu druge dnevno političke teme.",HR,train_file,2359,10930,1878,test,ucenje,Negative,Negative,Negative,Negative,dva_kodera_i_uskladjenje
train-2362,"Što se tiče primjedbi kolege zastupnika Stazića ja ću doista samo odgovoriti na ono što mislim da nije politika, nego da je nešto o čemu možemo razgovarati u okviru ovog zakona.",HR,train_file,2362,16154,890,test,ucenje,M_Positive,P_Neutral,P_Neutral,Neutral,dva_kodera_i_uskladjenje
train-2363,I mislim da svi možete zamisliti tu situaciju i zapravo da je vrlo lako zaključiti koliko je to neprihvatljivo.,HR,train_file,2363,90402,769,test,ucenje,Negative,Negative,Negative,Negative,dva_kodera_i_uskladjenje
train-2364,"Pet mjeseci rasprave, moram reći najvećim dijelom krivica pada na mene osobno iz razloga što sam pokušao naći što kvalitetnije rješenje, dugotrajnost.",HR,train_file,2364,11013,146,test,ucenje,M_Negative,M_Negative,M_Negative,Negative,dva_kodera_i_uskladjenje
train-2365,"I imate inspektore koji su vrlo neugodni, koji vrlo ružno razgovaraju i na to nam se građani žale.",HR,train_file,2365,161713,2088,test,provjera,Negative,Negative,Negative,Negative,dva_kodera_i_uskladjenje
train-2366,"Postoje mnoge sveučilišne studije na primjer u kanadi koje kažu da će kanada izgubiti 23000 radnih mjesta, a eu će izgubiti ukupno 204000 radnih mjesta zbog ovoga sporazuma ceta.",HR,train_file,2366,50938,2559,test,ucenje,Negative,Negative,Negative,Negative,dva_kodera_i_uskladjenje
train-2367,"Naime, određivanje razvijenih i nerazvijenih skupina obavlja se pomoću distribucije ranga jedinica lokalne odnosno područne samouprave pri čemu uvijek polazi od prosječnog praga razvijenosti, a tu je indeks 100.",HR,train_file,2367,6417,672,test,ucenje,P_Neutral,P_Neutral,P_Neutral,Neutral,dva_kodera_i_uskladjenje
train-2369,Što je sa takvim kamenolomima koji su diljem Hrvatske i što konkretno sa tim pitanjem sanacije kroz eksploatacije?,HR,train_file,2369,54879,1628,test,ucenje,N_Neutral,M_Negative,N_Neutral,Neutral,dva_kodera_i_uskladjenje
train-2371,Cijenim i slažem se sa predlagateljima da će to pridonijeti kako većem broju sudionika komemoracije jednako tako i svečanijem duhu i tonu ovoga slavlja.,HR,train_file,2371,32977,2587,test,ucenje,Positive,Positive,Positive,Positive,dva_kodera_i_uskladjenje
train-2373,Ali kad mi ovdje to striktno na godine to dijelimo to baš i ne može biti uvjerljivo jer to uopće nije tako.,HR,train_file,2373,42221,554,test,ucenje,Negative,M_Negative,Negative,Negative,dva_kodera_i_uskladjenje
train-2375,"Vaša zemlja od vas očekuje značajni doprinos na raznim područjima društvenog života, gospodarstva, politike, kulture.",HR,train_file,2375,42915,1535,test,ucenje,Positive,Positive,Positive,Positive,dva_kodera_i_uskladjenje
train-2376,"Pa vi stalno bježite od toga da Hrvatski olimpijski odbor ima svoje prihode i da Sportska televizija nije nekakva bezvezna poslovna odluka, Sportska televizija je trebala poslužiti za promociju određenih sportova.",HR,train_file,2376,48035,1631,test,ucenje,M_Negative,M_Negative,M_Negative,Negative,dva_kodera_i_uskladjenje
train-2378,Također smanjit će se propisana visina jamstava koji ponuditelji moraju dati za ozbiljnost ponude sa dosadašnjih 5 na 3% od procijenjene vrijednosti.,HR,train_file,2378,24479,2299,test,ucenje,P_Neutral,Positive,P_Neutral,Neutral,dva_kodera_i_uskladjenje
train-2379,S druge strane samo lokalna samouprava u Županiji istarskoj kontrolira 5000 ljudi.,HR,train_file,2379,193704,116,test,ucenje,P_Neutral,M_Negative,P_Neutral,Neutral,dva_kodera_i_uskladjenje
train-2380,"Poštovani potpredsjedniče, poštovani predstavnici Ministarstva financija, kolegice i kolege zastupnici.",HR,train_file,2380,37441,2173,test,ucenje,Positive,P_Neutral,P_Neutral,Neutral,dva_kodera_i_uskladjenje
train-2382,To je nedopustivo i vjerojatno će trebati možda za buduće zastupnike u Hrvatskom saboru jednog dana uvesti i prijemni ispit iz naše nedavne povijesti.,HR,train_file,2382,149893,1814,test,ucenje,Negative,Negative,Negative,Negative,dva_kodera_i_uskladjenje
train-2384,"Drugo, novim propisivanjem sankcije kazne zatvora do 6 mjeseci, dosada je bila novčana kazna ili kazna zatvora do godine dana.",HR,train_file,2384,117598,2407,test,provjera,P_Neutral,N_Neutral,N_Neutral,Neutral,dva_kodera_i_uskladjenje
train-2390,"I da on jednostavno kad treba vojnički ići taj problem rješavati, on tada baca koplje u ledinu i sad kao vraćam se evo, ja nisam znao.",HR,train_file,2390,27970,1165,test,ucenje,Negative,Negative,Negative,Negative,dva_kodera_i_uskladjenje
train-2392,Meni je žao što ovdje u sabornici ako je ovaj Vladin prijedlog tako dobar kako smo ovdje mogli čuti od ministrice vanjskih poslova zašto ovdje nema premijera Sanadera.,HR,train_file,2392,143881,810,test,ucenje,Negative,Negative,Negative,Negative,dva_kodera_i_uskladjenje
train-2395,"Bez obzira na krizu prioriteti su jasni, obrana je važna, a Oružanim snagama u razvijenoj demokraciji kao što je Hrvatska pripada istaknuta pozicija i ugled.",HR,train_file,2395,15912,407,test,ucenje,Positive,Positive,Positive,Positive,dva_kodera_i_uskladjenje
train-2396,Na strani 3. ovog Zakonskog prijedlog dana je pod točkom 3. ocjena i izvori potrebnih sredstava za provođenje zakona.,HR,train_file,2396,57490,1509,test,ucenje,P_Neutral,P_Neutral,P_Neutral,Neutral,dva_kodera_i_uskladjenje
train-2399,"Ovom mjerom u odnosu na dosadašnju praksu poslodavcu se znatno pojeftinjuju troškovi, nadam se da će ovo pojeftinjenje sigurno poslodavci voditi računa da ide i za poboljšanje materijalnog položaja zaposlenika.",HR,train_file,2399,14383,284,test,ucenje,Positive,Positive,Positive,Positive,dva_kodera_i_uskladjenje
train-2400,Isto tako je potrebno kazati da od 2000. godine Ured za suzbijanje zloporabe droga izvješćuje o provođenju nacionalne strategije i Akcijskog plana suzbijana zloporaba droga.,HR,train_file,2400,74694,602,test,ucenje,P_Neutral,M_Positive,P_Neutral,Neutral,dva_kodera_i_uskladjenje
train-2408,"Kažu odahnut ćemo, učenici, studenti, roditelji, sportaši, profesori.",HR,train_file,2408,7498,916,test,ucenje,P_Neutral,Positive,P_Neutral,Neutral,dva_kodera_i_uskladjenje
train-2409,"Povjeravanje poslova je zakonski institut koji je ipak po prirodi stvari zamišljen isključivo kao iznimna mogućnost, a ne uđuture 200-tinjak poslova.",HR,train_file,2409,24998,1222,test,ucenje,Negative,Negative,Negative,Negative,dva_kodera_i_uskladjenje
train-2413,Prema tome to je taj utjecaj prethondog pada u odnosu an prethodnu godinu i onda tendencija pada prema kraju godine.,HR,train_file,2413,119103,1407,test,ucenje,Negative,Negative,Negative,Negative,dva_kodera_i_uskladjenje
train-2414,"Ali kolegice i kolege, morate se suočiti s tim da ste već do sad donijeli niz odluka koje će po Hrvatsku biti itekako pogubne i teške.",HR,train_file,2414,42678,1057,test,ucenje,Negative,Negative,Negative,Negative,dva_kodera_i_uskladjenje
train-2415,Snažni rast i snažni utjecaj javne potrošnje za vrijeme hdz-ovih vlada i snažni pad javne potrošnje za vrijeme koalicione vlade.,HR,train_file,2415,9192,1103,test,ucenje,M_Negative,Negative,M_Negative,Negative,dva_kodera_i_uskladjenje
train-2417,"U Hrvatskoj su se počele voditi matice rođenih, vjenčanih i umrlih.",HR,train_file,2417,53504,1842,test,ucenje,P_Neutral,P_Neutral,P_Neutral,Neutral,dva_kodera_i_uskladjenje
train-2420,Državni dužnosnici u nadzornim odborima trgovačkih društava prvorazredan je politička tema posebno atraktivna ovih dana.,HR,train_file,2420,56172,576,test,ucenje,Negative,M_Negative,Negative,Negative,dva_kodera_i_uskladjenje
train-2422,I zbog toga svakim danom je sve više nezadovoljnih ljudi koji opravdano govore zbog čega Vlada ne čini apsolutno ništa.,HR,train_file,2422,9237,2544,test,ucenje,Negative,Negative,Negative,Negative,dva_kodera_i_uskladjenje
train-2424,Smanjuju se iznosi novčanih kazni za pojedine prekršaje a propisuju veći iznos novčanih kazni za ponavljanje prekršaja.,HR,train_file,2424,73991,1300,test,ucenje,P_Neutral,P_Neutral,P_Neutral,Neutral,dva_kodera_i_uskladjenje
train-2425,"Hvala Bogu da u ovoj raspravi nema velikih razlika, te da se osjeća rijetka jedinstvena želja kako osigurati što sigurniji život na cestama.",HR,train_file,2425,69274,231,test,ucenje,Positive,Positive,Positive,Positive,dva_kodera_i_uskladjenje
train-2426,Evo ja ću vam pročitati komentar gospodina koji se bavi stočarstvom.,HR,train_file,2426,2571,1512,test,ucenje,P_Neutral,P_Neutral,P_Neutral,Neutral,dva_kodera_i_uskladjenje
train-2428,"Poštovani predsjedniče, državni tajniče sa suradnikom, kolegice i kolege.",HR,train_file,2428,38791,1236,test,ucenje,Positive,Positive,Positive,Positive,dva_kodera_i_uskladjenje
train-2429,"Činjenica jest da u infrastrukturi kvalitete uglavnom učestvuju hrvatski stručnjaci, znanstvenici, inženjeri.",HR,train_file,2429,25379,1680,test,provjera,P_Neutral,P_Neutral,P_Neutral,Neutral,dva_kodera_i_uskladjenje
train-2430,"Na kontinentu, turizam je, praktički nije niti t od turizma uspoređujući sa onim potencijalima kojima je.",HR,train_file,2430,89768,385,test,ucenje,Negative,Negative,Negative,Negative,dva_kodera_i_uskladjenje
train-2431,"Drugi pak govore o slabim rezultatima ovogodišnje turističke sezone ovjetovanim valjda raznim čimbenicima loše vremenske prilike, neiskorištenost smještajnih jedinica, kvaliteta usluga i drugo.",HR,train_file,2431,73214,2083,test,ucenje,Negative,Negative,Negative,Negative,dva_kodera_i_uskladjenje
train-2435,Iako imam sud i da hrvatska radio-televizija igra na sigurno.,HR,train_file,2435,8979,2586,test,ucenje,M_Negative,M_Negative,M_Negative,Negative,dva_kodera_i_uskladjenje
train-2436,"Ono što mogu reći međutim je da mi nismo čekali da europska komisija da svoj blagoslov, nego su neke mjere već poduzete.",HR,train_file,2436,24351,1160,test,ucenje,M_Positive,Positive,M_Positive,Positive,dva_kodera_i_uskladjenje
train-2437,Najskuplji je posao koji vam netko i ne naplati a napravi.,HR,train_file,2437,49489,1750,test,ucenje,Negative,Negative,Negative,Negative,dva_kodera_i_uskladjenje
train-2440,"Ništa se u ovom zakonu u 12 ovih točaka nije promijenilo, osim što se Ministarstvo rada i socijalne skrbi zamijenilo sa Ministarstvom obitelji, branitelja i međugeneracijske solidarnosti.",HR,train_file,2440,21777,2222,test,ucenje,Negative,N_Neutral,Negative,Negative,dva_kodera_i_uskladjenje
train-2441,"Hrvatska čini najviše što može, priključuju se toj jednoj bici.",HR,train_file,2441,29980,2060,test,ucenje,Positive,Positive,Positive,Positive,dva_kodera_i_uskladjenje
train-2443,"Isto tako Hrvatske ceste gospodare sa po prilici 7.000 km državnih cesta, tu je također stanje zadovoljavajuće čak što više na dosta visokom nivou u odnosu na okruženje.",HR,train_file,2443,8411,1427,test,ucenje,Positive,Positive,Positive,Positive,dva_kodera_i_uskladjenje
train-2445,"Budite toliko hrabri, pa onda ukažite na propuste i predsjednika, odnosno sudskog vijeća i za propuste državnog odvjetništva koji po zakonu imaju taj instrumentarij.",HR,train_file,2445,18729,2252,test,ucenje,Negative,Negative,Negative,Negative,dva_kodera_i_uskladjenje
train-2447,"Isto tako ovdje treba reći da ovaj prijedlog ne prejudicira granicu, dakle ovaj prijedlog ne ide u tom smislu u prilog niti jednog od zainteresiranih strana.",HR,train_file,2447,109458,2509,test,ucenje,P_Neutral,N_Neutral,P_Neutral,Neutral,dva_kodera_i_uskladjenje
train-2448,"Nasilje u bilo kojem obliku neprihvatljivo je, a posebice ono koje se događa u obitelji i najčešće pogađa nažalost žene i djecu.",HR,train_file,2448,15991,1903,test,ucenje,Negative,Negative,Negative,Negative,dva_kodera_i_uskladjenje
train-2452,Vlada Republike Hrvatske u svom četverogodišnjem mandatu odredila se za razvoj odgoja i obrazovanja kao nezamjenjivog za uspjeh i bolji život svih građana što Klub Hrvatske demokratske zajednice podupire.,HR,train_file,2452,115860,15,test,provjera,Positive,P_Neutral,Positive,Positive,dva_kodera_i_uskladjenje
train-2453,Pa zašto se moraju zakoni tužbama istjerivati pravdu na ustavnom sudu ako ovdje postoji jasno razumijevanje da je opasnost od toga vrlo velika jer su odredbe ovoga zakona suprotne sa mnogim drugim zakonima.,HR,train_file,2453,50403,2151,test,ucenje,Negative,M_Negative,Negative,Negative,dva_kodera_i_uskladjenje
train-2455,Ali ono što mi imamo u odnosu na druge zemlje je suradnja sa Vladom na razini operativnih programa koji su temelj našoj suradnji i od kojih očekujemo punu provedbu.,HR,train_file,2455,64563,1412,test,ucenje,Positive,Positive,Positive,Positive,dva_kodera_i_uskladjenje
train-2456,"Mi smo konkretno, većina jedinica lokalne samouprave u dalmaciji je povukla iz europskih fondova preko milijardu kuna za izgradnju sustava odvodnje.",HR,train_file,2456,96065,2025,test,ucenje,Positive,Positive,Positive,Positive,dva_kodera_i_uskladjenje
train-2458,Djeca u zatvoru su djeca koja su rođena za vrijeme majčina izdržavanja kazne zatvora i prema Zakonu o izvršavanju kazne zatvora mogu do tri godine starosti biti s majkama.,HR,train_file,2458,60008,1771,test,ucenje,N_Neutral,N_Neutral,N_Neutral,Neutral,dva_kodera_i_uskladjenje
train-2459,"I nikad ali baš nikad ne treba popustiti isključivosti ni na kojoj strani, strahu i ksenofobiji i naravno nikada ne treba sanjati osvetu.",HR,train_file,2459,30764,1567,test,ucenje,Negative,M_Positive,M_Positive,Positive,dva_kodera_i_uskladjenje
train-2460,Uspješni rad državnog odvjetništva govori kako jedan sustav kojega je promovirala ova hrvatska Vlada može doista biti ostvaren ako se izaberu najbolji i najsposobniji ljudi.,HR,train_file,2460,303,1346,test,ucenje,Positive,Positive,Positive,Positive,dva_kodera_i_uskladjenje
train-2462,"Jer počesto, kao što je i teorija znala reći, da su se odgovorne osobe znale skrivati iza pravne osobe kao iza nekakvog slamnatog čovjeka.",HR,train_file,2462,96533,1945,test,provjera,Negative,Negative,Negative,Negative,dva_kodera_i_uskladjenje
train-2463,"Propustili ste jednu osnovnu činjenicu, a to je da smo mi 4. prosinca, dakle donijeli Zakon o ustrojstvu.",HR,train_file,2463,9454,2442,test,ucenje,N_Neutral,M_Negative,N_Neutral,Neutral,dva_kodera_i_uskladjenje
train-2464,A najviše me fasciniraju tvrdnje da će nakon što od malih napravimo velike distributere cijena vodoopskrbe biti manja.,HR,train_file,2464,10611,2508,test,ucenje,Negative,Negative,Negative,Negative,dva_kodera_i_uskladjenje
train-2471,"Stvoriti će se pomutnja, stvoriti će se nered i otežati život onima za koje se tvrdi da ovaj zakon se želi ići u korist.",HR,train_file,2471,50749,1260,test,ucenje,Negative,Negative,Negative,Negative,dva_kodera_i_uskladjenje
train-2472,"Ja mogu potvrditi da vjerojatno da, ali ja ne znam koje su to, možda vi znadete, možda još netko drugi zna da je to tako.",HR,train_file,2472,39439,548,test,ucenje,M_Positive,M_Positive,M_Positive,Positive,dva_kodera_i_uskladjenje
train-2474,"Ja se ispričavam, nisam cijelo vrijeme bio, ali kolega državni tajnik je pratio od početka raspravu tako da se neću osvrtat baš na sve primjedbe i prijedloge koji su izneseni u raspravi.",HR,train_file,2474,20755,1216,test,provjera,P_Neutral,P_Neutral,P_Neutral,Neutral,dva_kodera_i_uskladjenje
train-2476,Na temelju provedene rasprave Odbor za poljoprivredi šumarstvu Hrvatskoga sabora je većinom glasova pet glasova za i dva glasa uzdržana odlučio predložiti Hrvatskom saboru donošenje ovoga zakona.,HR,train_file,2476,96879,1349,test,ucenje,Positive,P_Neutral,P_Neutral,Neutral,dva_kodera_i_uskladjenje
train-2477,"Mi stojimo na principu da se svatko ljudsko biće rađa s četiri neprikosnovena prava s pravom na život, pravom na slobodu, pravom na sigurnost i pravom na sreću.",HR,train_file,2477,12535,1832,test,ucenje,Positive,P_Neutral,Positive,Positive,dva_kodera_i_uskladjenje
train-2478,Taj iznos će se vrlo brzo potrošiti i kada shvate da njihova mirovina pada u odnosu na prosječnu isplaćenu plaću republike hrvatske tada će nastupiti otrežnjenje.,HR,train_file,2478,69934,1982,test,provjera,Negative,Negative,Negative,Negative,dva_kodera_i_uskladjenje
train-2479,"Prema zakonu HCR mora pregledati 0,5% razminirane površine, naši su pirotehničari dakle u HCRu mogli preko prosječno pregledali 1,33 čime se također smanjuje rizik da razminirana površina bude opasna.",HR,train_file,2479,108741,2159,test,ucenje,Positive,Positive,Positive,Positive,dva_kodera_i_uskladjenje
train-2483,"Tko ostao, ostao, tko živ, tko mrtav.",HR,train_file,2483,1807,871,test,ucenje,N_Neutral,M_Negative,N_Neutral,Neutral,dva_kodera_i_uskladjenje
train-2485,"Ali stradali su bez suđenja, stradali su samo zato evo jer su drugačije mislili.",HR,train_file,2485,1278,1409,test,ucenje,Negative,Negative,Negative,Negative,dva_kodera_i_uskladjenje
train-2486,"Odbor za obrazovanje, znanost i kulturu posebno je bio zainteresiran za one koje je sam iznio.",HR,train_file,2486,28398,2174,test,ucenje,P_Neutral,P_Neutral,P_Neutral,Neutral,dva_kodera_i_uskladjenje
train-2488,"Bilo je nekih slučajeva, jedan slučaj koji mi pada na pamet je slučaj kad je gorjelo skladište otpada u zapadnom dijelu zagreba prije nekih godinu dana.",HR,train_file,2488,49205,563,test,provjera,Negative,Negative,Negative,Negative,dva_kodera_i_uskladjenje
train-2493,Svaka država pa tako i Hrvatska država treba zaista težiti da bude energetski neovisna.,HR,train_file,2493,68701,2207,test,provjera,Positive,Positive,Positive,Positive,dva_kodera_i_uskladjenje
train-2494,"I medicinsko osoblje koje je bilo zaduženo za skrb o ranjenim i ozlijeđenim braniteljima, a nisu ostvarili status hrvatskog branitelja.",HR,train_file,2494,81980,762,test,ucenje,N_Neutral,N_Neutral,N_Neutral,Neutral,dva_kodera_i_uskladjenje
train-2496,"Bolesti koja je u zadnje vrijeme dosta i česta, čini mi se.",HR,train_file,2496,94474,249,test,ucenje,N_Neutral,N_Neutral,N_Neutral,Neutral,dva_kodera_i_uskladjenje
train-2497,Mislim da grad koji je bio ugrožen i ratnim sredstvom i socijalno ugrožen ne smije doživjeti zatvaranje jedinih izvora svoga prihoda.,HR,train_file,2497,74555,501,test,provjera,Negative,M_Negative,Negative,Negative,dva_kodera_i_uskladjenje
train-2499,Ali ja ću probati to sve svesti u nekoliko minuta.,HR,train_file,2499,203206,120,test,provjera,P_Neutral,N_Neutral,P_Neutral,Neutral,dva_kodera_i_uskladjenje
train-2500,"Hvala lijepo poštovani potpredsjedniče Hrvatskoga sabora, uvaženi državni tajniče sa suradnikom.",HR,train_file,2500,77080,2050,test,ucenje,Positive,P_Neutral,P_Neutral,Neutral,dva_kodera_i_uskladjenje
train-2501,Amandman se ne prihvaća jer je trajanje funkcije vršitelja dužnosti ravnatelja ne uređuje ugovorom o radu koji normira ovom odredbom već se ono određuje odlukom o imenovanju vršitelja dužnosti ravnatelja sukladno Zakonu o ustanovama.,HR,train_file,2501,52252,466,test,ucenje,Negative,N_Neutral,N_Neutral,Neutral,dva_kodera_i_uskladjenje
train-2505,"Gospodine predsjedniče, mi se protivimo pod točkom 44. da se provede hitni postupak u čitanju zakona o izmjenama i dopunama Ovršnog zakona, s Konačnim prijedlogom zakona.",HR,train_file,2505,24025,2191,test,ucenje,Negative,Negative,Negative,Negative,dva_kodera_i_uskladjenje
train-2506,I tu leže milijuni i milijuni novaca a mi ovdje govorimo kako ćemo nekakvim fiskalnim potezima ojačati fiskalne kapacitete lokalne samouprave.,HR,train_file,2506,44266,2285,test,provjera,Negative,M_Negative,Negative,Negative,dva_kodera_i_uskladjenje
train-2507,"Učitelji su i dalje u štrajku i dalje štrajkaju i dalje su nezadovoljni, ja ne znam šta ste vi to napravili.",HR,train_file,2507,33770,2374,test,ucenje,Negative,Negative,Negative,Negative,dva_kodera_i_uskladjenje
train-2508,"Podržava se donošenje Zakona o izmjenama i dopunama zakona o energiji, podržava se donošenje Zakona o regulaciji energetskih djelatnosti i podržava se donošenje Zakona o tržištu električne energije.",HR,train_file,2508,4632,1401,test,ucenje,Positive,P_Neutral,P_Neutral,Neutral,dva_kodera_i_uskladjenje
train-2511,Ministarstvo obitelji i branitelja i međugeneracijske solidarnosti donijelo je nacionalnu obiteljsku politiku.,HR,train_file,2511,42452,2349,test,ucenje,P_Neutral,Positive,P_Neutral,Neutral,dva_kodera_i_uskladjenje
train-2512,"Ista je Sinjska krajina, Sinjski dio ovaj prema Zelovu…/Govornik se ne razumije/… mrtvo, mrtvo.",HR,train_file,2512,1847,1547,test,provjera,Negative,Negative,Negative,Negative,dva_kodera_i_uskladjenje
train-2519,Ići na 25% čime ćemo se tek približiti ili doći do europskog prosjeka udjela jedinice lokalne i regionalne samouprave u ukupnim javnim troškovima.,HR,train_file,2519,52260,1415,test,ucenje,N_Neutral,M_Positive,N_Neutral,Neutral,dva_kodera_i_uskladjenje
train-2520,"Ne misli se u doslovnom smislu, nego figurativnom, smrt.",HR,train_file,2520,7193,82,test,ucenje,Negative,Negative,Negative,Negative,dva_kodera_i_uskladjenje
train-2522,"Mislim da je velikim dijelom, većim dijelom zapravo i evo prihvaćeni oni prijedlozi koje je dao Odbor za zdravstvo pa i u raspravi u prvom čitanju.",HR,train_file,2522,13090,529,test,ucenje,Positive,P_Neutral,P_Neutral,Neutral,dva_kodera_i_uskladjenje
train-2523,Mi moramo definirati vlasništvo kao vlasništvo bez obzira tko jest titular toga vlasništva i prema svakoj vrsti vlasništva se moramo na isti način odnositi.,HR,train_file,2523,55422,2291,test,ucenje,P_Neutral,P_Neutral,P_Neutral,Neutral,dva_kodera_i_uskladjenje
train-2526,Uvodno sam rekao da ništa ne počinje i ne završava sa ovom Vladom.,HR,train_file,2526,26774,1030,test,ucenje,Negative,N_Neutral,M_Negative,Negative,dva_kodera_i_uskladjenje
train-2527,"Mislim da smo svi svjesni da nam se događaju kod izbora i to gotovo 3, 4 mjeseca prije izbora a onda i tri, četri mjeseca nakon izbora gotovo blokada kompletnog sustava.",HR,train_file,2527,14557,1111,test,ucenje,Negative,Negative,Negative,Negative,dva_kodera_i_uskladjenje
train-2530,"Da se vratim na samu stvar, Ustavni sud RH je napravio posao koji su pretpostavke za donošenje ova dva prijedloga zakona.",HR,train_file,2530,89023,246,test,ucenje,P_Neutral,Positive,P_Neutral,Neutral,dva_kodera_i_uskladjenje
train-2532,Zato nekako očekujem da će netko od dragih ljudi i prijatelja prosvjednika hrvatskih branitelja pa evo zagrliti Bojana.,HR,train_file,2532,30424,1772,test,ucenje,Negative,M_Positive,M_Negative,Negative,dva_kodera_i_uskladjenje
train-2534,Dozvolite da vam u sljedećih desetak do petnaest minuta pojasnim Prijedlog zakona o obeštećenju radnika Trgovačkog društva „Plobest d.d.“.,HR,train_file,2534,1405,2392,test,ucenje,P_Neutral,P_Neutral,P_Neutral,Neutral,dva_kodera_i_uskladjenje
train-2535,"Dakle u uređenim državama su svjesni što su napravili. o.k. prije 100 godina o azbestu nismo znali ništa, ali bio je jeftin, gradili smo.",HR,train_file,2535,75015,503,test,ucenje,Negative,M_Negative,Negative,Negative,dva_kodera_i_uskladjenje
train-2536,Pogledajte u prosincu 3 puta su vršene preraspodjele da bi se naravno uskladilo izvršenje proračuna sa planom i opet eto ja mislim da to nije u redu da nas tako informira Vlada.,HR,train_file,2536,8909,275,test,ucenje,Negative,M_Negative,Negative,Negative,dva_kodera_i_uskladjenje
train-2538,"Prijedlog ovog zakona nije usmjeren protiv bogatih ljudi, dapače, Hrvatskoj trebaju bogati ljudi, ali ne bogati ljudi po modelu Alan Forda gdje se otima siromašnima i daje bogatima.",HR,train_file,2538,59639,2510,test,ucenje,M_Positive,M_Positive,M_Positive,Positive,dva_kodera_i_uskladjenje
train-2540,"Ali Hrvatski sabor i hrvatska javnost mora dobiti točan, istinit odgovor zašto Hrvatska država danas nema ni grama zlatnih rezervi.",HR,train_file,2540,70708,491,test,provjera,Negative,M_Negative,Negative,Negative,dva_kodera_i_uskladjenje
train-2543,"I opet govorimo usudimo se reći da je sustav u cjelini učinkovitiji i da za to dignemo ruku, da ne trepnemo.",HR,train_file,2543,75486,754,test,ucenje,Positive,Positive,Positive,Positive,dva_kodera_i_uskladjenje
train-2545,"Točno je to da su pojedinci i kao narodna zaštita čuvali i branili objekte od interesa za RH i da su bili pod oružjem, koliko je bilo oružja.",HR,train_file,2545,91672,770,test,provjera,P_Neutral,M_Positive,P_Neutral,Neutral,dva_kodera_i_uskladjenje
train-2546,Pa možemo nastaviti sada sa amandmanom broj 8 Kluba zastupnika SDP-a.,HR,train_file,2546,83733,1466,test,ucenje,P_Neutral,P_Neutral,P_Neutral,Neutral,dva_kodera_i_uskladjenje
train-2548,Dakle i ova je jedan koncept ali morate priznati da je isto tako i odlična podloga za donošenje zakona o raspolaganju državnom imovinom koji će se zasigurno i ubrzo donijeti.,HR,train_file,2548,40775,716,test,ucenje,Positive,Positive,Positive,Positive,dva_kodera_i_uskladjenje
train-2549,"Ovaj prijedlozi, ovaj paket zakona ide u tom pravcu da činimo te korake koji bi trebali ići u pravcu iskorjenjivanja nasilja, odnosno svođenja nasilja na najmanju moguću mjeru.",HR,train_file,2549,72258,2444,test,ucenje,Positive,M_Positive,Positive,Positive,dva_kodera_i_uskladjenje
train-2550,"Svi se slažemo oko toga da se na određene proizvode kao što su alkohol i cigarete mora biti taj dodatni namet, ta trošarina.",HR,train_file,2550,42658,2146,test,ucenje,Positive,Positive,Positive,Positive,dva_kodera_i_uskladjenje
train-2551,Odgajala ga baka Marija i ona je u njemu otkrila talent prema glazbi.,HR,train_file,2551,159865,825,test,provjera,P_Neutral,Positive,P_Neutral,Neutral,dva_kodera_i_uskladjenje
train-2552,Ako dovodimo u pitanje njegovu čast i ugled osobnu ili čast i ugled njegove obitelji.,HR,train_file,2552,103331,787,test,ucenje,N_Neutral,Negative,M_Negative,Negative,dva_kodera_i_uskladjenje
train-2553,"Dakle ja neću raditi a ne dam ni drugom da radi, to su komunistička filozofija.",HR,train_file,2553,107450,1675,test,ucenje,Negative,Negative,Negative,Negative,dva_kodera_i_uskladjenje
train-2554,"Vidite da je, jedan mali virus je zapravo srušio sve ono što se 3,5.g. marljivo radilo.",HR,train_file,2554,41403,1056,test,provjera,Negative,M_Negative,Negative,Negative,dva_kodera_i_uskladjenje
train-2561,"Dakle, imamo dnevno milijune i milijune elektroničkih dokumenata koji se koriste jer se mogu koristiti jer u ovoj situaciji je procjena da nam donose dobro.",HR,train_file,2561,76322,605,test,provjera,P_Neutral,Positive,P_Neutral,Neutral,dva_kodera_i_uskladjenje
train-2564,"Da li je ova rtv pristojba u ovom iznosu dovoljna, slaba, prevelika, mala itd. o tome se da raspravljati, ali o ovim politikama ćemo raščistit.",HR,train_file,2564,7704,519,test,ucenje,M_Negative,M_Negative,M_Negative,Negative,dva_kodera_i_uskladjenje
train-2568,"Evo jedan dio sam već u svojoj replici spomenula, dio dakle, primjedbi koje ću i ovdje u ovoj pojedinačnoj raspravi iznijeti.",HR,train_file,2568,8689,1636,test,provjera,N_Neutral,P_Neutral,N_Neutral,Neutral,dva_kodera_i_uskladjenje
train-2572,"Ne, mi evo bavimo se aferama, bavimo se spašavanjem nekretninskog biznisa svojih ministara umjesto da ih sve automatski razriješi dužnosti, čekaju se njihove ostavke i nagrađuje ih se dolaskom u HS.",HR,train_file,2572,7584,272,test,ucenje,Negative,Negative,Negative,Negative,dva_kodera_i_uskladjenje
train-2576,"Objektivno brod u makroekonomskim pokazateljima tone zadnjih pet, šest godina.",HR,train_file,2576,53868,2202,test,ucenje,Negative,Negative,Negative,Negative,dva_kodera_i_uskladjenje
train-2577,"I sad bih vas molio da se izjasnite o amandmanu, dva su, o amandmanima Kluba zastupnika HDSSB-a.",HR,train_file,2577,70570,35,test,ucenje,P_Neutral,P_Neutral,P_Neutral,Neutral,dva_kodera_i_uskladjenje
train-2579,"Tko vama garantira da ćete vi to uspjeti, tko garantira da će banke to otpisati i da neće prodati?",HR,train_file,2579,6037,270,test,ucenje,Negative,M_Negative,Negative,Negative,dva_kodera_i_uskladjenje
train-2580,"HDZ i naš klub iz tog razloga neće sudjelovati u glasovanju, mi ćemo napustiti sabornicu, kao to je naša poruka, naš protest protiv načina na koji radite ovdje u Hrvatskom saboru.",HR,train_file,2580,7558,2462,test,ucenje,Negative,Negative,Negative,Negative,dva_kodera_i_uskladjenje
train-2582,"Jel' ovo kako mi trenutno živimo u Hrvatskoj, jel' to vaša vizija?",HR,train_file,2582,67506,591,test,ucenje,Negative,Negative,Negative,Negative,dva_kodera_i_uskladjenje
train-2583,"Ja vjerujem da ste čitali javnu raspravu, čitate medije.",HR,train_file,2583,46091,1434,test,ucenje,P_Neutral,N_Neutral,P_Neutral,Neutral,dva_kodera_i_uskladjenje
train-2584,Pozdravljam i onaj podatak koji ste iznijeli da imate mlade znanstvenike jer znamo u kakvoj je situaciji znanost u Hrvatskoj i da se novac za mlade znanstvenike ide na kapaljku.,HR,train_file,2584,16987,1909,test,ucenje,M_Positive,M_Positive,M_Positive,Positive,dva_kodera_i_uskladjenje
train-2585,I ne možete reći da smanjenje koeficijenta nije smanjene plaće za milog Boga.,HR,train_file,2585,118197,258,test,ucenje,Negative,Negative,Negative,Negative,dva_kodera_i_uskladjenje
train-2588,To je inače i predviđeno pred gotovo 10 godina u dokumentima Međunarodnog muzejskog vijeća pred gotovo 10 godina.,HR,train_file,2588,59841,737,test,ucenje,P_Neutral,N_Neutral,N_Neutral,Neutral,dva_kodera_i_uskladjenje
train-2593,"I treće, dio zakona stupa na pravu snagu za osam dana, a tiče se mnogo subjekata.",HR,train_file,2593,101715,633,test,provjera,P_Neutral,P_Neutral,P_Neutral,Neutral,dva_kodera_i_uskladjenje
train-2595,"Međutim, u 2003. godini došlo je do pogoršanja stanja sigurnosti prometa na cestama što se vidi o povećanju broja poginulih i broja ozlijeđenih osoba.",HR,train_file,2595,11248,1913,test,ucenje,Negative,Negative,Negative,Negative,dva_kodera_i_uskladjenje
train-2596,"19 godina, bio sam na bojištu, sjećam se svojih kolega i kolegica, svaki od nas u to vrijeme je bio negdje.",HR,train_file,2596,67696,746,test,ucenje,M_Positive,M_Positive,M_Positive,Positive,dva_kodera_i_uskladjenje
train-2597,"Idemo dalje, da li donošenje zakona od strane Hrvatskoga sabora je dovoljno da skinemo odgovornost sa nas za neučinkovito tržište plina?",HR,train_file,2597,34369,1811,test,ucenje,Negative,M_Negative,Negative,Negative,dva_kodera_i_uskladjenje
train-2598,"Uvaženi državni tajniče i ja se pridružujem da podsjetimo da je danas Svjetski dan zdravlja, posebno posvećen medicinskim sestrama i primaljama koje daju zaista veliki doprinos u ovoj borbi.",HR,train_file,2598,38012,1046,test,provjera,Positive,Positive,Positive,Positive,dva_kodera_i_uskladjenje
test-0002,Ti plasmani porasli su više nego što su plasmani stanovništvu.,HR,test_file,2,91337,2,nije_dostupno_iz_izvora,ispitivanje,N_Neutral,nije_dostupno_iz_izvora,nije_dostupno_iz_izvora,Neutral,jedan_uvjezbani_koder
test-0003,"Metodologija je vrlo jednostavna, grupa stručnjaka koja surađuje sa brojnim inozemnim institucijama koje sada nećemo nabrajati postavlja državnoj upravi najprije pitanje napišite mi sve vaše zakonske i podzakonske akte.",HR,test_file,3,5667,3,nije_dostupno_iz_izvora,ispitivanje,P_Neutral,nije_dostupno_iz_izvora,nije_dostupno_iz_izvora,Neutral,jedan_uvjezbani_koder
test-0004,Jer podsjetit ću da nepotizam definicijom znači popunjavanje radnih mjesta članovima vlastite obitelji ili davanje prednosti pri zapošljavanju poznanicima ili prijateljima.,HR,test_file,4,6728,4,nije_dostupno_iz_izvora,ispitivanje,Negative,nije_dostupno_iz_izvora,nije_dostupno_iz_izvora,Negative,jedan_uvjezbani_koder
test-0005,"Dalje, utvrđeno je da bi to bila, da je to najvažnija mjera promocije inventivnih i inovativnih aktivnosti u Hrvatskoj prema ukupnom obujmu novčanih sredstava.",HR,test_file,5,89904,5,nije_dostupno_iz_izvora,ispitivanje,P_Neutral,nije_dostupno_iz_izvora,nije_dostupno_iz_izvora,Neutral,jedan_uvjezbani_koder
test-0006,"Ono što bih rekla uz te posudbe je hvale vrijedno, da su dugoročne pozajmice bile za mlade poduzetnice i žene.",HR,test_file,6,36685,6,nije_dostupno_iz_izvora,ispitivanje,Positive,nije_dostupno_iz_izvora,nije_dostupno_iz_izvora,Positive,jedan_uvjezbani_koder
test-0007,"Naime, lijepo je pročitati konstatacije u uvodu, povijesne stečevine koje obvezuju aktualno stanje u zdravstvu, ciljeve i pretpostavke.",HR,test_file,7,66639,7,nije_dostupno_iz_izvora,ispitivanje,Positive,nije_dostupno_iz_izvora,nije_dostupno_iz_izvora,Positive,jedan_uvjezbani_koder
test-0010,"Drugi jedan zanimljiv segment je energetika, naime stvar je velika odnosno prilika za postizanje sinergijskih efekata i povezivanje sektora.",HR,test_file,10,189791,10,nije_dostupno_iz_izvora,ispitivanje,P_Neutral,nije_dostupno_iz_izvora,nije_dostupno_iz_izvora,Neutral,jedan_uvjezbani_koder
test-0014,"Početkom 12. mjeseca ove godine država se zadužila za 2,5 milijarde kuna preko neuobičajenih dvogodišnjih trezorskih zapisa a do kraja ove godine mora uzeti zajam od još 5,6 milijardi kuna.",HR,test_file,14,22531,14,nije_dostupno_iz_izvora,ispitivanje,Negative,nije_dostupno_iz_izvora,nije_dostupno_iz_izvora,Negative,jedan_uvjezbani_koder
test-0016,"Dakle, Vlada stoji i resorna ministarstva iza nas stoje i to je nepobitno.",HR,test_file,16,8706,16,nije_dostupno_iz_izvora,ispitivanje,Positive,nije_dostupno_iz_izvora,nije_dostupno_iz_izvora,Positive,jedan_uvjezbani_koder
test-0018,"Mi ćemo u sljedećem razdoblju razmotrit i sve ostale predmete, ne samo Policijsku upravu u Splitsko-dalmatinskoj, nego u svim upravama.",HR,test_file,18,85272,18,nije_dostupno_iz_izvora,ispitivanje,P_Neutral,nije_dostupno_iz_izvora,nije_dostupno_iz_izvora,Neutral,jedan_uvjezbani_koder
test-0022,"Pa ima, argument stoji, netko će reći pa više treba poticati otvaranje radnih mjesta u jednome Vukovaru nego u Buzetu gdje je nezaposlenost 3%.",HR,test_file,22,78659,22,nije_dostupno_iz_izvora,ispitivanje,M_Negative,nije_dostupno_iz_izvora,nije_dostupno_iz_izvora,Negative,jedan_uvjezbani_koder
test-0023,"Međutim, ovdje upozoravam na činjenicu da ono što se predlaže ne smije imati takve slabosti da bude osporeno.",HR,test_file,23,119309,23,nije_dostupno_iz_izvora,ispitivanje,Negative,nije_dostupno_iz_izvora,nije_dostupno_iz_izvora,Negative,jedan_uvjezbani_koder
test-0026,"29 klizišta ugrožava gospodarske objekte, 194 klizišta ugrožava nerazvrstane ceste i ukupna procijenjena šteta je preko 174 milijuna kuna.",HR,test_file,26,78412,26,nije_dostupno_iz_izvora,ispitivanje,Negative,nije_dostupno_iz_izvora,nije_dostupno_iz_izvora,Negative,jedan_uvjezbani_koder
test-0032,"Edukacija za državne službenike o jačanju integriteta ne provodi se sa crtićima, već sa stalnim radionicama i radom sa građanima.",HR,test_file,32,28844,32,nije_dostupno_iz_izvora,ispitivanje,M_Negative,nije_dostupno_iz_izvora,nije_dostupno_iz_izvora,Negative,jedan_uvjezbani_koder
test-0040,"U svrhu toga primijećeno je da je ipak uveden dodatni mehanizam zaštite, da o tome treba biti obaviještena pravobraniteljica za osobe s invaliditetom.",HR,test_file,40,73096,40,nije_dostupno_iz_izvora,ispitivanje,M_Positive,nije_dostupno_iz_izvora,nije_dostupno_iz_izvora,Positive,jedan_uvjezbani_koder
test-0041,"Prvo su naravno investicije u infrastrukturu, dakle sve ono što je naslonjeno na javne proračune, sve ono što podiže razinu kvalitete života u pojedinim sredinama od manjih do velikih projekata.",HR,test_file,41,142180,41,nije_dostupno_iz_izvora,ispitivanje,Positive,nije_dostupno_iz_izvora,nije_dostupno_iz_izvora,Positive,jedan_uvjezbani_koder
test-0042,Da sa Pomorskim zakonikom htjeli smo riješiti 3 vrlo bitne stvari.,HR,test_file,42,29786,42,nije_dostupno_iz_izvora,ispitivanje,P_Neutral,nije_dostupno_iz_izvora,nije_dostupno_iz_izvora,Neutral,jedan_uvjezbani_koder
test-0043,"U ime Kluba nezavisnih zastupnika Linića, Vukšića i Hodžića kolega Slavko Linić.",HR,test_file,43,103067,43,nije_dostupno_iz_izvora,ispitivanje,P_Neutral,nije_dostupno_iz_izvora,nije_dostupno_iz_izvora,Neutral,jedan_uvjezbani_koder
test-0044,"Ovakvo izvršenje rashoda omogućilo je korisnicima proračunskih sredstava normalan rad, a preuzete financijske obveze mogle su se uredno izvršavati.",HR,test_file,44,45579,44,nije_dostupno_iz_izvora,ispitivanje,Positive,nije_dostupno_iz_izvora,nije_dostupno_iz_izvora,Positive,jedan_uvjezbani_koder
test-0046,Aqua kultura uzgoj ribe je u svijetu najbrži rastući sektor u proizvodnji hrane.,HR,test_file,46,44593,46,nije_dostupno_iz_izvora,ispitivanje,P_Neutral,nije_dostupno_iz_izvora,nije_dostupno_iz_izvora,Neutral,jedan_uvjezbani_koder
test-0050,"Jer ta mirovna misija podrazumijeva ne samo vojnu komponentu, nego i civilnu.",HR,test_file,50,79324,50,nije_dostupno_iz_izvora,ispitivanje,P_Neutral,nije_dostupno_iz_izvora,nije_dostupno_iz_izvora,Neutral,jedan_uvjezbani_koder
test-0054,Ali moramo prethodno samo to želim istaknuti dobiti sud lokalne zajednice.,HR,test_file,54,34225,54,nije_dostupno_iz_izvora,ispitivanje,P_Neutral,nije_dostupno_iz_izvora,nije_dostupno_iz_izvora,Neutral,jedan_uvjezbani_koder
test-0055,Preko 90% u doba … i zlatnog doba američke politike.,HR,test_file,55,11253,55,nije_dostupno_iz_izvora,ispitivanje,P_Neutral,nije_dostupno_iz_izvora,nije_dostupno_iz_izvora,Neutral,jedan_uvjezbani_koder
test-0056,"Međutim, u stavku tri kaže Hrvatska izvještajna i neizvještajna financijska institucija ako ne prikuplja propisane informacije itd.",HR,test_file,56,10302,56,nije_dostupno_iz_izvora,ispitivanje,P_Neutral,nije_dostupno_iz_izvora,nije_dostupno_iz_izvora,Neutral,jedan_uvjezbani_koder
test-0059,I onda u 8 mjesecu imamo odluku kojom se mimo tog dogovora povećava cijena upravo tom privatnom subjektu u Bosni i Hercegovini.,HR,test_file,59,17653,59,nije_dostupno_iz_izvora,ispitivanje,Negative,nije_dostupno_iz_izvora,nije_dostupno_iz_izvora,Negative,jedan_uvjezbani_koder
test-0060,"Da je ovo ipak svojevrsni promašaj aktualne vlasti koja se ne može pomiriti sa nekim svojim optimističnim najavama, jer jednostavno ne ide.",HR,test_file,60,51619,60,nije_dostupno_iz_izvora,ispitivanje,Negative,nije_dostupno_iz_izvora,nije_dostupno_iz_izvora,Negative,jedan_uvjezbani_koder
test-0061,Pa smo i prihvatili inicijativu Hrvatske obrtničke komore da se ovim amandmanom poboljša Zakon o odgoju i obrazovanju svjesni toga da smo donijeli Zakon o strukovnom obrazovanju.,HR,test_file,61,46217,61,nije_dostupno_iz_izvora,ispitivanje,P_Neutral,nije_dostupno_iz_izvora,nije_dostupno_iz_izvora,Neutral,jedan_uvjezbani_koder
test-0062,"Dakle, mi smo u principu umjetno dokapitalizirali društvo koje toliko ne vrijedi.",HR,test_file,62,82316,62,nije_dostupno_iz_izvora,ispitivanje,Negative,nije_dostupno_iz_izvora,nije_dostupno_iz_izvora,Negative,jedan_uvjezbani_koder
test-0065,"Oprostite, malo mi je ovak neugodno stajati ali nema veze.",HR,test_file,65,35761,65,nije_dostupno_iz_izvora,ispitivanje,M_Negative,nije_dostupno_iz_izvora,nije_dostupno_iz_izvora,Negative,jedan_uvjezbani_koder
test-0066,Bilo bi bolje da razmislimo o tome da pojedine djelatnosti iz općine ili koje imaju jedinice lokalne samouprave delegiramo na druge načine.,HR,test_file,66,93670,66,nije_dostupno_iz_izvora,ispitivanje,N_Neutral,nije_dostupno_iz_izvora,nije_dostupno_iz_izvora,Neutral,jedan_uvjezbani_koder
test-0069,"To nije točno jer iz tih dokumenata apsolutno to ne proizlazi, međutim, u prioritet su stavljeni drugi gorući problemi.",HR,test_file,69,22684,69,nije_dostupno_iz_izvora,ispitivanje,M_Negative,nije_dostupno_iz_izvora,nije_dostupno_iz_izvora,Negative,jedan_uvjezbani_koder
test-0070,"Ali moramo razmišljati o svim građanima, moramo razmišljati o budućnosti, moramo razmišljati o onom gdje ćemo biti za 5, 10 godina.",HR,test_file,70,83961,70,nije_dostupno_iz_izvora,ispitivanje,P_Neutral,nije_dostupno_iz_izvora,nije_dostupno_iz_izvora,Neutral,jedan_uvjezbani_koder
test-0071,"Kako ćemo čestitati taj blagdan, sretan vam dan pada Vukovara?",HR,test_file,71,171888,71,nije_dostupno_iz_izvora,ispitivanje,Negative,nije_dostupno_iz_izvora,nije_dostupno_iz_izvora,Negative,jedan_uvjezbani_koder
test-0074,Mislim da je nedopustivo da se te milijarde i ti interesi reguliraju diskrecionim pravom ministra.,HR,test_file,74,6590,74,nije_dostupno_iz_izvora,ispitivanje,Negative,nije_dostupno_iz_izvora,nije_dostupno_iz_izvora,Negative,jedan_uvjezbani_koder
test-0076,I naravno danas ne mogu biti jednako konkurentni ostalima koji nisu bili u toj prilici.,HR,test_file,76,50462,76,nije_dostupno_iz_izvora,ispitivanje,Negative,nije_dostupno_iz_izvora,nije_dostupno_iz_izvora,Negative,jedan_uvjezbani_koder
test-0080,"Kada idete do sabora, malo pogledate kako to u Gradu Zagrebu izgleda, da nešto što je možda i u vašim općinama i gradovima normalno, u Gradu Zagrebu nije.",HR,test_file,80,92263,80,nije_dostupno_iz_izvora,ispitivanje,Negative,nije_dostupno_iz_izvora,nije_dostupno_iz_izvora,Negative,jedan_uvjezbani_koder
test-0083,"Dakle, ukinut ćemo plaćanje spomeničke rente za uporabu i promidžbu kulturnih dobara i nećemo na to više plaćati nikakvu obvezu, jer kažemo do sada su to bila previsoka sredstva.",HR,test_file,83,55537,83,nije_dostupno_iz_izvora,ispitivanje,M_Positive,nije_dostupno_iz_izvora,nije_dostupno_iz_izvora,Positive,jedan_uvjezbani_koder
test-0084,Da li ovaj zakon donosimo isključivo zbog toga što moramo ispuniti uvjete Europske unije ili ovaj zakon donosimo zato da bi nama u Hrvatskoj što se tiče energetske politike bilo bolje.,HR,test_file,84,17482,84,nije_dostupno_iz_izvora,ispitivanje,M_Negative,nije_dostupno_iz_izvora,nije_dostupno_iz_izvora,Negative,jedan_uvjezbani_koder
test-0085,Kako je objasnio predstavnik predlagatelja po katalogu znanja i vještina kako to predviđa ovaj zakon primalje koje sada obavljaju taj posao postati će prema ovom zakonu primalje asistentice.,HR,test_file,85,16858,85,nije_dostupno_iz_izvora,ispitivanje,P_Neutral,nije_dostupno_iz_izvora,nije_dostupno_iz_izvora,Neutral,jedan_uvjezbani_koder
test-0086,Prije svega želim reći da hrvatska službena statistika u hrvatskoj politici ni u hrvatskom gospodarstvu nije ni približno zauzela ono mjesto koje joj pripada.,HR,test_file,86,31555,86,nije_dostupno_iz_izvora,ispitivanje,Negative,nije_dostupno_iz_izvora,nije_dostupno_iz_izvora,Negative,jedan_uvjezbani_koder
test-0092,"Uvažena kolegice Holy, oko potrebe novog Zakona o političkim strankama se slažem s vama.",HR,test_file,92,100137,92,nije_dostupno_iz_izvora,ispitivanje,Positive,nije_dostupno_iz_izvora,nije_dostupno_iz_izvora,Positive,jedan_uvjezbani_koder
test-0093,Ostale kurirske tvrtke takve usluge mogu obavljati samo uz tri puta veću cijenu što ih stavlja u apsolutno neravnopravni položaj i dovodi u pitanje njihovu egzistenciju.,HR,test_file,93,32260,93,nije_dostupno_iz_izvora,ispitivanje,Negative,nije_dostupno_iz_izvora,nije_dostupno_iz_izvora,Negative,jedan_uvjezbani_koder
test-0098,Propisati češće vršenje ... /Govornik se ne razumije./ … procjena svrhovitosti dodjeljivanja stupnja tajnosti.,HR,test_file,98,94060,98,nije_dostupno_iz_izvora,ispitivanje,P_Neutral,nije_dostupno_iz_izvora,nije_dostupno_iz_izvora,Neutral,jedan_uvjezbani_koder
test-0100,Dakle vis a vis Zakona o tržištu kapitala i Zakona o osiguranju Europska komisija željela je vidjeti točno navedene direktive i njihove glave na koje se te iznimke pozivaju.,HR,test_file,100,28530,100,nije_dostupno_iz_izvora,ispitivanje,N_Neutral,nije_dostupno_iz_izvora,nije_dostupno_iz_izvora,Neutral,jedan_uvjezbani_koder
test-0101,"Ne može to biti, mislim to je fizički neostvarivo.",HR,test_file,101,111614,101,nije_dostupno_iz_izvora,ispitivanje,Negative,nije_dostupno_iz_izvora,nije_dostupno_iz_izvora,Negative,jedan_uvjezbani_koder
test-0103,Molim? …/Upadica se ne čuje./…,HR,test_file,103,96535,103,nije_dostupno_iz_izvora,ispitivanje,P_Neutral,nije_dostupno_iz_izvora,nije_dostupno_iz_izvora,Neutral,jedan_uvjezbani_koder
test-0104,Ako hoćete pratiti šta ovaj Zakon zapravo koje promjene on unosi morate imati pred sobom svih šest zakonskih tekstova.,HR,test_file,104,38433,104,nije_dostupno_iz_izvora,ispitivanje,P_Neutral,nije_dostupno_iz_izvora,nije_dostupno_iz_izvora,Neutral,jedan_uvjezbani_koder
test-0106,"Sada smo ga riješili, to je bilo jednostavno novi broj nezaposlenih. … /Upadica se ne razumije./ …",HR,test_file,106,56091,106,nije_dostupno_iz_izvora,ispitivanje,P_Neutral,nije_dostupno_iz_izvora,nije_dostupno_iz_izvora,Neutral,jedan_uvjezbani_koder
test-0108,"Prijedloga tog zakona koji se odnosi na koeficijent dobi, dakle starosti nekretnine po kojoj se određuje visina poreza.",HR,test_file,108,9825,108,nije_dostupno_iz_izvora,ispitivanje,P_Neutral,nije_dostupno_iz_izvora,nije_dostupno_iz_izvora,Neutral,jedan_uvjezbani_koder
test-0109,"Smanjenjem, znatnim smanjenjem broja kao i smanjenjem proračunskih sredstava kroz cijelo vrijeme donosimo jednu poruku koja nije dobra, narušavamo stanje sustava, ne unapređujemo ga.",HR,test_file,109,9103,109,nije_dostupno_iz_izvora,ispitivanje,Negative,nije_dostupno_iz_izvora,nije_dostupno_iz_izvora,Negative,jedan_uvjezbani_koder
test-0111,Za zapošljavanje tih osoba u zaštitnim radionicama podrazumijeva zapošljavanje na radnom mjestu koje je prilagođeno radnim sposobnostima i potreba osoba s invaliditetom.,HR,test_file,111,50591,111,nije_dostupno_iz_izvora,ispitivanje,P_Neutral,nije_dostupno_iz_izvora,nije_dostupno_iz_izvora,Neutral,jedan_uvjezbani_koder
test-0114,Jer ne žele ovdje preživljavati i reći evo imam dovoljno da kupim svih onih 9 osnovnih stvari da mogu ja preživjeti a ne 4/9 nego 9/9.,HR,test_file,114,92415,114,nije_dostupno_iz_izvora,ispitivanje,Negative,nije_dostupno_iz_izvora,nije_dostupno_iz_izvora,Negative,jedan_uvjezbani_koder
test-0115,Pučki pravobranitelj u svom izvješću upozorava na sve veći broj pritužbi građana na ponašanje policije i to radi kontinuirano kroz svoja prethodna izvješća zadnjih 5 godina.,HR,test_file,115,54329,115,nije_dostupno_iz_izvora,ispitivanje,Negative,nije_dostupno_iz_izvora,nije_dostupno_iz_izvora,Negative,jedan_uvjezbani_koder
test-0116,"Mi sa Austrijom imamo nekoliko, ne samo da nas vežu zajedničke konvencije, nego i posebni protokoli, vrlo minuciozni.",HR,test_file,116,13386,116,nije_dostupno_iz_izvora,ispitivanje,P_Neutral,nije_dostupno_iz_izvora,nije_dostupno_iz_izvora,Neutral,jedan_uvjezbani_koder
test-0117,I upravo na prijedlog ovoga savjeta mladih pri gradskom vijeću.,HR,test_file,117,52185,117,nije_dostupno_iz_izvora,ispitivanje,P_Neutral,nije_dostupno_iz_izvora,nije_dostupno_iz_izvora,Neutral,jedan_uvjezbani_koder
test-0120,"Kao sljedećeg najznačajnijeg izvora punjenja državnog proračuna gdje nažalost trošarine, govorimo o nominalnom iznosu prodanih naftinih derivata u zadnje 4 godine, dakle, 2003. su skoro na istom iznosu.",HR,test_file,120,8132,120,nije_dostupno_iz_izvora,ispitivanje,Negative,nije_dostupno_iz_izvora,nije_dostupno_iz_izvora,Negative,jedan_uvjezbani_koder
test-0122,"Možemo to učiniti ako postoji dobra volja, ako propustimo ovaj zakon u drugo čitanje.",HR,test_file,122,9480,122,nije_dostupno_iz_izvora,ispitivanje,Positive,nije_dostupno_iz_izvora,nije_dostupno_iz_izvora,Positive,jedan_uvjezbani_koder
test-0125,Da li je naš poljoprivreda ako smo ušli u EU konkurentna?,HR,test_file,125,130091,125,nije_dostupno_iz_izvora,ispitivanje,N_Neutral,nije_dostupno_iz_izvora,nije_dostupno_iz_izvora,Neutral,jedan_uvjezbani_koder
test-0127,Zapošljavanje poslijedoktoranata omogućeno je već u istraživačkim projektima ali zaklada će razviti i poseban program namijenjen isključivo poslijedoktorantima.,HR,test_file,127,107379,127,nije_dostupno_iz_izvora,ispitivanje,Positive,nije_dostupno_iz_izvora,nije_dostupno_iz_izvora,Positive,jedan_uvjezbani_koder
test-0129,"Pa zakonska regulativa tu je jasna, jedinica lokalne samouprave grade javnu rasvjetu iako priključke zaista plaćamo HEP-u prilikom priključenja javne rasvjete.",HR,test_file,129,93692,129,nije_dostupno_iz_izvora,ispitivanje,N_Neutral,nije_dostupno_iz_izvora,nije_dostupno_iz_izvora,Neutral,jedan_uvjezbani_koder
test-0130,S tim u vezi nekretnine na kojima postoje razlučna prava će se prodavat u stečajnom postupku na prvom ročištu po utvrđenoj vrijednosti.,HR,test_file,130,97001,130,nije_dostupno_iz_izvora,ispitivanje,N_Neutral,nije_dostupno_iz_izvora,nije_dostupno_iz_izvora,Neutral,jedan_uvjezbani_koder
test-0132,"Slučaj 12-orice generala koji su potjerani, koji su znali raditi svoj posao i puno je takvih situacija bilo, a onda se javnosti prikazivalo kako se radi nekakav preustroj.",HR,test_file,132,23033,132,nije_dostupno_iz_izvora,ispitivanje,Negative,nije_dostupno_iz_izvora,nije_dostupno_iz_izvora,Negative,jedan_uvjezbani_koder
test-0133,I na taj način zapravo želim istaknuti da je za razvoj odgovornosti za odgovorno ponašanje i prema sebi i drugima odgovornost nas odraslih.,HR,test_file,133,53388,133,nije_dostupno_iz_izvora,ispitivanje,P_Neutral,nije_dostupno_iz_izvora,nije_dostupno_iz_izvora,Neutral,jedan_uvjezbani_koder
test-0134,"A što se tiče vile Idole, sumnjam da je itko htio dati taj novac, da smo i mi dali javni poziv.",HR,test_file,134,53782,134,nije_dostupno_iz_izvora,ispitivanje,Negative,nije_dostupno_iz_izvora,nije_dostupno_iz_izvora,Negative,jedan_uvjezbani_koder
test-0135,"Međutim, želim vrlo jasno još jedanputa reći nešto o sanaciji.",HR,test_file,135,43134,135,nije_dostupno_iz_izvora,ispitivanje,P_Neutral,nije_dostupno_iz_izvora,nije_dostupno_iz_izvora,Neutral,jedan_uvjezbani_koder
test-0136,"Jučer smo raspravljali ovdje oko zahtjeva da se dijelovi dvije općine dakle, iz grada Poreča i Vodica dakle da se formiraju općine Tarvabriga i Tribunj.",HR,test_file,136,11032,136,nije_dostupno_iz_izvora,ispitivanje,P_Neutral,nije_dostupno_iz_izvora,nije_dostupno_iz_izvora,Neutral,jedan_uvjezbani_koder
test-0141,Zakon dakle još ću kratko ponoviti samo reducira broj paralelnih udžbenika ali potiče konkurenciju i utječe zapravo na to da se ide ka kvalitetnijim udžbenicima.,HR,test_file,141,60259,141,nije_dostupno_iz_izvora,ispitivanje,Positive,nije_dostupno_iz_izvora,nije_dostupno_iz_izvora,Positive,jedan_uvjezbani_koder
test-0142,"I sad dolazimo do glave 8., prava i obveze u porezu na dužničkom odnosu.",HR,test_file,142,81741,142,nije_dostupno_iz_izvora,ispitivanje,P_Neutral,nije_dostupno_iz_izvora,nije_dostupno_iz_izvora,Neutral,jedan_uvjezbani_koder
test-0143,"Među ostalim, upravo na dan pada Vukovara '91. godine on je rekao kada je pala Vukovarska bolnica, pao je i posljednji ustaški bastion u Vukovaru.",HR,test_file,143,139074,143,nije_dostupno_iz_izvora,ispitivanje,Negative,nije_dostupno_iz_izvora,nije_dostupno_iz_izvora,Negative,jedan_uvjezbani_koder
test-0146,"Te noći kod granatiranja ""Borovo commerc"" se zapalio, dim je ušao u prostore, morali smo iznositi ranjene, djecu.",HR,test_file,146,48518,146,nije_dostupno_iz_izvora,ispitivanje,Negative,nije_dostupno_iz_izvora,nije_dostupno_iz_izvora,Negative,jedan_uvjezbani_koder
test-0147,Jedna deklaracija može potaknuti Vladu jedne zemlje na pozitivno djelovanje.,HR,test_file,147,33077,147,nije_dostupno_iz_izvora,ispitivanje,P_Neutral,nije_dostupno_iz_izvora,nije_dostupno_iz_izvora,Neutral,jedan_uvjezbani_koder
test-0148,"Na ovaj predloženi način što bi se, dakle napravilo.",HR,test_file,148,21624,148,nije_dostupno_iz_izvora,ispitivanje,P_Neutral,nije_dostupno_iz_izvora,nije_dostupno_iz_izvora,Neutral,jedan_uvjezbani_koder
test-0149,"Prelazimo na Konačni prijedlog zakona o izmjenama i dopunama Zakona o pravu na pristup informacijama, bio je hitni postupak, P.Z.E. broj 799.",HR,test_file,149,73873,149,nije_dostupno_iz_izvora,ispitivanje,P_Neutral,nije_dostupno_iz_izvora,nije_dostupno_iz_izvora,Neutral,jedan_uvjezbani_koder
test-0151,Ovim prijedlogom zakona mi ne predlažemo nikakve promjene u visinama naknada.,HR,test_file,151,28960,151,nije_dostupno_iz_izvora,ispitivanje,P_Neutral,nije_dostupno_iz_izvora,nije_dostupno_iz_izvora,Neutral,jedan_uvjezbani_koder
test-0153,"Još brže će se smanjivati omjeri mirovina naspram plaća unatoč ovoj, za pozdraviti je ovaj omjer i kolega Šuker je upozorio, nitko .../",HR,test_file,153,109619,153,nije_dostupno_iz_izvora,ispitivanje,P_Neutral,nije_dostupno_iz_izvora,nije_dostupno_iz_izvora,Neutral,jedan_uvjezbani_koder
test-0155,"No, nema potrebe jer je to onda nelojalna konkurencija.",HR,test_file,155,91308,155,nije_dostupno_iz_izvora,ispitivanje,M_Negative,nije_dostupno_iz_izvora,nije_dostupno_iz_izvora,Negative,jedan_uvjezbani_koder
test-0156,Vi njega odbijate s argumentaciju da bi …/Govornik se ne razumije./…,HR,test_file,156,25884,156,nije_dostupno_iz_izvora,ispitivanje,N_Neutral,nije_dostupno_iz_izvora,nije_dostupno_iz_izvora,Neutral,jedan_uvjezbani_koder
test-0157,Ja vas molim da nam odgovorite na ovo što sam vas sada pitao.,HR,test_file,157,10894,157,nije_dostupno_iz_izvora,ispitivanje,P_Neutral,nije_dostupno_iz_izvora,nije_dostupno_iz_izvora,Neutral,jedan_uvjezbani_koder
test-0158,Ne možete reći da izmjena ovog zakona neće imati implikacije na državni proračun.,HR,test_file,158,69513,158,nije_dostupno_iz_izvora,ispitivanje,M_Negative,nije_dostupno_iz_izvora,nije_dostupno_iz_izvora,Negative,jedan_uvjezbani_koder
test-0159,Pa su tako određena i HANFA i HNB kao upravo ta nadležna tijela.,HR,test_file,159,49440,159,nije_dostupno_iz_izvora,ispitivanje,P_Neutral,nije_dostupno_iz_izvora,nije_dostupno_iz_izvora,Neutral,jedan_uvjezbani_koder
test-0162,"Hrvatski branitelji ne, oni su nezaposleni, oni se polijevaju benzinom kad žive od 400 kuna socijalne pomoći.",HR,test_file,162,36155,162,nije_dostupno_iz_izvora,ispitivanje,Negative,nije_dostupno_iz_izvora,nije_dostupno_iz_izvora,Negative,jedan_uvjezbani_koder
test-0163,Također smatramo važnim sankcioniranje što se uvodi u članku 76. nepravilnog poslovanja što do sada nije bilo u praksi a ni u zakonu.,HR,test_file,163,22076,163,nije_dostupno_iz_izvora,ispitivanje,M_Negative,nije_dostupno_iz_izvora,nije_dostupno_iz_izvora,Negative,jedan_uvjezbani_koder
test-0164,"Ja sam jučer trebao govoriti u ime kluba, imao sam spremnu raspravu, ali sam odustao od govora u 15 do 6 i nakon toga su bili prozvani pojedinačni zastupnici.",HR,test_file,164,73586,164,nije_dostupno_iz_izvora,ispitivanje,N_Neutral,nije_dostupno_iz_izvora,nije_dostupno_iz_izvora,Neutral,jedan_uvjezbani_koder
test-0165,Hoće li glasovati po vlastitoj savjesti ili će izvršiti nalog Vladimira Šeksa i Andreja Plenkovića.,HR,test_file,165,87863,165,nije_dostupno_iz_izvora,ispitivanje,M_Negative,nije_dostupno_iz_izvora,nije_dostupno_iz_izvora,Negative,jedan_uvjezbani_koder
test-0169,"Jer prijavili se nisu u porezni sustav, rokovi su prošli, mi na terenu imamo sve više problema.",HR,test_file,169,47237,169,nije_dostupno_iz_izvora,ispitivanje,Negative,nije_dostupno_iz_izvora,nije_dostupno_iz_izvora,Negative,jedan_uvjezbani_koder
test-0170,"Umjesto kvalificirane većine"" ali vidimo da to sada i sam ministar ili ministrica predlaže ""u prijedlogu zakona predlaže se izbor običnom većinom u Parlamentu"".",HR,test_file,170,9827,170,nije_dostupno_iz_izvora,ispitivanje,P_Neutral,nije_dostupno_iz_izvora,nije_dostupno_iz_izvora,Neutral,jedan_uvjezbani_koder
test-0177,"Ove točke ćemo raspraviti sukladno članku 44. stavak 6. Poslovnika Hrvatskoga sabora kako je to predložio Odbor za rad, mirovinski sustav i socijalno partnerstvo.",HR,test_file,177,86903,177,nije_dostupno_iz_izvora,ispitivanje,P_Neutral,nije_dostupno_iz_izvora,nije_dostupno_iz_izvora,Neutral,jedan_uvjezbani_koder
test-0178,"Drago mi je da je naš prijedlog vezan uz umirovljenike koji imaju mirovine manje od 5 tisuća 200 kuna, prihvaćen.",HR,test_file,178,24401,178,nije_dostupno_iz_izvora,ispitivanje,Positive,nije_dostupno_iz_izvora,nije_dostupno_iz_izvora,Positive,jedan_uvjezbani_koder
test-0181,Jer ako je Policija ona koja se brine o poštivanju reda i kontrolira građane onda moramo biti kao građani uvjereni da postoji netko tko će kontrolirati i nadzirati rad Policije.,HR,test_file,181,8663,181,nije_dostupno_iz_izvora,ispitivanje,P_Neutral,nije_dostupno_iz_izvora,nije_dostupno_iz_izvora,Neutral,jedan_uvjezbani_koder
test-0183,Zapravo jedan od najvećih strukturnih problema Hrvatske i jeste premali broj zaposlenih.,HR,test_file,183,114582,183,nije_dostupno_iz_izvora,ispitivanje,Negative,nije_dostupno_iz_izvora,nije_dostupno_iz_izvora,Negative,jedan_uvjezbani_koder
test-0184,"Vidjet ćemo što će se pokazati izvješće za 2005. godinu u kojoj smo svjedočili o osnivanju ""one stop shopa"".",HR,test_file,184,47711,184,nije_dostupno_iz_izvora,ispitivanje,P_Neutral,nije_dostupno_iz_izvora,nije_dostupno_iz_izvora,Neutral,jedan_uvjezbani_koder
test-0185,Povjerenstvo za fiskalnu politiku zaključilo je da fiskalno pravilo za 2013. godinu nije ispunjeno.,HR,test_file,185,82065,185,nije_dostupno_iz_izvora,ispitivanje,Negative,nije_dostupno_iz_izvora,nije_dostupno_iz_izvora,Negative,jedan_uvjezbani_koder
test-0186,"Navikli smo u ovom Domu da svaki naš prijedlog, ali svaki naš prijedlog pogotovo u domeni proračunske politike se okarakterizira kao nepismen, nestručan, glup, primitivan.",HR,test_file,186,69548,186,nije_dostupno_iz_izvora,ispitivanje,Negative,nije_dostupno_iz_izvora,nije_dostupno_iz_izvora,Negative,jedan_uvjezbani_koder
test-0187,Pojam odlaganja se zamjenjuje u nekim pojmom odbacivanja ili u 2. članku pojmom zbrinjavanja što isto tako određenije označava o kakvom se postupku radi.,HR,test_file,187,72413,187,nije_dostupno_iz_izvora,ispitivanje,P_Neutral,nije_dostupno_iz_izvora,nije_dostupno_iz_izvora,Neutral,jedan_uvjezbani_koder
test-0189,Jer škola nije bilo kakva ustanova i nije za bilo koga.,HR,test_file,189,5356,189,nije_dostupno_iz_izvora,ispitivanje,N_Neutral,nije_dostupno_iz_izvora,nije_dostupno_iz_izvora,Neutral,jedan_uvjezbani_koder
test-0192,"Uvaženi zastupnik Mile Horvat u ime kluba SDSS-a i Reformista, izvolite.",HR,test_file,192,9917,192,nije_dostupno_iz_izvora,ispitivanje,P_Neutral,nije_dostupno_iz_izvora,nije_dostupno_iz_izvora,Neutral,jedan_uvjezbani_koder
test-0195,"Prema tome, da li se može voditi nova parnica obzirom da se već radi o pravomoćnoj odluci.",HR,test_file,195,114963,195,nije_dostupno_iz_izvora,ispitivanje,N_Neutral,nije_dostupno_iz_izvora,nije_dostupno_iz_izvora,Neutral,jedan_uvjezbani_koder
test-0197,"Ovaj zakon njima dopušta da proizvedu za svoje potrebe i maloprije državni tajnik kaže, ako više proizvedu, pa budu u mreži onda će ih destimulirati praktični.",HR,test_file,197,119974,197,nije_dostupno_iz_izvora,ispitivanje,P_Neutral,nije_dostupno_iz_izvora,nije_dostupno_iz_izvora,Neutral,jedan_uvjezbani_koder
test-0201,To je ono što se maksimalno kod sadašnji plinski sustav RH može propustiti.,HR,test_file,201,83937,201,nije_dostupno_iz_izvora,ispitivanje,N_Neutral,nije_dostupno_iz_izvora,nije_dostupno_iz_izvora,Neutral,jedan_uvjezbani_koder
test-0204,"To je pitanje stabilnosti i sigurnosti vlastite države, dobrobiti vlastitih građana.",HR,test_file,204,118268,204,nije_dostupno_iz_izvora,ispitivanje,P_Neutral,nije_dostupno_iz_izvora,nije_dostupno_iz_izvora,Neutral,jedan_uvjezbani_koder
test-0206,I također kad smo kod ovoga djela nikako da reguliramo onu situaciju vezano za obilježavanje područja koje je pod minama.,HR,test_file,206,88456,206,nije_dostupno_iz_izvora,ispitivanje,Negative,nije_dostupno_iz_izvora,nije_dostupno_iz_izvora,Negative,jedan_uvjezbani_koder
test-0209,"Milanka Opačić je zbog prijetnji smrću koliko je ono hodala, skoro dvije godine okružena sa policijom.",HR,test_file,209,30788,209,nije_dostupno_iz_izvora,ispitivanje,Negative,nije_dostupno_iz_izvora,nije_dostupno_iz_izvora,Negative,jedan_uvjezbani_koder
test-0210,"Kreće se u način naplate potraživanja i državnih, i to kroz reprograme i kroz predstečaj.",HR,test_file,210,82530,210,nije_dostupno_iz_izvora,ispitivanje,P_Neutral,nije_dostupno_iz_izvora,nije_dostupno_iz_izvora,Neutral,jedan_uvjezbani_koder
test-0211,Što bi njih ministar zvao u ministarstvo ako je sve plaćeno?,HR,test_file,211,45503,211,nije_dostupno_iz_izvora,ispitivanje,Negative,nije_dostupno_iz_izvora,nije_dostupno_iz_izvora,Negative,jedan_uvjezbani_koder
test-0213,"I to je samo još jedan dokaz ne vrijeđajući nikoga i nemam namjeru to, jer to nikada nisam radio jedne nezakonitosti i nepoznavanja funkcioniranja javnih financija.",HR,test_file,213,37796,213,nije_dostupno_iz_izvora,ispitivanje,Negative,nije_dostupno_iz_izvora,nije_dostupno_iz_izvora,Negative,jedan_uvjezbani_koder
test-0214,Također je pri donošenju tih izmjena značajne novele 2003. godine od strane istog autora bio ismijan institut uopće i prebacivanje na javne bilježnike.,HR,test_file,214,40009,214,nije_dostupno_iz_izvora,ispitivanje,Negative,nije_dostupno_iz_izvora,nije_dostupno_iz_izvora,Negative,jedan_uvjezbani_koder
test-0215,Oni koji kažu da je ovaj Zakon nejasan ja bih im kazao da onima koji razumiju o čemu se radi je itekako jasan.,HR,test_file,215,86068,215,nije_dostupno_iz_izvora,ispitivanje,M_Positive,nije_dostupno_iz_izvora,nije_dostupno_iz_izvora,Positive,jedan_uvjezbani_koder
test-0216,Postoje svi drugi vidovi liječenja koja su im dostupna u …,HR,test_file,216,58668,216,nije_dostupno_iz_izvora,ispitivanje,P_Neutral,nije_dostupno_iz_izvora,nije_dostupno_iz_izvora,Neutral,jedan_uvjezbani_koder
test-0217,A pročitat ću vam što kaže uvaženi profesor … /Govornik se ne razumije./ … koji je bio predstojnik klinike kada se uvodila medicinska oplodnja u Hrvatsku kaže.,HR,test_file,217,36132,217,nije_dostupno_iz_izvora,ispitivanje,P_Neutral,nije_dostupno_iz_izvora,nije_dostupno_iz_izvora,Neutral,jedan_uvjezbani_koder
test-0218,"Međutim, jadransko-jonska inicijativa i druge inicijative u regiji pomažu u tom dijalogu i imamo i tu jedan odgovor.",HR,test_file,218,88614,218,nije_dostupno_iz_izvora,ispitivanje,Positive,nije_dostupno_iz_izvora,nije_dostupno_iz_izvora,Positive,jedan_uvjezbani_koder
test-0219,Od te je bolesti u posljednjih 15 godina u Hrvatskoj oboljelo više od 400 ljudi.,HR,test_file,219,63587,219,nije_dostupno_iz_izvora,ispitivanje,Negative,nije_dostupno_iz_izvora,nije_dostupno_iz_izvora,Negative,jedan_uvjezbani_koder
test-0221,"Prvi je kriterij složenost rada, koliko je rad složen.",HR,test_file,221,80115,221,nije_dostupno_iz_izvora,ispitivanje,P_Neutral,nije_dostupno_iz_izvora,nije_dostupno_iz_izvora,Neutral,jedan_uvjezbani_koder
test-0224,"Pa onda budimo barem i toliko solidarni pa dajmo tu mogućnost da ljudi si sami biraju, a jasno da će to biti i dio većih sredstva u proračunu.",HR,test_file,224,62760,224,nije_dostupno_iz_izvora,ispitivanje,M_Positive,nije_dostupno_iz_izvora,nije_dostupno_iz_izvora,Positive,jedan_uvjezbani_koder
test-0229,"Prije svega ponavljamo, naša prošlogodišnja zapažanja, da prvostupanjska tijela ureda državne uprave u pravilu jasno i savjesno i stručno, a u realno mogućim vremenskim granicama donose prvostupanjska rješenja u postupku denacionalizacije.",HR,test_file,229,38062,229,nije_dostupno_iz_izvora,ispitivanje,Positive,nije_dostupno_iz_izvora,nije_dostupno_iz_izvora,Positive,jedan_uvjezbani_koder
test-0230,"No, ja ću se ovdje, prije svega, usredotočiti na zdravstveni aspekt.",HR,test_file,230,124722,230,nije_dostupno_iz_izvora,ispitivanje,P_Neutral,nije_dostupno_iz_izvora,nije_dostupno_iz_izvora,Neutral,jedan_uvjezbani_koder
test-0231,"Znači, otpisati, nema plaćanja poreza, doprinosa za vrijeme krize.",HR,test_file,231,195271,231,nije_dostupno_iz_izvora,ispitivanje,M_Negative,nije_dostupno_iz_izvora,nije_dostupno_iz_izvora,Negative,jedan_uvjezbani_koder
test-0232,"Ali im izgleda logično, međutim mi smo vidjeli da to nigdje se nije ostvarilo.",HR,test_file,232,11609,232,nije_dostupno_iz_izvora,ispitivanje,Negative,nije_dostupno_iz_izvora,nije_dostupno_iz_izvora,Negative,jedan_uvjezbani_koder
test-0235,"Dakle, sve priče o novcu ne mogu zamijeniti važnost za zdravlje naroda i nacije, dakle svih građana Republike Hrvatske.",HR,test_file,235,62554,235,nije_dostupno_iz_izvora,ispitivanje,P_Neutral,nije_dostupno_iz_izvora,nije_dostupno_iz_izvora,Neutral,jedan_uvjezbani_koder
test-0236,"Porez na dobit je projiciran u iznosu od 7,2 milijarde kuna, također u skladu s projekcijama gospodarskog kretanja 2016. godine i implementacijom porezne reforme imamo pad od 0,8 posto.",HR,test_file,236,22441,236,nije_dostupno_iz_izvora,ispitivanje,N_Neutral,nije_dostupno_iz_izvora,nije_dostupno_iz_izvora,Neutral,jedan_uvjezbani_koder
test-0237,"Evo, ovih dana je ministar Marić uzviknuo imamo hrane i za više mjeseci.",HR,test_file,237,192113,237,nije_dostupno_iz_izvora,ispitivanje,M_Negative,nije_dostupno_iz_izvora,nije_dostupno_iz_izvora,Negative,jedan_uvjezbani_koder
test-0239,Kako će ona pomoći ako nema sredstava u državnom proračunu?,HR,test_file,239,189704,239,nije_dostupno_iz_izvora,ispitivanje,Negative,nije_dostupno_iz_izvora,nije_dostupno_iz_izvora,Negative,jedan_uvjezbani_koder
test-0240,"Zahvaljujem gospodine potpredsjedniče, gospodine državni tajniče, kolegice i kolege zastupnici.",HR,test_file,240,33047,240,nije_dostupno_iz_izvora,ispitivanje,Positive,nije_dostupno_iz_izvora,nije_dostupno_iz_izvora,Positive,jedan_uvjezbani_koder
test-0242,"Nastavljamo sa: - Konačni prijedlog Zakona o obrtu, drugo čitanje, P.Z. br. 370 Predlagatelj zakona je Vlada RH.",HR,test_file,242,57967,242,nije_dostupno_iz_izvora,ispitivanje,P_Neutral,nije_dostupno_iz_izvora,nije_dostupno_iz_izvora,Neutral,jedan_uvjezbani_koder
test-0243,"Razloga za navedeno je niz, a jedan od tih je nedvojbeno i zaslugom vašeg Ministarstva i Vlade.",HR,test_file,243,36922,243,nije_dostupno_iz_izvora,ispitivanje,M_Positive,nije_dostupno_iz_izvora,nije_dostupno_iz_izvora,Positive,jedan_uvjezbani_koder
test-0244,Tim ljudima nitko ništa ne bi oprostio nego bi se odgodilo jel nisu oni krivi za ovu krizu.,HR,test_file,244,198689,244,nije_dostupno_iz_izvora,ispitivanje,M_Negative,nije_dostupno_iz_izvora,nije_dostupno_iz_izvora,Negative,jedan_uvjezbani_koder
test-0246,Nažalost nismo dobili s ovim niti rješenja za one koji su uzurpirali zemlju. kako njih maknuti?,HR,test_file,246,68632,246,nije_dostupno_iz_izvora,ispitivanje,Negative,nije_dostupno_iz_izvora,nije_dostupno_iz_izvora,Negative,jedan_uvjezbani_koder
test-0247,"To su činjenice, samo vi to ne priznate nego vi slušate druge rasprave i onda govorite i okrećete onako kako vama odgovara.",HR,test_file,247,58449,247,nije_dostupno_iz_izvora,ispitivanje,Negative,nije_dostupno_iz_izvora,nije_dostupno_iz_izvora,Negative,jedan_uvjezbani_koder
test-0250,"I reći ću da ovaj zakon treba podržati, možda ga i minimalno korigirati ali svakako ovo sa Zakonom o golfu, sa korupcijom nema nikakve veze.",HR,test_file,250,74592,250,nije_dostupno_iz_izvora,ispitivanje,M_Positive,nije_dostupno_iz_izvora,nije_dostupno_iz_izvora,Positive,jedan_uvjezbani_koder
test-0256,"Pa sam spomenuo recimo, zbrinjavanje otpada, vodoopskrba, odvodnja, deratizacija, pa ne znam, šta još, što je u našoj nadležnosti, ali ne temeljem ovoga zakona.",HR,test_file,256,70216,256,nije_dostupno_iz_izvora,ispitivanje,P_Neutral,nije_dostupno_iz_izvora,nije_dostupno_iz_izvora,Neutral,jedan_uvjezbani_koder
test-0257,"Eksploatacijsko polje ne koncesija, ali za to trebate imati određeni kvantum znanja, malo proučiti legislativu i vidjet što je koji pojam u pojedinoj legislativi.",HR,test_file,257,49069,257,nije_dostupno_iz_izvora,ispitivanje,Negative,nije_dostupno_iz_izvora,nije_dostupno_iz_izvora,Negative,jedan_uvjezbani_koder
test-0259,"Kada bismo to radili, bojim se da bi puno stvari drugačije izgledalo.",HR,test_file,259,162919,259,nije_dostupno_iz_izvora,ispitivanje,M_Negative,nije_dostupno_iz_izvora,nije_dostupno_iz_izvora,Negative,jedan_uvjezbani_koder
test-0260,Sve ovo što se do sada radilo može se podvesti pod sve ove poslove koje ste vi naveli.,HR,test_file,260,84620,260,nije_dostupno_iz_izvora,ispitivanje,P_Neutral,nije_dostupno_iz_izvora,nije_dostupno_iz_izvora,Neutral,jedan_uvjezbani_koder
test-0261,"Dakle, dogovorite se jeste u vlasti, jeste li u oporbi.",HR,test_file,261,194369,261,nije_dostupno_iz_izvora,ispitivanje,M_Negative,nije_dostupno_iz_izvora,nije_dostupno_iz_izvora,Negative,jedan_uvjezbani_koder
test-0262,"Sljedeći članak, stavak 3. kaže: ""S ciljem racionalizacije prijevoza učenika škola može imati vlastito vozilo za prijevoz učenika."".",HR,test_file,262,7762,262,nije_dostupno_iz_izvora,ispitivanje,P_Neutral,nije_dostupno_iz_izvora,nije_dostupno_iz_izvora,Neutral,jedan_uvjezbani_koder
test-0265,"I sada se daje mogućnost da se ostvari funkcija zaklade da se neke donatorske konferencije osnivaju, da se drugi prihodi.",HR,test_file,265,31948,265,nije_dostupno_iz_izvora,ispitivanje,Positive,nije_dostupno_iz_izvora,nije_dostupno_iz_izvora,Positive,jedan_uvjezbani_koder
test-0267,"Upravno vijeće, možemo dalje, će biti praktično izvršno tijelo skupštine.",HR,test_file,267,61415,267,nije_dostupno_iz_izvora,ispitivanje,P_Neutral,nije_dostupno_iz_izvora,nije_dostupno_iz_izvora,Neutral,jedan_uvjezbani_koder
test-0269,"Dakle, da donose odluke i ako su njihove odluke zakonite onda će to u konačnici konstatirati i komisija i neće srušiti primjerice neki važan natječaj.",HR,test_file,269,55018,269,nije_dostupno_iz_izvora,ispitivanje,P_Neutral,nije_dostupno_iz_izvora,nije_dostupno_iz_izvora,Neutral,jedan_uvjezbani_koder
test-0270,"Dinamika toga naravno da neće ovisiti samo o predsjednicima naših odbora jer oni mogu i sazvati, ali ako nitko ne dođe izvan odbora, to neće imati puno smisla.",HR,test_file,270,182379,270,nije_dostupno_iz_izvora,ispitivanje,M_Negative,nije_dostupno_iz_izvora,nije_dostupno_iz_izvora,Negative,jedan_uvjezbani_koder
test-0271,"Još jedanput želim ponoviti da od resornog ministarstva i Vlade Republike Hrvatske očekujemo poštivanje i Ustava i zakona ma kako to teško padalo, ma kako to kompliciralo posao.",HR,test_file,271,38617,271,nije_dostupno_iz_izvora,ispitivanje,Negative,nije_dostupno_iz_izvora,nije_dostupno_iz_izvora,Negative,jedan_uvjezbani_koder
test-0272,Kad već postoji mogućnost da se granica utvrđuje tamo gdje postoji interes i javna potreba za time.,HR,test_file,272,86234,272,nije_dostupno_iz_izvora,ispitivanje,P_Neutral,nije_dostupno_iz_izvora,nije_dostupno_iz_izvora,Neutral,jedan_uvjezbani_koder
test-0274,"On je i dalje prisutan, on je jedna sasvim druga kategorija, itekako poželjna kategorija, ali nažalost zbog različitih objektivnih okolnosti jednostavno sva djeca ne mogu uživati u blagodatima iste.",HR,test_file,274,27568,274,nije_dostupno_iz_izvora,ispitivanje,M_Negative,nije_dostupno_iz_izvora,nije_dostupno_iz_izvora,Negative,jedan_uvjezbani_koder
test-0275,"Razrješuje se član Odbora za pravosuđe Hrvatskog sabora Ivan Šipić, a za članove Odbora za pravosuđe Hrvatskog sabora predlažu se Davor Miličević i Igor Dragovan.",HR,test_file,275,778,275,nije_dostupno_iz_izvora,ispitivanje,P_Neutral,nije_dostupno_iz_izvora,nije_dostupno_iz_izvora,Neutral,jedan_uvjezbani_koder
test-0276,"U korist jednog igranja države, a ne stvarne države.",HR,test_file,276,157491,276,nije_dostupno_iz_izvora,ispitivanje,Negative,nije_dostupno_iz_izvora,nije_dostupno_iz_izvora,Negative,jedan_uvjezbani_koder
test-0277,"Mnoge članice, bilo izrijekom, bilo manje izrijekom, iskazuju tu vrstu zabrinutosti i tu vrstu ozbiljne brige, a nerijetko i nezadovoljstva.",HR,test_file,277,100470,277,nije_dostupno_iz_izvora,ispitivanje,Negative,nije_dostupno_iz_izvora,nije_dostupno_iz_izvora,Negative,jedan_uvjezbani_koder
test-0281,Ako ste bolji od nekog drugog svejedno će se upisati da li ste pripadnik nacionalne manjine ili ne.,HR,test_file,281,115319,281,nije_dostupno_iz_izvora,ispitivanje,N_Neutral,nije_dostupno_iz_izvora,nije_dostupno_iz_izvora,Neutral,jedan_uvjezbani_koder
test-0282,Stoga ne vidimo prepreke ako su ispunjeni svi uvjeti da se i ovaj prijedlog kao takav prihvati.,HR,test_file,282,33779,282,nije_dostupno_iz_izvora,ispitivanje,P_Neutral,nije_dostupno_iz_izvora,nije_dostupno_iz_izvora,Neutral,jedan_uvjezbani_koder
test-0283,Dakle svašta se može napraviti u ime tobožnjih interesa države.,HR,test_file,283,21261,283,nije_dostupno_iz_izvora,ispitivanje,Negative,nije_dostupno_iz_izvora,nije_dostupno_iz_izvora,Negative,jedan_uvjezbani_koder
test-0284,"Naime, jasno je da je najveći dio ovih stranaca koji su tražili azil u Hrvatskoj bilo motivirano prije svega ekonomskim razlozima.",HR,test_file,284,78592,284,nije_dostupno_iz_izvora,ispitivanje,Negative,nije_dostupno_iz_izvora,nije_dostupno_iz_izvora,Negative,jedan_uvjezbani_koder
test-0285,"Kada negdje građani žele drukčiji ustroj, žele biti u sastavu druge jedinice lokalne samouprave s kojom ih vežu neki konkretni interesi koje će po njihovom mišljenju ta druga jedinica lokalne samouprave bolje zadovoljavati.",HR,test_file,285,19645,285,nije_dostupno_iz_izvora,ispitivanje,P_Neutral,nije_dostupno_iz_izvora,nije_dostupno_iz_izvora,Neutral,jedan_uvjezbani_koder
test-0286,Propisali smo naravno i uvjete i to da dadilje mogu imati šestero odnosno maksimalno dvanaestero djece na brizi.,HR,test_file,286,36913,286,nije_dostupno_iz_izvora,ispitivanje,P_Neutral,nije_dostupno_iz_izvora,nije_dostupno_iz_izvora,Neutral,jedan_uvjezbani_koder
test-0294,Sukladno stupnju pripremljenosti prostorne i projektno-tehničke dokumentacije i potrebnih ishodovanih akata u pravu građenja predložena sredstva u proračunu bit će potpuno dostatna za provedbu aktivnosti.,HR,test_file,294,3980,294,nije_dostupno_iz_izvora,ispitivanje,P_Neutral,nije_dostupno_iz_izvora,nije_dostupno_iz_izvora,Neutral,jedan_uvjezbani_koder
test-0296,"Prava neka u Hrvatskoj imali su samo hrvatski ratni vojni invalidi, to su mirovine, invalidnine, stambeno zbrinjavanje.",HR,test_file,296,24014,296,nije_dostupno_iz_izvora,ispitivanje,N_Neutral,nije_dostupno_iz_izvora,nije_dostupno_iz_izvora,Neutral,jedan_uvjezbani_koder
test-0298,"Naime, svaka banka odlučuje o tome da li će financirati projekat ili ne.",HR,test_file,298,77125,298,nije_dostupno_iz_izvora,ispitivanje,P_Neutral,nije_dostupno_iz_izvora,nije_dostupno_iz_izvora,Neutral,jedan_uvjezbani_koder
test-0300,"Apsolutno mislim da ova Vlada, ovo ministarstvo je u pravu da te kategorije posebno zaštiti, da im omogući sa ovim povećanjem jednu pristojniju životnu situaciju s tim da ću reći sljedeće.",HR,test_file,300,117679,300,nije_dostupno_iz_izvora,ispitivanje,Positive,nije_dostupno_iz_izvora,nije_dostupno_iz_izvora,Positive,jedan_uvjezbani_koder
test-0304,"Prva tema koju su svi govorili ovdje, a to je tema prostorno-planske dokumentacije.",HR,test_file,304,93594,304,nije_dostupno_iz_izvora,ispitivanje,P_Neutral,nije_dostupno_iz_izvora,nije_dostupno_iz_izvora,Neutral,jedan_uvjezbani_koder
test-0308,U današnje doba digitalizacije i današnje vrijeme sve je dostupno.,HR,test_file,308,89430,308,nije_dostupno_iz_izvora,ispitivanje,Positive,nije_dostupno_iz_izvora,nije_dostupno_iz_izvora,Positive,jedan_uvjezbani_koder
test-0309,"A ono zbog čega bi se morao stidjeti ne preda mnom, ne pred SDP-om, pred tih 173 para.",HR,test_file,309,53721,309,nije_dostupno_iz_izvora,ispitivanje,Negative,nije_dostupno_iz_izvora,nije_dostupno_iz_izvora,Negative,jedan_uvjezbani_koder
test-0312,"Zbog toga, a rekao sam da ću govoriti svoje poglede na domete ovih zakona, moram ponoviti.",HR,test_file,312,1723,312,nije_dostupno_iz_izvora,ispitivanje,P_Neutral,nije_dostupno_iz_izvora,nije_dostupno_iz_izvora,Neutral,jedan_uvjezbani_koder
test-0313,"Poštovana kolegice Glasovac, kazali ste u svom izlaganju da je hrvatska Vlada, odnosno HDZ kupio glas generala.",HR,test_file,313,38407,313,nije_dostupno_iz_izvora,ispitivanje,Negative,nije_dostupno_iz_izvora,nije_dostupno_iz_izvora,Negative,jedan_uvjezbani_koder
test-0314,"Ja vas molim da maksimalno ozbiljnost, nitko neće niti će se protiviti bilo kakvim kritikama, kvalifikacijama itd.",HR,test_file,314,36692,314,nije_dostupno_iz_izvora,ispitivanje,M_Positive,nije_dostupno_iz_izvora,nije_dostupno_iz_izvora,Positive,jedan_uvjezbani_koder
test-0316,"I moje pitanje sad glasi kako komentirate što će se dogoditi zapravo za 2 godine, imamo još dvije zime kako će ljudi preživjeti tu treću zimu?",HR,test_file,316,165094,316,nije_dostupno_iz_izvora,ispitivanje,Negative,nije_dostupno_iz_izvora,nije_dostupno_iz_izvora,Negative,jedan_uvjezbani_koder
test-0317,"A šta Rusi kažu, Rusi kažu samo odite, odite, evo da pitate još hoćete 50 godina pa Rusi bi vam rekli idite.",HR,test_file,317,61969,317,nije_dostupno_iz_izvora,ispitivanje,M_Negative,nije_dostupno_iz_izvora,nije_dostupno_iz_izvora,Negative,jedan_uvjezbani_koder
test-0318,"Hvala lijepa gospodine potpredsjedniče, pa evo ja ću vam ilustrirati na primjeru jednog našeg velikog rada zašto je rečeno suglasnost.",HR,test_file,318,13243,318,nije_dostupno_iz_izvora,ispitivanje,P_Neutral,nije_dostupno_iz_izvora,nije_dostupno_iz_izvora,Neutral,jedan_uvjezbani_koder
test-0321,"Govorimo o ljudima koji su u sustavu, koji su radili ali koji su bili multiprakti koji su radili u pravilu vrlo veliki spektar kontrola koji su radili državnom inspektoratu.",HR,test_file,321,64932,321,nije_dostupno_iz_izvora,ispitivanje,P_Neutral,nije_dostupno_iz_izvora,nije_dostupno_iz_izvora,Neutral,jedan_uvjezbani_koder
test-0326,Pa zato što ona de facto nije koštala onoga tko ju je tad napravio nije koštala ništa.,HR,test_file,326,76005,326,nije_dostupno_iz_izvora,ispitivanje,N_Neutral,nije_dostupno_iz_izvora,nije_dostupno_iz_izvora,Neutral,jedan_uvjezbani_koder
test-0329,"Kolega Bulj govorili ste o javnom prijevozu o demografski opustošenim područjima, dakle javni prijevoz je javna usluga i kao takav u mnogome u bitnome označuje razinu kvalitete života u određenom lokalnom prostoru.",HR,test_file,329,80614,329,nije_dostupno_iz_izvora,ispitivanje,N_Neutral,nije_dostupno_iz_izvora,nije_dostupno_iz_izvora,Neutral,jedan_uvjezbani_koder
test-0330,Ukoliko bi to bilo protuzakonito uvijek imamo mogućnosti da to razriješimo.,HR,test_file,330,4580,330,nije_dostupno_iz_izvora,ispitivanje,M_Positive,nije_dostupno_iz_izvora,nije_dostupno_iz_izvora,Positive,jedan_uvjezbani_koder
test-0334,"Točan broj je 58 tisuća 485 komada, a ne 20 tisuća i nešto, koliko ste vi rekli i netočan je podatak da će za povišenje trošarina prosječan građanin izdvojiti nekoliko plaća.",HR,test_file,334,16188,334,nije_dostupno_iz_izvora,ispitivanje,Negative,nije_dostupno_iz_izvora,nije_dostupno_iz_izvora,Negative,jedan_uvjezbani_koder
test-0337,"Participacija troškova da, ali u srazmjeru sa socijalnim statusom osiguranika.",HR,test_file,337,70867,337,nije_dostupno_iz_izvora,ispitivanje,P_Neutral,nije_dostupno_iz_izvora,nije_dostupno_iz_izvora,Neutral,jedan_uvjezbani_koder
test-0338,"Dakle, Zakonom o reguliranim profesijama i priznavanju inozemnih stručnih kvalifikacija poznaje nadležno tijelo kao rješavatelja u svim člancima kojima se uređuje predmetna tematika.",HR,test_file,338,91310,338,nije_dostupno_iz_izvora,ispitivanje,P_Neutral,nije_dostupno_iz_izvora,nije_dostupno_iz_izvora,Neutral,jedan_uvjezbani_koder
test-0339,"Raspravu su proveli Odbor za zakonodavstvo, Odbor za financije i državni proračun i Odbor za gospodarstvo, razvoj i obnovu.",HR,test_file,339,10013,339,nije_dostupno_iz_izvora,ispitivanje,P_Neutral,nije_dostupno_iz_izvora,nije_dostupno_iz_izvora,Neutral,jedan_uvjezbani_koder
test-0341,Tako da mislim da je produženje ovog time outa poželjno rješenje s tim da velim i ovrhovoditelji bi se zaštitilo na način da se ipak osigura naplata u više mjeseci najamnine za tu nekretninu.,HR,test_file,341,67681,341,nije_dostupno_iz_izvora,ispitivanje,Positive,nije_dostupno_iz_izvora,nije_dostupno_iz_izvora,Positive,jedan_uvjezbani_koder
test-0342,"Mislim to su, pazite čak i ne kaže zakon mora imati zaključana vrata kada dođe policija u nadzor, nego ono samo da su vrata tamo.",HR,test_file,342,28748,342,nije_dostupno_iz_izvora,ispitivanje,Negative,nije_dostupno_iz_izvora,nije_dostupno_iz_izvora,Negative,jedan_uvjezbani_koder
test-0343,Mandatno imunitetno povjerenstvo predlaže Hrvatskom saboru donošenje odluke o prestanku zastupničkog mandata zastupnici Ruži Tomašić sa danom 1. srpnja 2014. godine.,HR,test_file,343,78109,343,nije_dostupno_iz_izvora,ispitivanje,N_Neutral,nije_dostupno_iz_izvora,nije_dostupno_iz_izvora,Neutral,jedan_uvjezbani_koder
test-0344,Ministarstvo obrane je napravilo jedan veliki korak time što je nekolicini sportaša na prijedlog Hrvatskog olimpijskog odbora osiguralo jedan poseban status.,HR,test_file,344,69222,344,nije_dostupno_iz_izvora,ispitivanje,P_Neutral,nije_dostupno_iz_izvora,nije_dostupno_iz_izvora,Neutral,jedan_uvjezbani_koder
test-0345,"Preživljavao je ne zbog toga tko ga je tužio, nego zbog onih koje nije tužio.",HR,test_file,345,86981,345,nije_dostupno_iz_izvora,ispitivanje,M_Negative,nije_dostupno_iz_izvora,nije_dostupno_iz_izvora,Negative,jedan_uvjezbani_koder
test-0347,"Kolega Bulj, čisto za vašu informacije, župani ne mogu ukinuti svoju županiju, to će se moći dogoditi jedino ovdje u Saboru.",HR,test_file,347,156262,347,nije_dostupno_iz_izvora,ispitivanje,M_Negative,nije_dostupno_iz_izvora,nije_dostupno_iz_izvora,Negative,jedan_uvjezbani_koder
test-0348,"Ova rješenja koja Vlada ima, znate kakva su to rješenja?",HR,test_file,348,197936,348,nije_dostupno_iz_izvora,ispitivanje,N_Neutral,nije_dostupno_iz_izvora,nije_dostupno_iz_izvora,Neutral,jedan_uvjezbani_koder
test-0349,"Istaknuo bih da je postojećim zakonom u općini Poličnik nabrojana su naselja, između ostalih i naselje Islam Latinski, Rupalj.",HR,test_file,349,65406,349,nije_dostupno_iz_izvora,ispitivanje,P_Neutral,nije_dostupno_iz_izvora,nije_dostupno_iz_izvora,Neutral,jedan_uvjezbani_koder
test-0354,U bivšu carsku palaču u Kyotu možete ući tek nakon 15 dana i naravno da vas ne može voditi tamo Amerikanac nego isključivo predstavnik ministarstva.,HR,test_file,354,78371,354,nije_dostupno_iz_izvora,ispitivanje,N_Neutral,nije_dostupno_iz_izvora,nije_dostupno_iz_izvora,Neutral,jedan_uvjezbani_koder
test-0355,"Teško je uopće se osvrnuti na jedan dio, dobar dio, a kamoli na sve na što upozorava pravobraniteljica za djecu.",HR,test_file,355,33135,355,nije_dostupno_iz_izvora,ispitivanje,Negative,nije_dostupno_iz_izvora,nije_dostupno_iz_izvora,Negative,jedan_uvjezbani_koder
test-0358,"Iako je iz uvodnih izlaganja gospodina državnog tajnika Goršića u ime Klubova dosta rečeno o ovome Prijedlogu zakona, dopustite moj pojedinačni doprinos ovoj raspravi.",HR,test_file,358,58870,358,nije_dostupno_iz_izvora,ispitivanje,P_Neutral,nije_dostupno_iz_izvora,nije_dostupno_iz_izvora,Neutral,jedan_uvjezbani_koder
test-0359,To su dva ministarstva koja pomažu jedinicama lokalne samouprave u izgradnji infrastrukture da bi oni bili podloga za tu sutra otvaranje nekakvih pogona.,HR,test_file,359,91654,359,nije_dostupno_iz_izvora,ispitivanje,P_Neutral,nije_dostupno_iz_izvora,nije_dostupno_iz_izvora,Neutral,jedan_uvjezbani_koder
test-0360,Iskoristio sam svoje poslovničko pravo da tamo budem kao zastupnik i svjedočio sam svemu što se ondje događalo.,HR,test_file,360,47722,360,nije_dostupno_iz_izvora,ispitivanje,P_Neutral,nije_dostupno_iz_izvora,nije_dostupno_iz_izvora,Neutral,jedan_uvjezbani_koder
test-0362,"Potrošnje izazvanu izbornim porukama, potrošnju izazvano željom da dobijemo potporu birača.",HR,test_file,362,12669,362,nije_dostupno_iz_izvora,ispitivanje,M_Negative,nije_dostupno_iz_izvora,nije_dostupno_iz_izvora,Negative,jedan_uvjezbani_koder
test-0363,Evo samo se želim zahvaliti predsjedniku Vlade na pruženoj pomoći i na sve što se do danas odradilo.,HR,test_file,363,175025,363,nije_dostupno_iz_izvora,ispitivanje,Positive,nije_dostupno_iz_izvora,nije_dostupno_iz_izvora,Positive,jedan_uvjezbani_koder
test-0364,Dakle Udruga gradova i Udruga općina je sudjelovala između ostalog u ovom dijelu odnosno u simulacijama.,HR,test_file,364,11427,364,nije_dostupno_iz_izvora,ispitivanje,P_Neutral,nije_dostupno_iz_izvora,nije_dostupno_iz_izvora,Neutral,jedan_uvjezbani_koder
test-0365,"O piratima smo razmišljali samo dok smo gledali filmove, smijali se, divili se i neki od nas su možda i kao djeca željeli biti pirati jer im se to sve činilo romantičnim.",HR,test_file,365,7998,365,nije_dostupno_iz_izvora,ispitivanje,M_Positive,nije_dostupno_iz_izvora,nije_dostupno_iz_izvora,Positive,jedan_uvjezbani_koder
test-0366,"Glavni cilj programa je potpora održivom razvitku u kontekstu korištenja energije, uravnoteženi doprinos u svrhu ostvarivanja glavnog cilja, sigurnosti, opskrbe energijom i zaštite okoliša.",HR,test_file,366,72553,366,nije_dostupno_iz_izvora,ispitivanje,P_Neutral,nije_dostupno_iz_izvora,nije_dostupno_iz_izvora,Neutral,jedan_uvjezbani_koder
test-0369,Iznimno ukoliko to zahtjeva ekonomičnost i brzina postupka može se odrediti da će postupak dovršiti sud koji ga je i započeo.,HR,test_file,369,79182,369,nije_dostupno_iz_izvora,ispitivanje,P_Neutral,nije_dostupno_iz_izvora,nije_dostupno_iz_izvora,Neutral,jedan_uvjezbani_koder
test-0371,Problem je isto tako i o lijekovima određene odlukom o utvrđivanju liste lijekova koje donosi Ministarstvo zdravstva.,HR,test_file,371,23126,371,nije_dostupno_iz_izvora,ispitivanje,Negative,nije_dostupno_iz_izvora,nije_dostupno_iz_izvora,Negative,jedan_uvjezbani_koder
test-0373,"Pa što je, gdje je onda problem da naprave neku kampanju stop drogi, stop alkoholu, stop rasizmu i tome slično?",HR,test_file,373,62322,373,nije_dostupno_iz_izvora,ispitivanje,M_Negative,nije_dostupno_iz_izvora,nije_dostupno_iz_izvora,Negative,jedan_uvjezbani_koder
test-0376,Bijela kuga je bila iseljavanje pojedinih dijelova Hrvatske odnosno depopulacija tih pojedinih dijelova.,HR,test_file,376,186606,376,nije_dostupno_iz_izvora,ispitivanje,Negative,nije_dostupno_iz_izvora,nije_dostupno_iz_izvora,Negative,jedan_uvjezbani_koder
test-0377,"Međutim, mi predlažemo, odnosno kada o tome govorimo razgovaramo na način, evidentirajte ne o tome zapravo dalje.",HR,test_file,377,21382,377,nije_dostupno_iz_izvora,ispitivanje,P_Neutral,nije_dostupno_iz_izvora,nije_dostupno_iz_izvora,Neutral,jedan_uvjezbani_koder
test-0378,"Hvala uvaženi predsjedniče kolega Jandroković, uvažene kolegice saborske zastupnice i zastupnici.",HR,test_file,378,39860,378,nije_dostupno_iz_izvora,ispitivanje,Positive,nije_dostupno_iz_izvora,nije_dostupno_iz_izvora,Positive,jedan_uvjezbani_koder
test-0379,Činjenica da nije prikazan ni jedan jedini stres test koji bi obvezivao sudionike na tržištu kapitala na određen način ponašanja u slučaju negativnih tržišnih okolnosti osim dnevnih obustava trgovanja na domaćoj burzi.,HR,test_file,379,21010,379,nije_dostupno_iz_izvora,ispitivanje,Negative,nije_dostupno_iz_izvora,nije_dostupno_iz_izvora,Negative,jedan_uvjezbani_koder
test-0380,"Mi možemo donijet zakon u kojem će se ulazne-izlazne naknade smanjiti na minimum, ali ćemo onda iz državnog proračuna financirati i REGOS i HANFA-u kao regulatorno tijelo.",HR,test_file,380,71249,380,nije_dostupno_iz_izvora,ispitivanje,M_Negative,nije_dostupno_iz_izvora,nije_dostupno_iz_izvora,Negative,jedan_uvjezbani_koder
test-0384,"Dobro je govorio kolega Šuker da su tamo cigarete evo neću, marku 3 i pol konvertibilne marke ili 13 i pol kuna.",HR,test_file,384,44505,384,nije_dostupno_iz_izvora,ispitivanje,N_Neutral,nije_dostupno_iz_izvora,nije_dostupno_iz_izvora,Neutral,jedan_uvjezbani_koder
test-0388,"To nije novac koji se nečijom milošću udjeljuje građanima, nego je to novac koji oni izdvajaju od svojih zarada.",HR,test_file,388,62721,388,nije_dostupno_iz_izvora,ispitivanje,Negative,nije_dostupno_iz_izvora,nije_dostupno_iz_izvora,Negative,jedan_uvjezbani_koder
test-0393,Posljedično ovaj zavod treba nakon formiranja pružiti i osigurati dodatne uvjete da se vrši veća promidžba ove izuzetno važne tematike.,HR,test_file,393,46133,393,nije_dostupno_iz_izvora,ispitivanje,P_Neutral,nije_dostupno_iz_izvora,nije_dostupno_iz_izvora,Neutral,jedan_uvjezbani_koder
test-0396,Time zaključujem raspravu o ovoj točci a glasovat ćemo o njoj kad se steknu uvjeti.,HR,test_file,396,93543,396,nije_dostupno_iz_izvora,ispitivanje,P_Neutral,nije_dostupno_iz_izvora,nije_dostupno_iz_izvora,Neutral,jedan_uvjezbani_koder
test-0397,Mi ćemo ove godine vidjeti kako će odvijati turistička sezona.,HR,test_file,397,58334,397,nije_dostupno_iz_izvora,ispitivanje,P_Neutral,nije_dostupno_iz_izvora,nije_dostupno_iz_izvora,Neutral,jedan_uvjezbani_koder
test-0399,"Ovim amandmanom, predmetnim amandmanom određuju se da se novčana sredstva za isplatu poticaja ne mogu … …/Upadica predsjednik: Poštovani zamjeniče najprije amandman broj jedan.",HR,test_file,399,117812,399,nije_dostupno_iz_izvora,ispitivanje,N_Neutral,nije_dostupno_iz_izvora,nije_dostupno_iz_izvora,Neutral,jedan_uvjezbani_koder
test-0401,Ali niti jedan od tih kriterija se neće stvoriti i neće biti definiran na način da se to radi bez nekakvih analiza.,HR,test_file,401,46960,401,nije_dostupno_iz_izvora,ispitivanje,M_Positive,nije_dostupno_iz_izvora,nije_dostupno_iz_izvora,Positive,jedan_uvjezbani_koder
test-0403,"I rusi su znali ako se izmakne samo jedan dio Gruzije ili samo jedan dio Ukrajine kompletna zemlja će biti spriječena, neće moći ići u NATO.",HR,test_file,403,41045,403,nije_dostupno_iz_izvora,ispitivanje,Negative,nije_dostupno_iz_izvora,nije_dostupno_iz_izvora,Negative,jedan_uvjezbani_koder
test-0404,"Pa evo i danas sam govorio o presudi koju je donio sudac Hrvoje Visković u Zadru gdje je prebijen novinar i čovjek oslobođen, tako da ja ne vidim tu baš pozitivne trendove.",HR,test_file,404,88659,404,nije_dostupno_iz_izvora,ispitivanje,Negative,nije_dostupno_iz_izvora,nije_dostupno_iz_izvora,Negative,jedan_uvjezbani_koder
test-0406,"Dakle, imao osobe koje rade i kojima će se sada omogućiti, da i dalje, kao osobnu invalidninu, kao i svoje osobno pravo imaju pravo primati i dalje.",HR,test_file,406,63863,406,nije_dostupno_iz_izvora,ispitivanje,Positive,nije_dostupno_iz_izvora,nije_dostupno_iz_izvora,Positive,jedan_uvjezbani_koder
test-0413,Ovaj Zakon će svoje konačne efekte imati u godini školskoj 2007/2008.,HR,test_file,413,60128,413,nije_dostupno_iz_izvora,ispitivanje,P_Neutral,nije_dostupno_iz_izvora,nije_dostupno_iz_izvora,Neutral,jedan_uvjezbani_koder
test-0414,"Donijeli smo nedavno zakon kojim ukidamo brdsko-planinskim općinama i gradovima prihode, donijeli smo one koji su od posebne državne skrbi isto tako im se ukidaju.",HR,test_file,414,63644,414,nije_dostupno_iz_izvora,ispitivanje,Negative,nije_dostupno_iz_izvora,nije_dostupno_iz_izvora,Negative,jedan_uvjezbani_koder
test-0420,"Dakle smisao je racionalizirati, biti učinkovit ili pokušati ću to malo slikovito dočarati.",HR,test_file,420,92533,420,nije_dostupno_iz_izvora,ispitivanje,P_Neutral,nije_dostupno_iz_izvora,nije_dostupno_iz_izvora,Neutral,jedan_uvjezbani_koder
test-0421,Posljedica toga je da svaki 5 europski potrošač neće pokretati sudsku tužbu za dobivanje odštete za potraživanja čija vrijednost ne premašuje tisuću eura.,HR,test_file,421,39014,421,nije_dostupno_iz_izvora,ispitivanje,N_Neutral,nije_dostupno_iz_izvora,nije_dostupno_iz_izvora,Neutral,jedan_uvjezbani_koder
test-0422,I ono što bih isto rekla što se tiče dugog čekanja za 7.22 ja isto često kritiziram.,HR,test_file,422,57412,422,nije_dostupno_iz_izvora,ispitivanje,Negative,nije_dostupno_iz_izvora,nije_dostupno_iz_izvora,Negative,jedan_uvjezbani_koder
test-0423,"Jedna simbolična, ali dobra vijest koja eto uz posao i to, obavljaju i svoje privatne poslove.",HR,test_file,423,84443,423,nije_dostupno_iz_izvora,ispitivanje,P_Neutral,nije_dostupno_iz_izvora,nije_dostupno_iz_izvora,Neutral,jedan_uvjezbani_koder
test-0424,"I s toga se da naslutit da je Hrvatska, da u Hrvatskoj narod živi loše i da je nama loše.",HR,test_file,424,82730,424,nije_dostupno_iz_izvora,ispitivanje,Negative,nije_dostupno_iz_izvora,nije_dostupno_iz_izvora,Negative,jedan_uvjezbani_koder
test-0425,"Zatim je uništena industrijski suverenitet, prerađivačke industrije u Hrvatskoj više praktično nema.",HR,test_file,425,18692,425,nije_dostupno_iz_izvora,ispitivanje,Negative,nije_dostupno_iz_izvora,nije_dostupno_iz_izvora,Negative,jedan_uvjezbani_koder
test-0429,"Poštovani gospodine potpredsjedniče, gospođo državna tajnice, uvaženo gospodo zastupnici.",HR,test_file,429,55323,429,nije_dostupno_iz_izvora,ispitivanje,P_Neutral,nije_dostupno_iz_izvora,nije_dostupno_iz_izvora,Neutral,jedan_uvjezbani_koder
test-0430,"Jer sve dok ih ne pobijedimo političkim putem, ništa se u ovoj zemlji neće promijeniti.",HR,test_file,430,55020,430,nije_dostupno_iz_izvora,ispitivanje,M_Negative,nije_dostupno_iz_izvora,nije_dostupno_iz_izvora,Negative,jedan_uvjezbani_koder
test-0431,Pozdravljam u ime kluba HSS-a i evo naš osvrt na ove zakone koji se raspravljaju naravno sa naglaskom na rebalans državnog proračuna.,HR,test_file,431,57735,431,nije_dostupno_iz_izvora,ispitivanje,P_Neutral,nije_dostupno_iz_izvora,nije_dostupno_iz_izvora,Neutral,jedan_uvjezbani_koder
test-0435,Ovaj bi zakon trebao značiti i prvi korak prema tom cilju.,HR,test_file,435,42157,435,nije_dostupno_iz_izvora,ispitivanje,Positive,nije_dostupno_iz_izvora,nije_dostupno_iz_izvora,Positive,jedan_uvjezbani_koder
test-0437,Evo ja ću svojim pitanjem pokušat uozbiljit ovo aktualno prijepodne.,HR,test_file,437,35759,437,nije_dostupno_iz_izvora,ispitivanje,P_Neutral,nije_dostupno_iz_izvora,nije_dostupno_iz_izvora,Neutral,jedan_uvjezbani_koder
test-0439,"Znači ukinimo one koji zaprimaju zahtjeve, ukinimo one koji pišu potvrde, ukinimo svu tu silnu administraciju i birokraciju i preusmjerimo novac, digitalizirajmo postupak i povećajmo rodiljne naknade.",HR,test_file,439,183620,439,nije_dostupno_iz_izvora,ispitivanje,M_Positive,nije_dostupno_iz_izvora,nije_dostupno_iz_izvora,Positive,jedan_uvjezbani_koder
test-0442,"U istoj godini od planiranih 286 istraživanja i 71 projekta sva istraživanja su provedena u cijelosti osim 5 koja su prenesena u iduću, 4 koja nisu ni započeta zbog smanjenja financijskih sredstava.",HR,test_file,442,74864,442,nije_dostupno_iz_izvora,ispitivanje,M_Positive,nije_dostupno_iz_izvora,nije_dostupno_iz_izvora,Positive,jedan_uvjezbani_koder
test-0444,Tu je očito bitna razlika između kolega iz HDZ-a i nas iz GLAS-a.,HR,test_file,444,144997,444,nije_dostupno_iz_izvora,ispitivanje,N_Neutral,nije_dostupno_iz_izvora,nije_dostupno_iz_izvora,Neutral,jedan_uvjezbani_koder
test-0445,"Dakle, ovo nije rezultat neke moje opredijeljenosti nego je to rezultat zaista toga što je to najveći broj pritužbi.",HR,test_file,445,38119,445,nije_dostupno_iz_izvora,ispitivanje,Negative,nije_dostupno_iz_izvora,nije_dostupno_iz_izvora,Negative,jedan_uvjezbani_koder
test-0446,"U materijalima o sestrinstvu nalazim upravo netko je rekao ovdje, tri godine školovanja.",HR,test_file,446,16365,446,nije_dostupno_iz_izvora,ispitivanje,P_Neutral,nije_dostupno_iz_izvora,nije_dostupno_iz_izvora,Neutral,jedan_uvjezbani_koder
test-0447,Pa ću biti i ja u tom dijelu konstruktivan i pokušati doprinijeti takvoj raspravi.,HR,test_file,447,21770,447,nije_dostupno_iz_izvora,ispitivanje,Positive,nije_dostupno_iz_izvora,nije_dostupno_iz_izvora,Positive,jedan_uvjezbani_koder
test-0454,I konačno držim da će ova Vlada već u ovoj godini zatvoriti sva otvorena pitanja sa Haagom a preostalih 3 godine vodit će zemlju bez hipoteke i bez tih pritisaka.,HR,test_file,454,21043,454,nije_dostupno_iz_izvora,ispitivanje,Positive,nije_dostupno_iz_izvora,nije_dostupno_iz_izvora,Positive,jedan_uvjezbani_koder
test-0455,Ta izjava je netočna jer bi ovakvim načinom štićenja nacionalnih interesa Hrvatske bili jako zadovoljni oni koji štite nacionalne interese Italije i Slovenije.,HR,test_file,455,80830,455,nije_dostupno_iz_izvora,ispitivanje,Negative,nije_dostupno_iz_izvora,nije_dostupno_iz_izvora,Negative,jedan_uvjezbani_koder
test-0461,"I u takvoj situaciji mi zapravo dodatno ovo liberaliziramo i to je veoma, veoma ozbiljno pitanje.",HR,test_file,461,86060,461,nije_dostupno_iz_izvora,ispitivanje,M_Negative,nije_dostupno_iz_izvora,nije_dostupno_iz_izvora,Negative,jedan_uvjezbani_koder
test-0463,"Rashodi su u 2007. godini bili veći za 13,8 milijardi kuna u odnosu na 2006. dok su planirani rashodi u 2008. tek za 6,6 milijardi kuna veći u odnosu na 2007.",HR,test_file,463,1296,463,nije_dostupno_iz_izvora,ispitivanje,P_Neutral,nije_dostupno_iz_izvora,nije_dostupno_iz_izvora,Neutral,jedan_uvjezbani_koder
test-0468,A u drugom čitanju ću dati amandmane i samo ću pročitati ovu rečenicu.,HR,test_file,468,50472,468,nije_dostupno_iz_izvora,ispitivanje,P_Neutral,nije_dostupno_iz_izvora,nije_dostupno_iz_izvora,Neutral,jedan_uvjezbani_koder
test-0470,Ali jedan zastupnik nije primatelj sredstava inačebi svatko od nas dobio ta sredstva.,HR,test_file,470,30038,470,nije_dostupno_iz_izvora,ispitivanje,N_Neutral,nije_dostupno_iz_izvora,nije_dostupno_iz_izvora,Neutral,jedan_uvjezbani_koder
test-0471,"Sad možemo licitirati 1.01. ili 1.07., možemo licitirati.",HR,test_file,471,23084,471,nije_dostupno_iz_izvora,ispitivanje,N_Neutral,nije_dostupno_iz_izvora,nije_dostupno_iz_izvora,Neutral,jedan_uvjezbani_koder
test-0475,Također se Nacionalno vijeće za sport definira kao stručno i savjetodavno tijelo.,HR,test_file,475,13585,475,nije_dostupno_iz_izvora,ispitivanje,P_Neutral,nije_dostupno_iz_izvora,nije_dostupno_iz_izvora,Neutral,jedan_uvjezbani_koder
test-0477,"Najveći ili jedan od velikih udjela vojnika na granici sa Rusijom ide hrvatski vojnik …/Govornik se ne razumije./… kao velesila ponašamo, naravno.",HR,test_file,477,41299,477,nije_dostupno_iz_izvora,ispitivanje,N_Neutral,nije_dostupno_iz_izvora,nije_dostupno_iz_izvora,Neutral,jedan_uvjezbani_koder
test-0478,"A znači profesorima umanjujete prava, skidate materijalne prava, uništavate i učenike pri tom, a nas eto kao što rekoh zatrpavate zakonskim prijedlozima koji su igranje formom.",HR,test_file,478,27210,478,nije_dostupno_iz_izvora,ispitivanje,Negative,nije_dostupno_iz_izvora,nije_dostupno_iz_izvora,Negative,jedan_uvjezbani_koder
test-0479,"Daj Bože da samo one zube koje je dobio Zakon o zapošljavanju da kroz njega se da prioritet zapošljavanju hrvatskih branitelja, kaznama koje će biti primijenjene.",HR,test_file,479,23389,479,nije_dostupno_iz_izvora,ispitivanje,M_Negative,nije_dostupno_iz_izvora,nije_dostupno_iz_izvora,Negative,jedan_uvjezbani_koder
test-0482,Svakako neovisnost upravitelja infrastrukture koji mora osigurati nediskriminirajući pristup infrastrukturi.,HR,test_file,482,126425,482,nije_dostupno_iz_izvora,ispitivanje,P_Neutral,nije_dostupno_iz_izvora,nije_dostupno_iz_izvora,Neutral,jedan_uvjezbani_koder
test-0483,"Dakle, da je bilo sluha za kompromis onda smo mogli zaista to zajednički ugradit pa onda ovdje biti svi zajedno predlagatelji ovog konačnog prijedloga zakona.",HR,test_file,483,100047,483,nije_dostupno_iz_izvora,ispitivanje,M_Negative,nije_dostupno_iz_izvora,nije_dostupno_iz_izvora,Negative,jedan_uvjezbani_koder
test-0486,Raspravljat o tom zakonu a ne imat podatak o tome kakvo je punjenje državnog proračuna naprosto je nemoguće naći argumente za određene odredbe koje se nude u tom Zakonu o porezu na dodanu vrijednost.,HR,test_file,486,34476,486,nije_dostupno_iz_izvora,ispitivanje,Negative,nije_dostupno_iz_izvora,nije_dostupno_iz_izvora,Negative,jedan_uvjezbani_koder
test-0489,"Konačni prijedlog Zakona o izmjenama i dopunama Zakona o Pravosudnoj akademiji, drugo čitanje, P.Z. br. 825.",HR,test_file,489,115314,489,nije_dostupno_iz_izvora,ispitivanje,P_Neutral,nije_dostupno_iz_izvora,nije_dostupno_iz_izvora,Neutral,jedan_uvjezbani_koder
test-0490,"Mi sigurno, i ja se ne slažem sa kolegom Pernarom, mi kao društvo sigurno ako hoćete po sustavu vrijednosti i kulturno i civilizacijski ne pripadamo u nasilno društvo.",HR,test_file,490,31253,490,nije_dostupno_iz_izvora,ispitivanje,M_Positive,nije_dostupno_iz_izvora,nije_dostupno_iz_izvora,Positive,jedan_uvjezbani_koder
test-0491,"U svakom slučaju podržavam donošenje zakona, ono što dakle treba osigurati, treba osigurati koordinaciju, logistiku da li će novi inspektor biti efikasan to ćemo morati dakle pričekati kad krene s radom.",HR,test_file,491,117885,491,nije_dostupno_iz_izvora,ispitivanje,M_Positive,nije_dostupno_iz_izvora,nije_dostupno_iz_izvora,Positive,jedan_uvjezbani_koder
test-0492,"Vi danas, barem je tako u mojoj županiji, ne možete biti ravnatelj škole, ne možete bit ravnatelj bolnice, ne možete biti čistačica u tim ustanovama, ukoliko nemate blagoslov župana.",HR,test_file,492,163760,492,nije_dostupno_iz_izvora,ispitivanje,Negative,nije_dostupno_iz_izvora,nije_dostupno_iz_izvora,Negative,jedan_uvjezbani_koder
test-0493,Odbor za zdravstvo i socijalnu skrb je na svojoj 39. sjednici razmatrao Prijedlog zakona o izmjenama Zakona o predmetima opće uporabe s konačnim prijedlogom zakona kao matično radno tijelo.,HR,test_file,493,50755,493,nije_dostupno_iz_izvora,ispitivanje,P_Neutral,nije_dostupno_iz_izvora,nije_dostupno_iz_izvora,Neutral,jedan_uvjezbani_koder
test-0494,Ja mogu reći da Hrvatskoj deomkratskoj zajednici odgovara svaki izborni zakon pa i ovaj.,HR,test_file,494,11002,494,nije_dostupno_iz_izvora,ispitivanje,Positive,nije_dostupno_iz_izvora,nije_dostupno_iz_izvora,Positive,jedan_uvjezbani_koder
test-0496,Meni je čudo da nismo i više pali nego što je bilo tih 8 mjesta.,HR,test_file,496,57356,496,nije_dostupno_iz_izvora,ispitivanje,Negative,nije_dostupno_iz_izvora,nije_dostupno_iz_izvora,Negative,jedan_uvjezbani_koder
test-0498,"Nekima je to lako objasniti i dokazati, nekima je teško.",HR,test_file,498,88182,498,nije_dostupno_iz_izvora,ispitivanje,M_Negative,nije_dostupno_iz_izvora,nije_dostupno_iz_izvora,Negative,jedan_uvjezbani_koder
test-0499,Zakonom o strukovnom obrazovanju kojeg smo svi ovdje podržali konsenzusom u Saboru je utvrđeno da strukovne kurikulume pa tako i onda ove … obrte i obrtnička zanimanja donosi ministar nadležan za obrazovanje.,HR,test_file,499,46196,499,nije_dostupno_iz_izvora,ispitivanje,P_Neutral,nije_dostupno_iz_izvora,nije_dostupno_iz_izvora,Neutral,jedan_uvjezbani_koder
test-0501,Predlagatelj kaže izbjegavanje pojave pravnih praznina osobito je opravdani razlog za donošenje ovog zakona po hitnom postupku.,HR,test_file,501,64858,501,nije_dostupno_iz_izvora,ispitivanje,P_Neutral,nije_dostupno_iz_izvora,nije_dostupno_iz_izvora,Neutral,jedan_uvjezbani_koder
test-0502,Kolega Kajin je potpuno netočno rekao da su direktori komunalnih poduzeća jednako tako stranački ljudi.,HR,test_file,502,82694,502,nije_dostupno_iz_izvora,ispitivanje,M_Negative,nije_dostupno_iz_izvora,nije_dostupno_iz_izvora,Negative,jedan_uvjezbani_koder
test-0503,"Zapravo, ta trojka i mnogi drugi međunarodni čimbenici u BiH su derogirali Daytonski sporazum i od svega toga su napravili jednu veliku i nepopravljivu štetu, štetu koja će se dugo morati ispravljati.",HR,test_file,503,121663,503,nije_dostupno_iz_izvora,ispitivanje,Negative,nije_dostupno_iz_izvora,nije_dostupno_iz_izvora,Negative,jedan_uvjezbani_koder
test-0507,To njihova politička pripadnost ih je dovela na vrh toga aparata.,HR,test_file,507,6715,507,nije_dostupno_iz_izvora,ispitivanje,Negative,nije_dostupno_iz_izvora,nije_dostupno_iz_izvora,Negative,jedan_uvjezbani_koder
test-0512,"Isto tako držimko u članku isto 9., u stavku 3. da je nužno da se djelatnost zadrugarstva ostavi u nadležnosti Ministarstva poljoprivrede i šumarstva i vodnog gospodarstva.",HR,test_file,512,237,512,nije_dostupno_iz_izvora,ispitivanje,P_Neutral,nije_dostupno_iz_izvora,nije_dostupno_iz_izvora,Neutral,jedan_uvjezbani_koder
test-0513,"I to je bio jedan argument važan koji je, zbog koga je on došao i otvorio je u Valpovu svoj jedan pogon.",HR,test_file,513,68480,513,nije_dostupno_iz_izvora,ispitivanje,P_Neutral,nije_dostupno_iz_izvora,nije_dostupno_iz_izvora,Neutral,jedan_uvjezbani_koder
test-0514,Isto tako dosta smo danas raspravljali o porezu na dohodak.,HR,test_file,514,92271,514,nije_dostupno_iz_izvora,ispitivanje,P_Neutral,nije_dostupno_iz_izvora,nije_dostupno_iz_izvora,Neutral,jedan_uvjezbani_koder
test-0517,"Ako se neki zakon ne može provoditi onda se valjda u nekom mišljenju, u nekom javnom istupu može sugerirati da se to nije trebalo napraviti na taj način.",HR,test_file,517,36848,517,nije_dostupno_iz_izvora,ispitivanje,Negative,nije_dostupno_iz_izvora,nije_dostupno_iz_izvora,Negative,jedan_uvjezbani_koder
test-0519,"I mi ćemo sada to govoriti, zaredale su se nakon onih baklji u Italiji, zaredale su se neke emisije, tekstovi.",HR,test_file,519,89421,519,nije_dostupno_iz_izvora,ispitivanje,N_Neutral,nije_dostupno_iz_izvora,nije_dostupno_iz_izvora,Neutral,jedan_uvjezbani_koder
test-0521,"Ali je svojevrsna uputa HRT-u na koji način se ponašati, obvezujuća uputa koja će se staviti u zakonski prijedlog.",HR,test_file,521,1035,521,nije_dostupno_iz_izvora,ispitivanje,P_Neutral,nije_dostupno_iz_izvora,nije_dostupno_iz_izvora,Neutral,jedan_uvjezbani_koder
test-0522,"Ja pretpostavljam što bi trebala značiti, ali mislim da je doista nedopustivo da se ovakve rečenice šalju u Parlament u nekakvim zakonskim prijedlozima.",HR,test_file,522,61591,522,nije_dostupno_iz_izvora,ispitivanje,Negative,nije_dostupno_iz_izvora,nije_dostupno_iz_izvora,Negative,jedan_uvjezbani_koder
test-0523,Dozvolite mi da kratko sa samo nekoliko rečenica osvrnem se na Prijedlog zakona o zaštiti od ionizirajućeg zračenja i sigurnosti izvora ionizirajućeg zračenja.,HR,test_file,523,65837,523,nije_dostupno_iz_izvora,ispitivanje,P_Neutral,nije_dostupno_iz_izvora,nije_dostupno_iz_izvora,Neutral,jedan_uvjezbani_koder
test-0524,"Hvala lijepa gospodine potpredsjedniče, gospođe i gospodo zastupnici, ja ću vrlo kratko iznijeti sadržaj i intenciju Izmjena i dopuna ova tri zakona.",HR,test_file,524,28758,524,nije_dostupno_iz_izvora,ispitivanje,P_Neutral,nije_dostupno_iz_izvora,nije_dostupno_iz_izvora,Neutral,jedan_uvjezbani_koder
test-0525,"Možete se vi vraćati 50 godina, pa će biti još gora vremena i prije 25 godina.",HR,test_file,525,27484,525,nije_dostupno_iz_izvora,ispitivanje,Negative,nije_dostupno_iz_izvora,nije_dostupno_iz_izvora,Negative,jedan_uvjezbani_koder
test-0528,Ovo je samo tehničko formaliziranje onoga što se inače u stvarnosti radi.,HR,test_file,528,112858,528,nije_dostupno_iz_izvora,ispitivanje,P_Neutral,nije_dostupno_iz_izvora,nije_dostupno_iz_izvora,Neutral,jedan_uvjezbani_koder
test-0529,To je dakle ona novost s kojom idemo i što je vrijeme donijelo i naravno da nas raduje da je tako.,HR,test_file,529,7286,529,nije_dostupno_iz_izvora,ispitivanje,Positive,nije_dostupno_iz_izvora,nije_dostupno_iz_izvora,Positive,jedan_uvjezbani_koder
test-0533,"Međutim, mi danas uređujemo odnose između Vlade i Sabora.",HR,test_file,533,43895,533,nije_dostupno_iz_izvora,ispitivanje,P_Neutral,nije_dostupno_iz_izvora,nije_dostupno_iz_izvora,Neutral,jedan_uvjezbani_koder
test-0535,"To nije politika Vlade, to je politika stalnih alibija, to je politika stalnih izgovora, mi bi htjeli ovo ali ne možemo, mi bi htjeli ono ali ne znamo.",HR,test_file,535,13326,535,nije_dostupno_iz_izvora,ispitivanje,Negative,nije_dostupno_iz_izvora,nije_dostupno_iz_izvora,Negative,jedan_uvjezbani_koder
test-0537,I mislim da je tu veliki problem za naše općine i gradove.,HR,test_file,537,16207,537,nije_dostupno_iz_izvora,ispitivanje,Negative,nije_dostupno_iz_izvora,nije_dostupno_iz_izvora,Negative,jedan_uvjezbani_koder
test-0539,"Dakle, prvi put kada se napravi mjesečni obračun poreza na dodanu vrijednost i prvi put kada se nakon donošenja ovih zakona napravi obračun plaća onda će se vidjeti koji je krajnji efekat.",HR,test_file,539,3010,539,nije_dostupno_iz_izvora,ispitivanje,P_Neutral,nije_dostupno_iz_izvora,nije_dostupno_iz_izvora,Neutral,jedan_uvjezbani_koder
test-0543,"Molim vas nemojte mi šlagvort. … /Upadica Stazić: Da, ajde izvolite. /…",HR,test_file,543,34286,543,nije_dostupno_iz_izvora,ispitivanje,M_Positive,nije_dostupno_iz_izvora,nije_dostupno_iz_izvora,Positive,jedan_uvjezbani_koder
test-0544,"Danas u ovakvom drugom čitanju, našem čitanju, možemo govoriti samo mi.",HR,test_file,544,84335,544,nije_dostupno_iz_izvora,ispitivanje,M_Positive,nije_dostupno_iz_izvora,nije_dostupno_iz_izvora,Positive,jedan_uvjezbani_koder
test-0547,Vama je sasvim sigurno svima poznato da bez povjerenja građana ne možete dobiti nijednu dužnost ali to povjerenje građana nije važno samo kad se traži da se glasa za nas.,HR,test_file,547,73958,547,nije_dostupno_iz_izvora,ispitivanje,M_Negative,nije_dostupno_iz_izvora,nije_dostupno_iz_izvora,Negative,jedan_uvjezbani_koder
test-0548,"E sad, Planom gospodarenja tu dolazimo do vrlo interesantnih činjenica.",HR,test_file,548,104893,548,nije_dostupno_iz_izvora,ispitivanje,P_Neutral,nije_dostupno_iz_izvora,nije_dostupno_iz_izvora,Neutral,jedan_uvjezbani_koder
test-0549,U ovoj 2015. godini je bio samo jedan incident bez smrtnih posljedica.,HR,test_file,549,111634,549,nije_dostupno_iz_izvora,ispitivanje,N_Neutral,nije_dostupno_iz_izvora,nije_dostupno_iz_izvora,Neutral,jedan_uvjezbani_koder
test-0550,"… /Govornik nije uključen, ne razumije se/…",HR,test_file,550,182978,550,nije_dostupno_iz_izvora,ispitivanje,N_Neutral,nije_dostupno_iz_izvora,nije_dostupno_iz_izvora,Neutral,jedan_uvjezbani_koder
test-0551,"To je kriminal, to je pljačka hrvatskog bogatstva dat vašim podobnicima na kriminalan način cilu plažu, cilu plažu.",HR,test_file,551,44368,551,nije_dostupno_iz_izvora,ispitivanje,Negative,nije_dostupno_iz_izvora,nije_dostupno_iz_izvora,Negative,jedan_uvjezbani_koder
test-0552,Sada čitamo da će se valjda svi mobiteli i telefoni isto tako moći nadzirati.,HR,test_file,552,47239,552,nije_dostupno_iz_izvora,ispitivanje,Negative,nije_dostupno_iz_izvora,nije_dostupno_iz_izvora,Negative,jedan_uvjezbani_koder
test-0554,Zavisno o razini prihvaćanja naših amandmana Klub zastupnika HSU-a glasovat će o ovom zakonu.,HR,test_file,554,78790,554,nije_dostupno_iz_izvora,ispitivanje,P_Neutral,nije_dostupno_iz_izvora,nije_dostupno_iz_izvora,Neutral,jedan_uvjezbani_koder
test-0557,"U protivnom ne Oružane snage, nego politika će ozbiljno podbaciti.",HR,test_file,557,19280,557,nije_dostupno_iz_izvora,ispitivanje,Negative,nije_dostupno_iz_izvora,nije_dostupno_iz_izvora,Negative,jedan_uvjezbani_koder
test-0560,To je nešto neprihvatljivo i zato evo hvala na replici da zajednički moramo ukazati na probleme u HŽ-u.,HR,test_file,560,43260,560,nije_dostupno_iz_izvora,ispitivanje,M_Negative,nije_dostupno_iz_izvora,nije_dostupno_iz_izvora,Negative,jedan_uvjezbani_koder
test-0561,"Razrješuje se zamjenik člana Izaslanstva Hrvatskog sabora u Parlamentarnoj skupštini Vijeća Europe Davor Ivo Stier, a za zamjenika člana Izaslanstva Hrvatskog sabora u Parlamentarnoj skupštini Vijeća Europe predlaže se Anton Kliman.",HR,test_file,561,50079,561,nije_dostupno_iz_izvora,ispitivanje,P_Neutral,nije_dostupno_iz_izvora,nije_dostupno_iz_izvora,Neutral,jedan_uvjezbani_koder
test-0563,"Predloženim izmjenama omogućuje se izravno upućivanja osoba u Centre za profesionalnu rehabilitaciju a na temelju rezultata rehabilitacije procjene, savjetnici HZZZ-a dobit će sve informacije potrebne u svrhu priprema osoba s invaliditetom za zapošljavanje.",HR,test_file,563,50591,563,nije_dostupno_iz_izvora,ispitivanje,Positive,nije_dostupno_iz_izvora,nije_dostupno_iz_izvora,Positive,jedan_uvjezbani_koder
test-0564,"Stvarno je nevjerojatno da bi netko tko tako inzistira na transparentnosti omaškom propustio ustrojiti jedinstven, jasan i pregledan popis državnog vlasništva i popisati dionice na temelju kojih država ubire dividende.",HR,test_file,564,55546,564,nije_dostupno_iz_izvora,ispitivanje,Negative,nije_dostupno_iz_izvora,nije_dostupno_iz_izvora,Negative,jedan_uvjezbani_koder
test-0565,"Ja sam spominjao županijski u Zlataru, on nikad nije imao predmeta da bi opravdao to svoje postojanje.",HR,test_file,565,79273,565,nije_dostupno_iz_izvora,ispitivanje,Negative,nije_dostupno_iz_izvora,nije_dostupno_iz_izvora,Negative,jedan_uvjezbani_koder
test-0566,U ime Kluba nezavisnih zastupnik raspravu su podijelili Ivan Grubišić i Damir Kajin.,HR,test_file,566,48099,566,nije_dostupno_iz_izvora,ispitivanje,P_Neutral,nije_dostupno_iz_izvora,nije_dostupno_iz_izvora,Neutral,jedan_uvjezbani_koder
test-0567,Društvima koja su upravljala PIF-ovima dana je neobjašnjivo visoka naknada za upravljanje fondovima.,HR,test_file,567,44386,567,nije_dostupno_iz_izvora,ispitivanje,Negative,nije_dostupno_iz_izvora,nije_dostupno_iz_izvora,Negative,jedan_uvjezbani_koder
test-0569,"Naime, u Zakonu o obnovi korišteni su termini koji danas jednostavno ne postoje, tako da se radi u prvom redu o promjenama naziva.",HR,test_file,569,29610,569,nije_dostupno_iz_izvora,ispitivanje,N_Neutral,nije_dostupno_iz_izvora,nije_dostupno_iz_izvora,Neutral,jedan_uvjezbani_koder
test-0570,"Zato se ja mislim Afganistan brani pomoću gradnje cesta, pomoću gradnje bolnica, škola i tome slično a ne puškama.",HR,test_file,570,47938,570,nije_dostupno_iz_izvora,ispitivanje,M_Positive,nije_dostupno_iz_izvora,nije_dostupno_iz_izvora,Positive,jedan_uvjezbani_koder
test-0573,Zbog jednostavnog razloga što takve pravne osobe moraju imati mogućnost da nekoga u okviru svojih poslova zaposli na tako nečemu.,HR,test_file,573,178180,573,nije_dostupno_iz_izvora,ispitivanje,P_Neutral,nije_dostupno_iz_izvora,nije_dostupno_iz_izvora,Neutral,jedan_uvjezbani_koder
test-0575,"Nikada se nije dizala velika prašina, jer mi smo to sve sportski podnijeli.",HR,test_file,575,25856,575,nije_dostupno_iz_izvora,ispitivanje,M_Negative,nije_dostupno_iz_izvora,nije_dostupno_iz_izvora,Negative,jedan_uvjezbani_koder
test-0578,"Pa mi hrvatski narod, koji je branio svoju domovinu, kad smo ulazili u EU, pa sjetite se šta je bilo, koji su pritisci bili.",HR,test_file,578,145268,578,nije_dostupno_iz_izvora,ispitivanje,Negative,nije_dostupno_iz_izvora,nije_dostupno_iz_izvora,Negative,jedan_uvjezbani_koder
test-0579,Molim uključimo se i glasujmo o ovom konačnom prijedlogu zakona.,HR,test_file,579,80667,579,nije_dostupno_iz_izvora,ispitivanje,P_Neutral,nije_dostupno_iz_izvora,nije_dostupno_iz_izvora,Neutral,jedan_uvjezbani_koder
test-0581,"Pozdravljam i predstavnike Ministarstva financija, poštivane kolegice i kolege i posebno pozdravljam vas dragi građani koji nas pratite.",HR,test_file,581,175927,581,nije_dostupno_iz_izvora,ispitivanje,Positive,nije_dostupno_iz_izvora,nije_dostupno_iz_izvora,Positive,jedan_uvjezbani_koder
test-0582,I tada je slovenska vlast morala donijeti odluku da se proces ukidanja smanji.,HR,test_file,582,20147,582,nije_dostupno_iz_izvora,ispitivanje,N_Neutral,nije_dostupno_iz_izvora,nije_dostupno_iz_izvora,Neutral,jedan_uvjezbani_koder
test-0586,Najopasniji deficit u Hrvatskoj je upravo deficit na platnom računu.,HR,test_file,586,41030,586,nije_dostupno_iz_izvora,ispitivanje,Negative,nije_dostupno_iz_izvora,nije_dostupno_iz_izvora,Negative,jedan_uvjezbani_koder
test-0587,"Pa kažu da su vode opće dobro zbog toga i toga, zbog svojih prirodnih svojstava.",HR,test_file,587,23713,587,nije_dostupno_iz_izvora,ispitivanje,P_Neutral,nije_dostupno_iz_izvora,nije_dostupno_iz_izvora,Neutral,jedan_uvjezbani_koder
test-0588,Taj profit sigurno će ići na uštrb zarade one dadilje koja bi trebala tu mogućnost imati i da ugovorom o radu sama to riješi i bez trgovačkih društava.,HR,test_file,588,27622,588,nije_dostupno_iz_izvora,ispitivanje,Negative,nije_dostupno_iz_izvora,nije_dostupno_iz_izvora,Negative,jedan_uvjezbani_koder
test-0590,"Naravno da je uvjet 2/3-ske većine, strogi uvjet i teže ga je postići i ne bih rekla da je sebičan interes Ustavnog suda.",HR,test_file,590,54209,590,nije_dostupno_iz_izvora,ispitivanje,M_Positive,nije_dostupno_iz_izvora,nije_dostupno_iz_izvora,Positive,jedan_uvjezbani_koder
test-0591,"Poštovani gospodine predsjedniče, poštovana gospođo premijerko, uvaženi zastupnici i zastupnice.",HR,test_file,591,65745,591,nije_dostupno_iz_izvora,ispitivanje,P_Neutral,nije_dostupno_iz_izvora,nije_dostupno_iz_izvora,Neutral,jedan_uvjezbani_koder
test-0593,"Kada sve to skupa zbrojite opet ponavljam po nacionalnoj metodologiji ovaj 6.-mjesečni izvještaj ne raportiramo Eurostatu, dakle nije europska metodologija, višak od milijardu kuna ili 0,3%.",HR,test_file,593,164431,593,nije_dostupno_iz_izvora,ispitivanje,N_Neutral,nije_dostupno_iz_izvora,nije_dostupno_iz_izvora,Neutral,jedan_uvjezbani_koder
test-0594,"Ne znam, ako se vratio, onda bi bila isto tako velika buka.",HR,test_file,594,121849,594,nije_dostupno_iz_izvora,ispitivanje,Negative,nije_dostupno_iz_izvora,nije_dostupno_iz_izvora,Negative,jedan_uvjezbani_koder
test-0595,"Volio bih da se priča o Dalmatinskoj zagori, da se priča o tome gdje su projekti koji su obećavani godinama, kao što su spojne ceste za Imotski od Zagvozda.",HR,test_file,595,78051,595,nije_dostupno_iz_izvora,ispitivanje,Negative,nije_dostupno_iz_izvora,nije_dostupno_iz_izvora,Negative,jedan_uvjezbani_koder
test-0596,"Naime i danas su u ovom parlamentu izrečene riječi koje grubo narušavaju integritet i ustavno rješenje susjedne države BIH, smatram to nedopustivim u ovom Parlamentu i želim da se o tome progovori.",HR,test_file,596,70863,596,nije_dostupno_iz_izvora,ispitivanje,Negative,nije_dostupno_iz_izvora,nije_dostupno_iz_izvora,Negative,jedan_uvjezbani_koder
test-0597,"Dakle, u ovim izmjenama u odnosu na prvo čitanje smo išli maksimalno na pojednostavljenje cijelog procesa.",HR,test_file,597,84109,597,nije_dostupno_iz_izvora,ispitivanje,P_Neutral,nije_dostupno_iz_izvora,nije_dostupno_iz_izvora,Neutral,jedan_uvjezbani_koder
test-0598,"Pa dakle to su sve same nebuloze koje se u vezi ovog zakona govore, u obrani u pokušaju obrane, u pokušaju da se obrani nešto što je ali apsolutno neobranjivo.",HR,test_file,598,51461,598,nije_dostupno_iz_izvora,ispitivanje,Negative,nije_dostupno_iz_izvora,nije_dostupno_iz_izvora,Negative,jedan_uvjezbani_koder
test-0599,Govornik se ne razumije./... od ovih 80-ak% stvari u Zakonu ostalo.,HR,test_file,599,84917,599,nije_dostupno_iz_izvora,ispitivanje,N_Neutral,nije_dostupno_iz_izvora,nije_dostupno_iz_izvora,Neutral,jedan_uvjezbani_koder
test-0600,"Ili će Europa postati jedan veliki starački dom u kojemu će Europski parlament biti jedan, ono odlučivati poput nekakvog onog da ne kažem kućnog savjeta, Europska komisija će biti koordinator itd.",HR,test_file,600,100526,600,nije_dostupno_iz_izvora,ispitivanje,Negative,nije_dostupno_iz_izvora,nije_dostupno_iz_izvora,Negative,jedan_uvjezbani_koder
test-0601,"Između ostalog, suradnjom u problemima Mediterana, sagledavanjem tog kao regionalnog problema i kolokvija koji su se na tu temu vodili.",HR,test_file,601,31551,601,nije_dostupno_iz_izvora,ispitivanje,M_Positive,nije_dostupno_iz_izvora,nije_dostupno_iz_izvora,Positive,jedan_uvjezbani_koder
test-0602,"Gospodine potpredsjedniče Hrvatskoga sabora, poštovane dame i gospodo zastupnici zahvaljujem na vašoj pozornosti.",HR,test_file,602,45421,602,nije_dostupno_iz_izvora,ispitivanje,Positive,nije_dostupno_iz_izvora,nije_dostupno_iz_izvora,Positive,jedan_uvjezbani_koder
test-0603,"I zato imamo dvije slike u hrvatskoj, onu stvarnu i onu koju pokušava nametnuti taj jedan dio medija.",HR,test_file,603,80200,603,nije_dostupno_iz_izvora,ispitivanje,Negative,nije_dostupno_iz_izvora,nije_dostupno_iz_izvora,Negative,jedan_uvjezbani_koder
test-0605,"Ali ono što ja vas pitam, dakle ja kao liječnik sam kroz određeno vrijeme od kad sam u ovakvoj vrsti politike, ne lokalnoj, ipak imala saznanja da se nešto tu dešava.",HR,test_file,605,79355,605,nije_dostupno_iz_izvora,ispitivanje,M_Negative,nije_dostupno_iz_izvora,nije_dostupno_iz_izvora,Negative,jedan_uvjezbani_koder
test-0607,"Gubitke prikazuje kao dobitke, poraze pošto po to želi prikazati kao pobjede, krive poteze kao ispravne i jedino moguće.",HR,test_file,607,35832,607,nije_dostupno_iz_izvora,ispitivanje,Negative,nije_dostupno_iz_izvora,nije_dostupno_iz_izvora,Negative,jedan_uvjezbani_koder
test-0609,Tada smo izračunali da je potrebno 73 godine da izgradimo istočni regionalno vodovod.,HR,test_file,609,49172,609,nije_dostupno_iz_izvora,ispitivanje,Negative,nije_dostupno_iz_izvora,nije_dostupno_iz_izvora,Negative,jedan_uvjezbani_koder
test-0611,"Najveći udio u troškovima i dalje ima prehrana sa 36%, stanovanje sa 28%, obrazovanje i kultura negdje oko 12%.",HR,test_file,611,26425,611,nije_dostupno_iz_izvora,ispitivanje,N_Neutral,nije_dostupno_iz_izvora,nije_dostupno_iz_izvora,Neutral,jedan_uvjezbani_koder
test-0614,"Jedna je da porez na sezonski posao 12% da nije predloženo bila bi čitava halabuka, predloženo nitko ne spominje.",HR,test_file,614,104239,614,nije_dostupno_iz_izvora,ispitivanje,Negative,nije_dostupno_iz_izvora,nije_dostupno_iz_izvora,Negative,jedan_uvjezbani_koder
test-0615,A pritom uopće ni u kojem obliku nije povećao plaće ljudi koji rade za minimalac ili za prosječne plaće i koji danas predstavljaju na žalost socijalnu kategoriju.,HR,test_file,615,4313,615,nije_dostupno_iz_izvora,ispitivanje,Negative,nije_dostupno_iz_izvora,nije_dostupno_iz_izvora,Negative,jedan_uvjezbani_koder
test-0617,"Evo i sad, danas sam čitao kako se djeca ne znam probijaju kroz snijeg, idu pješice u školu ko na nekakvom Igmanskom maršu.",HR,test_file,617,26997,617,nije_dostupno_iz_izvora,ispitivanje,Negative,nije_dostupno_iz_izvora,nije_dostupno_iz_izvora,Negative,jedan_uvjezbani_koder
test-0618,"Ja moram reći da to govorite krivo, jer sva trgovačka društva svih jedinica lokalne samouprave su konsolidirani u proračunima, dakle već postoje obveze.",HR,test_file,618,44140,618,nije_dostupno_iz_izvora,ispitivanje,M_Negative,nije_dostupno_iz_izvora,nije_dostupno_iz_izvora,Negative,jedan_uvjezbani_koder
test-0619,O tome ću malo kasnije jer sam dobio primjedbe župana Dubrovačko-neretvanske županije kada je u pitanju izmjena i dopuna strategije prostornog uređenja.,HR,test_file,619,41466,619,nije_dostupno_iz_izvora,ispitivanje,M_Negative,nije_dostupno_iz_izvora,nije_dostupno_iz_izvora,Negative,jedan_uvjezbani_koder
test-0620,"Ni za jedan predmet, ovo je sada svedeno na 30 najvećih dužnika.",HR,test_file,620,104599,620,nije_dostupno_iz_izvora,ispitivanje,Negative,nije_dostupno_iz_izvora,nije_dostupno_iz_izvora,Negative,jedan_uvjezbani_koder
test-0622,Ne znam da li je u tom iznosu planirano i uvođenje druge redovne brzobrodske linije na području Primorske-goranske županije?,HR,test_file,622,4272,622,nije_dostupno_iz_izvora,ispitivanje,P_Neutral,nije_dostupno_iz_izvora,nije_dostupno_iz_izvora,Neutral,jedan_uvjezbani_koder
test-0623,Ono što je predlagač danas govorio da se u odnosu na rad Državnog odvjetništva predlažu izmjene kojima je cilj dodatno uravnotežiti zahtjev za učinkovitošću kaznenog progona.,HR,test_file,623,34017,623,nije_dostupno_iz_izvora,ispitivanje,N_Neutral,nije_dostupno_iz_izvora,nije_dostupno_iz_izvora,Neutral,jedan_uvjezbani_koder
test-0627,"Nadalje, programi u pripremi na koje se referira izvješće također govore o senzibilizilnosti koje su ovo izvješće i planove sačinjavali da prepoznaju probleme i da za njih nađu neke odgovore u svojim aktivnostima.",HR,test_file,627,21158,627,nije_dostupno_iz_izvora,ispitivanje,P_Neutral,nije_dostupno_iz_izvora,nije_dostupno_iz_izvora,Neutral,jedan_uvjezbani_koder
test-0628,Prema tome za ovaj uvodni dio ja ću vas doista zamoliti iako j ebila priličan promet oko ove govornice dok sam ja iznosio stavove nas kao predlagača oko ovoga zakona.,HR,test_file,628,3451,628,nije_dostupno_iz_izvora,ispitivanje,M_Negative,nije_dostupno_iz_izvora,nije_dostupno_iz_izvora,Negative,jedan_uvjezbani_koder
test-0629,Jedino mi to nije jasno kada svi o gospođi Slonjšak govorimo u superlativima.,HR,test_file,629,520,629,nije_dostupno_iz_izvora,ispitivanje,M_Negative,nije_dostupno_iz_izvora,nije_dostupno_iz_izvora,Negative,jedan_uvjezbani_koder
test-0630,I sada ti koji su dobili taj novac a koji se ne isplati tužiti će Hrvatsku državu 2 milijarde kuna.,HR,test_file,630,31754,630,nije_dostupno_iz_izvora,ispitivanje,Negative,nije_dostupno_iz_izvora,nije_dostupno_iz_izvora,Negative,jedan_uvjezbani_koder
test-0632,"To su veliki zaokreti, ali to je dobro za svih, jer obrazovanje ulazi u svaku kuću i to se jedna nova svijest javlja koja stvarno govori da možemo ove projekte dovesti kraju.",HR,test_file,632,7671,632,nije_dostupno_iz_izvora,ispitivanje,Positive,nije_dostupno_iz_izvora,nije_dostupno_iz_izvora,Positive,jedan_uvjezbani_koder
test-0636,Ne želi se suočiti s ocjenom izvješća Vijeća Europe da Daruvar krši povelju o regionalnim jezicima a time i Republiku Hrvatsku dovodi u poziciju neprovođenja povelje.,HR,test_file,636,59441,636,nije_dostupno_iz_izvora,ispitivanje,Negative,nije_dostupno_iz_izvora,nije_dostupno_iz_izvora,Negative,jedan_uvjezbani_koder
test-0637,Napominjem da ste kao ministar samo jednom odlukom mogli vratiti pravo na vraćanje naknade putnih troškova pacijentima koji se liječe 100 kilometara od mjesta boravka.,HR,test_file,637,70526,637,nije_dostupno_iz_izvora,ispitivanje,Negative,nije_dostupno_iz_izvora,nije_dostupno_iz_izvora,Negative,jedan_uvjezbani_koder
test-0638,A kad ste govorili o siromaštvu o kojemu smo danas evo puno govorili.,HR,test_file,638,112072,638,nije_dostupno_iz_izvora,ispitivanje,Negative,nije_dostupno_iz_izvora,nije_dostupno_iz_izvora,Negative,jedan_uvjezbani_koder
test-0640,"Pripremne radnje su opisane, čini mi se, dovoljno.",HR,test_file,640,15001,640,nije_dostupno_iz_izvora,ispitivanje,Positive,nije_dostupno_iz_izvora,nije_dostupno_iz_izvora,Positive,jedan_uvjezbani_koder
test-0642,"I dalje bio je pokušaj da se rastereti gospodarstvo mjerom da se smanji, ovo je jedan primjer, da se smanji doprinos za zdravstveno osiguranje sa 15 na 13%.",HR,test_file,642,38747,642,nije_dostupno_iz_izvora,ispitivanje,M_Positive,nije_dostupno_iz_izvora,nije_dostupno_iz_izvora,Positive,jedan_uvjezbani_koder
test-0643,"Pa ustvari danas vodimo jednu onako živahnu raspravu ovdje u Hrvatskom saboru, a povodom izvješća pravobraniteljice za prošlu godinu.",HR,test_file,643,9084,643,nije_dostupno_iz_izvora,ispitivanje,P_Neutral,nije_dostupno_iz_izvora,nije_dostupno_iz_izvora,Neutral,jedan_uvjezbani_koder
test-0646,"Odredbe Zakona o reguliranim profesijama i priznavanju inozemnih stručnih kvalifikacija neće se primjenjivati na pomorce, jer je postupak priznavanja njihovih stručnih kvalifikacija reguliran posebnim propisima.",HR,test_file,646,39625,646,nije_dostupno_iz_izvora,ispitivanje,N_Neutral,nije_dostupno_iz_izvora,nije_dostupno_iz_izvora,Neutral,jedan_uvjezbani_koder
test-0651,"Pribor za pisanje, dakle, spravak, šilo i papir složen u prospektnu mapu 300 kuna, a obična plastična folija za reljefno crtanje podešena za njihove potrebe, jedna kutijica 90 kuna.",HR,test_file,651,20819,651,nije_dostupno_iz_izvora,ispitivanje,Negative,nije_dostupno_iz_izvora,nije_dostupno_iz_izvora,Negative,jedan_uvjezbani_koder
test-0653,"Imat ćete odličan BDP, odličan, samo je pitanje tko će živjeti u takvoj državi, tko će ostat?",HR,test_file,653,60060,653,nije_dostupno_iz_izvora,ispitivanje,Negative,nije_dostupno_iz_izvora,nije_dostupno_iz_izvora,Negative,jedan_uvjezbani_koder
test-0654,"Nastojimo urediti probacijski sustav, a probacija predstavlja izvaninstitucionalni okvir, odnosno tretman počinitelja kaznenih djela za koje je procijenjeno da ih nije potrebno izdvajati iz socijalne sredine.",HR,test_file,654,24172,654,nije_dostupno_iz_izvora,ispitivanje,N_Neutral,nije_dostupno_iz_izvora,nije_dostupno_iz_izvora,Neutral,jedan_uvjezbani_koder
test-0655,Ministar branitelja gospodin Predrag Matić osnovao je radnu skupinu koja je ne samo za objavu pripremanje zakonskih osnova za objavu jedinstvenog registra nego i preispitivanje onih odredaba zakona koje bi se mogle poboljšati.,HR,test_file,655,10727,655,nije_dostupno_iz_izvora,ispitivanje,P_Neutral,nije_dostupno_iz_izvora,nije_dostupno_iz_izvora,Neutral,jedan_uvjezbani_koder
test-0656,"Mislim vi u Amsterdamu, ne možete naći slobodan krevet tokom cijele godine, ne.",HR,test_file,656,82412,656,nije_dostupno_iz_izvora,ispitivanje,M_Negative,nije_dostupno_iz_izvora,nije_dostupno_iz_izvora,Negative,jedan_uvjezbani_koder
test-0657,"Ali ću vam reći zašto je došlo do smanjenja, a vi to isto tako vjerujem pretpostavljam znate, došlo je do smanjenja upravo zbog toga što je drugačija dinamika, dinamika izvršenja proračuna.",HR,test_file,657,12664,657,nije_dostupno_iz_izvora,ispitivanje,M_Negative,nije_dostupno_iz_izvora,nije_dostupno_iz_izvora,Negative,jedan_uvjezbani_koder
test-0659,A dečkima u Istri koji su bacili neku narančastu boju na vrata IDS-a poručujem da to ubuduće to čine sa crvenom.,HR,test_file,659,70351,659,nije_dostupno_iz_izvora,ispitivanje,Negative,nije_dostupno_iz_izvora,nije_dostupno_iz_izvora,Negative,jedan_uvjezbani_koder
test-0666,E sad se postavlja pitanje koliko građana je došlo do zida da nije imalo volje niti saborskom odboru poslati predstavku.,HR,test_file,666,4022,666,nije_dostupno_iz_izvora,ispitivanje,Negative,nije_dostupno_iz_izvora,nije_dostupno_iz_izvora,Negative,jedan_uvjezbani_koder
test-0668,Ja sam uvjeren da ona zna što ona dole radi.,HR,test_file,668,39245,668,nije_dostupno_iz_izvora,ispitivanje,M_Positive,nije_dostupno_iz_izvora,nije_dostupno_iz_izvora,Positive,jedan_uvjezbani_koder
test-0671,"Da, hrvatski narod u BiH je konstitutivan narod i baš zato što je konstitutivan narod može se brinuti i treba se brinuti o samom sebi i o svom položaju.",HR,test_file,671,121687,671,nije_dostupno_iz_izvora,ispitivanje,Positive,nije_dostupno_iz_izvora,nije_dostupno_iz_izvora,Positive,jedan_uvjezbani_koder
test-0672,Kolega Staziću ponukali ste me da proširim zapravo vašu temu na jedno kompletnije nerazumijevanje od strane onih koji bi trebali razumjeti što su danas informacije i što je danas znanje.,HR,test_file,672,62623,672,nije_dostupno_iz_izvora,ispitivanje,Negative,nije_dostupno_iz_izvora,nije_dostupno_iz_izvora,Negative,jedan_uvjezbani_koder
test-0674,"A onda bih u drugom dijelu ipak se koncentrirao na onaj, meni posebno blizak problem a to je problem Bošnjačke manjine u Republici Hrvatskoj.",HR,test_file,674,3699,674,nije_dostupno_iz_izvora,ispitivanje,M_Negative,nije_dostupno_iz_izvora,nije_dostupno_iz_izvora,Negative,jedan_uvjezbani_koder
test-0677,"Što Ministarstvo obitelji, branitelja i međugeneracijske solidarnosti čini za promoviranje djelatnosti zadruga hrvatskih branitelja i kako ministarstvo može pomoći braniteljskim zadrugama u zajedničkom nastupu na tržištu kako bi oni bili što uspješniji?",HR,test_file,677,20046,677,nije_dostupno_iz_izvora,ispitivanje,P_Neutral,nije_dostupno_iz_izvora,nije_dostupno_iz_izvora,Neutral,jedan_uvjezbani_koder
test-0679,"Imamo primjer sa autocestama, Zagreb-Macelj, mi subvencioniramo to.",HR,test_file,679,32131,679,nije_dostupno_iz_izvora,ispitivanje,P_Neutral,nije_dostupno_iz_izvora,nije_dostupno_iz_izvora,Neutral,jedan_uvjezbani_koder
test-0681,Ja mislim da izolacija znači vrlo jasno da ne može doći do situacije …/Upadica: Hvala./… da može ugroziti nekoga.,HR,test_file,681,199366,681,nije_dostupno_iz_izvora,ispitivanje,M_Negative,nije_dostupno_iz_izvora,nije_dostupno_iz_izvora,Negative,jedan_uvjezbani_koder
test-0682,"Svi smo protiv doprinosa, ali jedna zajednica na tome naprosto počiva.",HR,test_file,682,43407,682,nije_dostupno_iz_izvora,ispitivanje,M_Negative,nije_dostupno_iz_izvora,nije_dostupno_iz_izvora,Negative,jedan_uvjezbani_koder
test-0683,Kad govorite o granicama sa BiH to je druga država.,HR,test_file,683,80723,683,nije_dostupno_iz_izvora,ispitivanje,N_Neutral,nije_dostupno_iz_izvora,nije_dostupno_iz_izvora,Neutral,jedan_uvjezbani_koder
test-0686,Unatoč tomeš to predlagatelj kaže da se radi o prijedlogu Krovnog zakona.,HR,test_file,686,22606,686,nije_dostupno_iz_izvora,ispitivanje,N_Neutral,nije_dostupno_iz_izvora,nije_dostupno_iz_izvora,Neutral,jedan_uvjezbani_koder
test-0688,I jako nam dobro dođe takva jedna korisnik jedne savjetodavne službe jer morate nekog nešto pitati.,HR,test_file,688,49534,688,nije_dostupno_iz_izvora,ispitivanje,M_Positive,nije_dostupno_iz_izvora,nije_dostupno_iz_izvora,Positive,jedan_uvjezbani_koder
test-0689,Ali i jasno da će kontroliranje prekomjernog deficita itekako utjecati i na kamatne stope koje će Republika Hrvatska plaćati na kredite ali isto tako i na obveznice.,HR,test_file,689,67304,689,nije_dostupno_iz_izvora,ispitivanje,Negative,nije_dostupno_iz_izvora,nije_dostupno_iz_izvora,Negative,jedan_uvjezbani_koder
test-0691,"Znači ovim izmjenom zakona, tj. Direktivom EU, zabranjuje se ubijanje dlakave i pernate divljači dok uzgaja svoju mladunčad.",HR,test_file,691,39988,691,nije_dostupno_iz_izvora,ispitivanje,N_Neutral,nije_dostupno_iz_izvora,nije_dostupno_iz_izvora,Neutral,jedan_uvjezbani_koder
test-0695,"Da li kroz popunjavanjem određenih niša kvalitete recimo, da mi jačamo vojnu policiju itd.",HR,test_file,695,79294,695,nije_dostupno_iz_izvora,ispitivanje,M_Positive,nije_dostupno_iz_izvora,nije_dostupno_iz_izvora,Positive,jedan_uvjezbani_koder
test-0698,"Majstoru se navratio itd.“ I uglavnom stvar je o tome kaže – a što želiš to ti budi, ide vrijeme dođe rok, eto vraga skok na skok.",HR,test_file,698,59843,698,nije_dostupno_iz_izvora,ispitivanje,Negative,nije_dostupno_iz_izvora,nije_dostupno_iz_izvora,Negative,jedan_uvjezbani_koder
test-0699,"Najveći bedemi ili zaštita nekog društva od njegove erozije, anarhije, rasapa, gubljenja jednog moralnog temelja, općedruštvenog moralnog temelja nastaje onda kada se uruše njegovi zakoni.",HR,test_file,699,46830,699,nije_dostupno_iz_izvora,ispitivanje,M_Negative,nije_dostupno_iz_izvora,nije_dostupno_iz_izvora,Negative,jedan_uvjezbani_koder
test-0700,Iza nas je definitivno jedna teška godina u kojoj je Hrvatska nažalost nazadovala na mnogim važnim ljestvicama.,HR,test_file,700,107815,700,nije_dostupno_iz_izvora,ispitivanje,Negative,nije_dostupno_iz_izvora,nije_dostupno_iz_izvora,Negative,jedan_uvjezbani_koder
test-0702,U sklopu pitanja informacijske sigurnosti i problematike zaštite osobnih podataka u javnosti je postavila pitanje prikupljanja podataka od vlasnika mobilnih telefona.,HR,test_file,702,69968,702,nije_dostupno_iz_izvora,ispitivanje,N_Neutral,nije_dostupno_iz_izvora,nije_dostupno_iz_izvora,Neutral,jedan_uvjezbani_koder
test-0704,"Da li je to Federacija, da li je to Srpska Republika i ova Deklaracija bi se trebala odnositi i na Srpsku Republiku i Federaciju.",HR,test_file,704,121609,704,nije_dostupno_iz_izvora,ispitivanje,N_Neutral,nije_dostupno_iz_izvora,nije_dostupno_iz_izvora,Neutral,jedan_uvjezbani_koder
test-0706,Nešto je manje kaznenih djela vezanih uz zloporabu droga i krijumčarenje nego u protekle tri godine.,HR,test_file,706,62046,706,nije_dostupno_iz_izvora,ispitivanje,M_Positive,nije_dostupno_iz_izvora,nije_dostupno_iz_izvora,Positive,jedan_uvjezbani_koder
test-0707,"Znači radi se o pet zakona koje ću ja sad ovdje obrazložiti, svih pet odjedanput jer nema smisla svakoga pojedinačno jer su izmjene iste u svim zakonima.",HR,test_file,707,70555,707,nije_dostupno_iz_izvora,ispitivanje,P_Neutral,nije_dostupno_iz_izvora,nije_dostupno_iz_izvora,Neutral,jedan_uvjezbani_koder
test-0711,"Dakle, jedna stvar koja je, zatim upozorili su me građani iz južnog djela Hrvatske na pojačani ulazak u RH iz BiH nakon objave ovoga u Mostaru da je pozitivan bez samoizolacije.",HR,test_file,711,189482,711,nije_dostupno_iz_izvora,ispitivanje,Negative,nije_dostupno_iz_izvora,nije_dostupno_iz_izvora,Negative,jedan_uvjezbani_koder
test-0714,"Ali dozvolite mi, mi smo kroz provođenje ovog natječaja uočili određene probleme zbog čega se limitira i smanjuje mogućnost odabira određenog broja projekata.",HR,test_file,714,85379,714,nije_dostupno_iz_izvora,ispitivanje,Negative,nije_dostupno_iz_izvora,nije_dostupno_iz_izvora,Negative,jedan_uvjezbani_koder
test-0715,Broj oštećenih osoba ženskoga spola je u 2003. godini bio oko 67%.,HR,test_file,715,22352,715,nije_dostupno_iz_izvora,ispitivanje,Negative,nije_dostupno_iz_izvora,nije_dostupno_iz_izvora,Negative,jedan_uvjezbani_koder
test-0717,Ovdje je bilo i par kritičkih osvrta na to da smo povratnu informaciju odnosno povratni zahtjev prema nama trebali imati i od vas kao saborskih zastupnika i nadamo se da će to ubuduće biti.,HR,test_file,717,120554,717,nije_dostupno_iz_izvora,ispitivanje,M_Negative,nije_dostupno_iz_izvora,nije_dostupno_iz_izvora,Negative,jedan_uvjezbani_koder
test-0718,"Ali u najvećem slučaju, odnosno u najboljem slučaju da prekorači te granice rješavanja tih međuljudskih odnosa.",HR,test_file,718,89176,718,nije_dostupno_iz_izvora,ispitivanje,M_Positive,nije_dostupno_iz_izvora,nije_dostupno_iz_izvora,Positive,jedan_uvjezbani_koder
test-0719,I na kraju krajeva to će vam reći 99% ljudi u carini koji se bave tim poslom da tako treba napraviti.,HR,test_file,719,44511,719,nije_dostupno_iz_izvora,ispitivanje,Positive,nije_dostupno_iz_izvora,nije_dostupno_iz_izvora,Positive,jedan_uvjezbani_koder
test-0720,"U Izvješću je vidljiv iznos sredstava osiguran za projekte pojedinih udruga, ali nije naveden ni jedan primjer konkretnog doprinosa pojedinog projekta provedbi Nacionalne strategije suzbijanja zlouporabe opojnih droga u Republici Hrvatskoj.",HR,test_file,720,50914,720,nije_dostupno_iz_izvora,ispitivanje,M_Negative,nije_dostupno_iz_izvora,nije_dostupno_iz_izvora,Negative,jedan_uvjezbani_koder
test-0722,A u Ustavu se jasno propisuje da se između ostaloga osobni podaci mogu koristiti ili na osnovu vlastite privole ispitanika ili ako je to utvrđeno zakonom uz uvjete i određene zakonom.,HR,test_file,722,83567,722,nije_dostupno_iz_izvora,ispitivanje,P_Neutral,nije_dostupno_iz_izvora,nije_dostupno_iz_izvora,Neutral,jedan_uvjezbani_koder
test-0723,"I po meni bi trebalo dozvolit tim ljudima da za drže to oružje, ali da se prijavi, da se zna da ima oružje čovjek.",HR,test_file,723,26268,723,nije_dostupno_iz_izvora,ispitivanje,M_Positive,nije_dostupno_iz_izvora,nije_dostupno_iz_izvora,Positive,jedan_uvjezbani_koder
test-0724,"Glavna tema u našoj raspravi prije ovih saborskih rasprava i prije saborske rasprave je bilo smanjiti, da li smanjiti, da li smanjuje javna potrošnja.",HR,test_file,724,57488,724,nije_dostupno_iz_izvora,ispitivanje,N_Neutral,nije_dostupno_iz_izvora,nije_dostupno_iz_izvora,Neutral,jedan_uvjezbani_koder
test-0725,"Dakle, sama definicija pojma klasificiranih podataka, njihovo stupnjevanje i razlikovanje od neklasificiranih podataka te osnovna načela u pogledu pristupa takovim podacima.",HR,test_file,725,85621,725,nije_dostupno_iz_izvora,ispitivanje,P_Neutral,nije_dostupno_iz_izvora,nije_dostupno_iz_izvora,Neutral,jedan_uvjezbani_koder
test-0728,Ovaj ekonomski regulator kao i na području drugih tržnih industrija se ogleda prije svega u pripremi i osiguranju uvjeta na tržištu.,HR,test_file,728,68275,728,nije_dostupno_iz_izvora,ispitivanje,P_Neutral,nije_dostupno_iz_izvora,nije_dostupno_iz_izvora,Neutral,jedan_uvjezbani_koder
test-0729,"Kako imovinom namiriti svoje dugove, imovinom koju moramo prodati, dionicama koje moramo prodati, ali onda uvijek ide teza, sad je kriza, nije vrijeme, nije ovo, nije ono.",HR,test_file,729,59562,729,nije_dostupno_iz_izvora,ispitivanje,Negative,nije_dostupno_iz_izvora,nije_dostupno_iz_izvora,Negative,jedan_uvjezbani_koder
test-0730,Za koliko novaca je oštetila sa tim potezom Hrvatsku državu.,HR,test_file,730,34487,730,nije_dostupno_iz_izvora,ispitivanje,Negative,nije_dostupno_iz_izvora,nije_dostupno_iz_izvora,Negative,jedan_uvjezbani_koder
test-0731,"Dakle, nikakvo uporište u Poslovniku nema osim što ste i sami rekli, prakse koja nije i moja praksa.",HR,test_file,731,73541,731,nije_dostupno_iz_izvora,ispitivanje,Negative,nije_dostupno_iz_izvora,nije_dostupno_iz_izvora,Negative,jedan_uvjezbani_koder
test-0732,Poštovane kolege vi vladajući razmislite da li trebate dići ruku za ovaj zakon jer izvještaj o monitoringu koji će uslijediti u listopadu bit će ključan.,HR,test_file,732,10130,732,nije_dostupno_iz_izvora,ispitivanje,M_Negative,nije_dostupno_iz_izvora,nije_dostupno_iz_izvora,Negative,jedan_uvjezbani_koder
test-0734,Pa zar stvarno netko misli da premijer Plenković u ovu godinu dana je imao ikakvu mogućnost nešto dati Agrokoru ili dobiti od Agrokora?,HR,test_file,734,58484,734,nije_dostupno_iz_izvora,ispitivanje,M_Negative,nije_dostupno_iz_izvora,nije_dostupno_iz_izvora,Negative,jedan_uvjezbani_koder
test-0735,"Recimo kada sam ja studirala, na mom fakultetu, uopće nije moglo biti izvanrednog studiranja i nije se moglo taj fakultet uopće studirati u rad.",HR,test_file,735,86502,735,nije_dostupno_iz_izvora,ispitivanje,Negative,nije_dostupno_iz_izvora,nije_dostupno_iz_izvora,Negative,jedan_uvjezbani_koder
test-0740,"Zatim, postoje ekonomski instrumenti, nadzor, prekršaji i novčane kazne.",HR,test_file,740,6810,740,nije_dostupno_iz_izvora,ispitivanje,N_Neutral,nije_dostupno_iz_izvora,nije_dostupno_iz_izvora,Neutral,jedan_uvjezbani_koder
test-0741,I stoga i ovom prilikom apel da se konačno pristupi ubrzanju postupka i stvaranja uvjeta za posvojenje.,HR,test_file,741,93671,741,nije_dostupno_iz_izvora,ispitivanje,M_Positive,nije_dostupno_iz_izvora,nije_dostupno_iz_izvora,Positive,jedan_uvjezbani_koder
test-0742,"Uzeo sam za primjer Švicarsku o kojoj se svi stalno pozivamo, koja je dobila i nagradu kao najbolja država u smislu sigurnosti prometa na cestama koja ima 7,5 milijuna stanovnika.",HR,test_file,742,139911,742,nije_dostupno_iz_izvora,ispitivanje,Positive,nije_dostupno_iz_izvora,nije_dostupno_iz_izvora,Positive,jedan_uvjezbani_koder
test-0743,Predlagač smatra da bi ukidanje obaveznog roka dovelo do znatnih ušteda.,HR,test_file,743,20233,743,nije_dostupno_iz_izvora,ispitivanje,Positive,nije_dostupno_iz_izvora,nije_dostupno_iz_izvora,Positive,jedan_uvjezbani_koder
test-0745,Mladi bez iskustva naprosto su preskupi poslodavcima jer im u prvih godinu ili više dana teško mogu ostvarivati vrijednost.,HR,test_file,745,7837,745,nije_dostupno_iz_izvora,ispitivanje,Negative,nije_dostupno_iz_izvora,nije_dostupno_iz_izvora,Negative,jedan_uvjezbani_koder
test-0746,"Kako se možemo uspoređivat sa normalnim državama kad u tom kaosu, katastarskom kaosu i neriješenih problema sa zemljišnim knjigama.",HR,test_file,746,85425,746,nije_dostupno_iz_izvora,ispitivanje,Negative,nije_dostupno_iz_izvora,nije_dostupno_iz_izvora,Negative,jedan_uvjezbani_koder
test-0750,Da su štiteći dignitet Domovinskog rata ali i branitelja nastojali donjeti zakone koji su u tom trenutku doista najkvalitetniji.,HR,test_file,750,7602,750,nije_dostupno_iz_izvora,ispitivanje,Positive,nije_dostupno_iz_izvora,nije_dostupno_iz_izvora,Positive,jedan_uvjezbani_koder
test-0751,I ne može sada on zaobilazno sa strancima ulaziti u našu zemlju.,HR,test_file,751,26732,751,nije_dostupno_iz_izvora,ispitivanje,Negative,nije_dostupno_iz_izvora,nije_dostupno_iz_izvora,Negative,jedan_uvjezbani_koder
test-0752,"Ono što znamo i vi i ja da postoje interesi nekih kreditora, da zapravo se Agrokor održi, da se digne, da nastavi dalje.",HR,test_file,752,36223,752,nije_dostupno_iz_izvora,ispitivanje,M_Positive,nije_dostupno_iz_izvora,nije_dostupno_iz_izvora,Positive,jedan_uvjezbani_koder
test-0755,Pritom je posebno istaknuto omogućavanje tužiteljima azila podnošenje žalbe protiv prvostupanjske odluke Povjerenstva za azil te mogućnosti pravne zaštite u postupku pred Upravnim sudom.,HR,test_file,755,90419,755,nije_dostupno_iz_izvora,ispitivanje,M_Positive,nije_dostupno_iz_izvora,nije_dostupno_iz_izvora,Positive,jedan_uvjezbani_koder
test-0756,"Singapurski ugovor o pravu žiga usvojen je 27. ožujka 2006. godine, a na diplomatskoj konferenciji u Singapuru konsenzusom država članica Svjetske organizacije za intelektualno vlasništvo.",HR,test_file,756,64276,756,nije_dostupno_iz_izvora,ispitivanje,P_Neutral,nije_dostupno_iz_izvora,nije_dostupno_iz_izvora,Neutral,jedan_uvjezbani_koder
test-0760,"Imaš uloženo nešto, imaš marže, PDV i sve to skupa čini cijenu koju onda predstavljaš svome kupcu.",HR,test_file,760,59494,760,nije_dostupno_iz_izvora,ispitivanje,P_Neutral,nije_dostupno_iz_izvora,nije_dostupno_iz_izvora,Neutral,jedan_uvjezbani_koder
test-0761,"Hvala lijepo gospodine predsjedniče, štovane dame i gospodo zastupnici.",HR,test_file,761,15705,761,nije_dostupno_iz_izvora,ispitivanje,P_Neutral,nije_dostupno_iz_izvora,nije_dostupno_iz_izvora,Neutral,jedan_uvjezbani_koder
test-0762,"Druga, drugi prijedlog koji bih uputio odnosi se na sektor pravosuđa, te ću zamoliti uvaženog državnog tajnika da o istome uvaži ministra pravosuđa.",HR,test_file,762,192800,762,nije_dostupno_iz_izvora,ispitivanje,P_Neutral,nije_dostupno_iz_izvora,nije_dostupno_iz_izvora,Neutral,jedan_uvjezbani_koder
test-0763,U tako nerazumnom roku spremnu dokumentaciju imaju samo ti povlašteni ponuđači.,HR,test_file,763,165605,763,nije_dostupno_iz_izvora,ispitivanje,Negative,nije_dostupno_iz_izvora,nije_dostupno_iz_izvora,Negative,jedan_uvjezbani_koder
test-0766,Ako postoje neki sportovi specifični za neku sredinu onda će se u toj sredini više ulagati u njih.,HR,test_file,766,13635,766,nije_dostupno_iz_izvora,ispitivanje,P_Neutral,nije_dostupno_iz_izvora,nije_dostupno_iz_izvora,Neutral,jedan_uvjezbani_koder
test-0767,"Vlada Republike Hrvatske ima pravo i obvezu u interesu financijske održivosti zdravstvenog sustava predlagati nove zakone, ili pak izmjene i dopune postojećih zakonskih rješenja.",HR,test_file,767,63293,767,nije_dostupno_iz_izvora,ispitivanje,P_Neutral,nije_dostupno_iz_izvora,nije_dostupno_iz_izvora,Neutral,jedan_uvjezbani_koder
test-0769,"Nema ministra koji na današnjoj sjednici Vlade nije najavio novo zapošljavanje u svom resoru, nema tog ministra.",HR,test_file,769,1359,769,nije_dostupno_iz_izvora,ispitivanje,M_Negative,nije_dostupno_iz_izvora,nije_dostupno_iz_izvora,Negative,jedan_uvjezbani_koder
test-0771,"Također, tu mi nismo posebno spominjali, ali tu se radi o drugim manjinama.",HR,test_file,771,62382,771,nije_dostupno_iz_izvora,ispitivanje,P_Neutral,nije_dostupno_iz_izvora,nije_dostupno_iz_izvora,Neutral,jedan_uvjezbani_koder
test-0773,"Gospodine kolega još vam jedanput govorim, meni bi bilo draže da ja mogu 100% prihvatiti prijedlog vašega zakona.",HR,test_file,773,33218,773,nije_dostupno_iz_izvora,ispitivanje,M_Negative,nije_dostupno_iz_izvora,nije_dostupno_iz_izvora,Negative,jedan_uvjezbani_koder
test-0776,"Što Vlada nudi kao rješenje nadzora cijena, Vlada poziva trgovce na čast, što je doista vrlo neozbiljno i u stvari pokazuje o kakvoj naivnosti se ovdje radi, ustvari o štetnoj politici.",HR,test_file,776,103937,776,nije_dostupno_iz_izvora,ispitivanje,Negative,nije_dostupno_iz_izvora,nije_dostupno_iz_izvora,Negative,jedan_uvjezbani_koder
test-0777,"Vi kažete omogućit ćemo građanima, kako će omogućit, pa to je jedan od načina kako ćemo omogućiti građanima.",HR,test_file,777,90783,777,nije_dostupno_iz_izvora,ispitivanje,M_Positive,nije_dostupno_iz_izvora,nije_dostupno_iz_izvora,Positive,jedan_uvjezbani_koder
test-0780,A mi moramo gledati koliko su oni za televizorom i što gledaju.,HR,test_file,780,50329,780,nije_dostupno_iz_izvora,ispitivanje,M_Negative,nije_dostupno_iz_izvora,nije_dostupno_iz_izvora,Negative,jedan_uvjezbani_koder
test-0781,Što je isto bio slučaj u Hrvatskoj prije početka krize.,HR,test_file,781,4373,781,nije_dostupno_iz_izvora,ispitivanje,M_Negative,nije_dostupno_iz_izvora,nije_dostupno_iz_izvora,Negative,jedan_uvjezbani_koder
test-0782,"Ispravno ste detektirali jednu povredu Poslovnika, a to je ona koja se odnosi na govor izvan teme.",HR,test_file,782,80166,782,nije_dostupno_iz_izvora,ispitivanje,M_Negative,nije_dostupno_iz_izvora,nije_dostupno_iz_izvora,Negative,jedan_uvjezbani_koder
test-0784,"Nažalost ima jako puno županija koje imaju negativan omjer, znači imaju puno više neaktivnih zona nego što imaju aktivnih.",HR,test_file,784,45399,784,nije_dostupno_iz_izvora,ispitivanje,Negative,nije_dostupno_iz_izvora,nije_dostupno_iz_izvora,Negative,jedan_uvjezbani_koder
test-0785,"Znači plaće mogu biti niske, a BDP može rasti, nezaposlenost može biti visoka, a BDP može rasti.",HR,test_file,785,172327,785,nije_dostupno_iz_izvora,ispitivanje,Negative,nije_dostupno_iz_izvora,nije_dostupno_iz_izvora,Negative,jedan_uvjezbani_koder
test-0786,"Kad govorimo o ovom Izvješću meni se nakon što sam ga pročitao nameću dva osnovna zaključka, a prvo je da se robnim zalihama od 2007. upravljalo manirom lošeg gospodara.",HR,test_file,786,19569,786,nije_dostupno_iz_izvora,ispitivanje,Negative,nije_dostupno_iz_izvora,nije_dostupno_iz_izvora,Negative,jedan_uvjezbani_koder
test-0788,"Pa u neku ruku ima veze sa zakonom, obzirom da je jedan od razloga koji se navode za izmjene i dopune ovoga zakona je upravo da se rastereti Državno odvjetništvo.",HR,test_file,788,34288,788,nije_dostupno_iz_izvora,ispitivanje,M_Positive,nije_dostupno_iz_izvora,nije_dostupno_iz_izvora,Positive,jedan_uvjezbani_koder
test-0789,Ovaj rebalans koji se inače donosi uvijek kada nastupe i rebalans je posljedica nastupanja izvanrednih okolnosti.,HR,test_file,789,74802,789,nije_dostupno_iz_izvora,ispitivanje,N_Neutral,nije_dostupno_iz_izvora,nije_dostupno_iz_izvora,Neutral,jedan_uvjezbani_koder
test-0790,"Nema u EU nekih zabrana, tamo ima ograničenja ispod koje razine se ne smije ići, a nema ograničenja dokle se smije ići.",HR,test_file,790,12519,790,nije_dostupno_iz_izvora,ispitivanje,M_Positive,nije_dostupno_iz_izvora,nije_dostupno_iz_izvora,Positive,jedan_uvjezbani_koder
test-0791,Početak i završetak ne može biti definiran ovisno o političkoj volji nego mora biti znanstveno utmeljen.,HR,test_file,791,24217,791,nije_dostupno_iz_izvora,ispitivanje,M_Negative,nije_dostupno_iz_izvora,nije_dostupno_iz_izvora,Negative,jedan_uvjezbani_koder
test-0794,"Maloprije sam ministru postavio jedno iznimno jednostavno pitanje, izbjegao mi je odgovoriti pa sam ga postavio drugi put, sad vidim da ga više nema u Saboru.",HR,test_file,794,204580,794,nije_dostupno_iz_izvora,ispitivanje,Negative,nije_dostupno_iz_izvora,nije_dostupno_iz_izvora,Negative,jedan_uvjezbani_koder
test-0795,Kad se saznalo da se priprema izmjena nulte stope za organizirani promet dio hotelijera koji više nije mogao čekati potpisao je ugovore po sadašnjim propisima dok je drugi dio obustavio potpisivanje.,HR,test_file,795,40998,795,nije_dostupno_iz_izvora,ispitivanje,Negative,nije_dostupno_iz_izvora,nije_dostupno_iz_izvora,Negative,jedan_uvjezbani_koder
test-0796,"Dakle, ja vjerujem da ćemo mi do drugog čitanja dobiti egzaktne brojke za financijski učinak.",HR,test_file,796,16701,796,nije_dostupno_iz_izvora,ispitivanje,P_Neutral,nije_dostupno_iz_izvora,nije_dostupno_iz_izvora,Neutral,jedan_uvjezbani_koder
test-0797,"No na žalost, dakle 2009. kad su usvojene te zadnje izmjene programa prema mojim informacijama nije se krenulo sa realizacijom.",HR,test_file,797,45552,797,nije_dostupno_iz_izvora,ispitivanje,Negative,nije_dostupno_iz_izvora,nije_dostupno_iz_izvora,Negative,jedan_uvjezbani_koder
test-0798,"Pridružujem se zahtjevu u ime Hrvatske narodne stranke, zahtjevu kolega iz stranke prava.",HR,test_file,798,74657,798,nije_dostupno_iz_izvora,ispitivanje,P_Neutral,nije_dostupno_iz_izvora,nije_dostupno_iz_izvora,Neutral,jedan_uvjezbani_koder
test-0799,"O tome čak ne bi govorio, nikad gore zdravstvene usluge.",HR,test_file,799,152270,799,nije_dostupno_iz_izvora,ispitivanje,Negative,nije_dostupno_iz_izvora,nije_dostupno_iz_izvora,Negative,jedan_uvjezbani_koder
test-0804,"Naravno da su korisne sve one sugestije koje će još više poboljšati da tijela državne uprave koje vode prekršajni postupak mogu izdavati prekršajne naloge, ali uz onu prvenstvenu stvar pripremljenosti i educiranosti.",HR,test_file,804,87966,804,nije_dostupno_iz_izvora,ispitivanje,Positive,nije_dostupno_iz_izvora,nije_dostupno_iz_izvora,Positive,jedan_uvjezbani_koder
test-0805,"Mjesta za zaštitu pravosudnih dužnosnika itekako ima, ali jednako tako da se pooštri odgovornost i da se ponovo uvede kazneno djelo kršenja zakona od strane suca.",HR,test_file,805,34621,805,nije_dostupno_iz_izvora,ispitivanje,M_Positive,nije_dostupno_iz_izvora,nije_dostupno_iz_izvora,Positive,jedan_uvjezbani_koder
test-0807,"Zakon je u tom pogledu demokratičan, o mnogo toga se možeš dogovoriti.",HR,test_file,807,28571,807,nije_dostupno_iz_izvora,ispitivanje,P_Neutral,nije_dostupno_iz_izvora,nije_dostupno_iz_izvora,Neutral,jedan_uvjezbani_koder
test-0810,Ja volim reći hrvatski tenkovi nisu iz Vukovara krenuli put Beograda ili Novog Sada ali isto tako ni trupe armije BIH nisu krenule put Hrvatske.,HR,test_file,810,15357,810,nije_dostupno_iz_izvora,ispitivanje,M_Negative,nije_dostupno_iz_izvora,nije_dostupno_iz_izvora,Negative,jedan_uvjezbani_koder
test-0811,"Uglavnom evo, nešto sam malo kroz replike govorio i o toj sportskoj televiziji.",HR,test_file,811,199730,811,nije_dostupno_iz_izvora,ispitivanje,P_Neutral,nije_dostupno_iz_izvora,nije_dostupno_iz_izvora,Neutral,jedan_uvjezbani_koder
test-0813,I meni je izuzetno žao što danas u sabornici nema puno više zastupnika.,HR,test_file,813,77686,813,nije_dostupno_iz_izvora,ispitivanje,Negative,nije_dostupno_iz_izvora,nije_dostupno_iz_izvora,Negative,jedan_uvjezbani_koder
test-0814,"Znači, za županijski biraju samo županijske, a biraju sve.",HR,test_file,814,88314,814,nije_dostupno_iz_izvora,ispitivanje,N_Neutral,nije_dostupno_iz_izvora,nije_dostupno_iz_izvora,Neutral,jedan_uvjezbani_koder
test-0816,"Gospodine predsjedniče, uvaženi članovi Vlade na čelu sa predsjednikom, kolegice i kolege.",HR,test_file,816,91363,816,nije_dostupno_iz_izvora,ispitivanje,P_Neutral,nije_dostupno_iz_izvora,nije_dostupno_iz_izvora,Neutral,jedan_uvjezbani_koder
test-0817,"Implementiran je projekt ""Ales"" kroz pokretanje proizvodnje radio uređaja u Republici Hrvatskoj kroz firmu Pomorski centar elektronike u Splitu.",HR,test_file,817,54658,817,nije_dostupno_iz_izvora,ispitivanje,P_Neutral,nije_dostupno_iz_izvora,nije_dostupno_iz_izvora,Neutral,jedan_uvjezbani_koder
test-0820,Treći model je ovo što mi danas imamo gdje se radi o kolektivnom izvršnom tijelu.,HR,test_file,820,43013,820,nije_dostupno_iz_izvora,ispitivanje,P_Neutral,nije_dostupno_iz_izvora,nije_dostupno_iz_izvora,Neutral,jedan_uvjezbani_koder
test-0822,Ja bih se sad samo osvrnuo kratko na niže razrede osnovne škole.,HR,test_file,822,2232,822,nije_dostupno_iz_izvora,ispitivanje,P_Neutral,nije_dostupno_iz_izvora,nije_dostupno_iz_izvora,Neutral,jedan_uvjezbani_koder
test-0823,"Pa me zanima zašto nismo i ovaj Zakon o inspekciji što se tiče ugljikovodika, eksplantaciju ugljikovodika i što se tiče električne energije reklamirali na televiziji.",HR,test_file,823,140164,823,nije_dostupno_iz_izvora,ispitivanje,M_Negative,nije_dostupno_iz_izvora,nije_dostupno_iz_izvora,Negative,jedan_uvjezbani_koder
test-0824,"Ovaj zakon ponudit će kao, legalizaciju dosadašnje loše prakse, omogućavanje manipulacija od strane poslodavca i izrabljivanja radnika.",HR,test_file,824,43767,824,nije_dostupno_iz_izvora,ispitivanje,Negative,nije_dostupno_iz_izvora,nije_dostupno_iz_izvora,Negative,jedan_uvjezbani_koder
test-0825,"I drago mi je što je ovdje došao kolega Borić jer me je prozivao, nisam u tome trenutku bio ovdje imao sam puno .../",HR,test_file,825,156716,825,nije_dostupno_iz_izvora,ispitivanje,Negative,nije_dostupno_iz_izvora,nije_dostupno_iz_izvora,Negative,jedan_uvjezbani_koder
test-0828,"Mi sada možemo ukinuti drugi mirovinski stup, prebaciti sva sredstva u prvi, poboljšati budžet RH proračun će biti bolji ali što ćemo sa onim mladim ljudima koji sada odu na tržište rada?",HR,test_file,828,63296,828,nije_dostupno_iz_izvora,ispitivanje,M_Negative,nije_dostupno_iz_izvora,nije_dostupno_iz_izvora,Negative,jedan_uvjezbani_koder
test-0834,Čovjek bi se iznenadio da vidi koliko upravo najsiromašniji ljudi primaju najdiferenciraniju i najskuplju terapiju.,HR,test_file,834,62745,834,nije_dostupno_iz_izvora,ispitivanje,M_Negative,nije_dostupno_iz_izvora,nije_dostupno_iz_izvora,Negative,jedan_uvjezbani_koder
test-0836,"Gdje je OIB zapeo, zapeo je prije godinu dana na Visokom trgovačkom sudu.",HR,test_file,836,873,836,nije_dostupno_iz_izvora,ispitivanje,Negative,nije_dostupno_iz_izvora,nije_dostupno_iz_izvora,Negative,jedan_uvjezbani_koder
test-0847,"U prihodima se vide te politike koje su važne za ekonomsku politiku i za bitku za … /Govornik se ne razumije./… nema tih promjena, nema.",HR,test_file,847,43123,847,nije_dostupno_iz_izvora,ispitivanje,N_Neutral,nije_dostupno_iz_izvora,nije_dostupno_iz_izvora,Neutral,jedan_uvjezbani_koder
test-0848,"Ovdje sam vam sada naveo cijeli niz komentara, na vašu predloženu poreznu reformu, nadam se da ste nešto od toga čuli.",HR,test_file,848,95236,848,nije_dostupno_iz_izvora,ispitivanje,M_Negative,nije_dostupno_iz_izvora,nije_dostupno_iz_izvora,Negative,jedan_uvjezbani_koder
test-0850,"Pa evo, pred nama je danas Konačni prijedlog Zakona o izboru za vijeće i predstavnike nacionalnih manjina.",HR,test_file,850,130494,850,nije_dostupno_iz_izvora,ispitivanje,P_Neutral,nije_dostupno_iz_izvora,nije_dostupno_iz_izvora,Neutral,jedan_uvjezbani_koder
test-0854,Svako je dijete uvijek blagoslov za svoje roditelje i za cijelo društvo.,HR,test_file,854,7694,854,nije_dostupno_iz_izvora,ispitivanje,Positive,nije_dostupno_iz_izvora,nije_dostupno_iz_izvora,Positive,jedan_uvjezbani_koder
test-0856,"Ja ne znam jel' ikad itko čuo u povijesti 20 st. da je netko kopao tunel prema Tadžikistanu, Uzbekistanu.",HR,test_file,856,24179,856,nije_dostupno_iz_izvora,ispitivanje,Negative,nije_dostupno_iz_izvora,nije_dostupno_iz_izvora,Negative,jedan_uvjezbani_koder
test-0857,"Dakle, ovo što se tiče pomoći unutar proračuna za 5 slavonskih županija i neke jedinice lokalne samouprave u Slavoniji bilježi se značajno povećanje sredstava koje primaju iz državnog proračuna.",HR,test_file,857,3782,857,nije_dostupno_iz_izvora,ispitivanje,Positive,nije_dostupno_iz_izvora,nije_dostupno_iz_izvora,Positive,jedan_uvjezbani_koder
test-0858,"Potrebno ih je konstantno pratiti, a usvojene više standarde prihvaćati i implementirati u naš pravni sustav.",HR,test_file,858,13092,858,nije_dostupno_iz_izvora,ispitivanje,P_Neutral,nije_dostupno_iz_izvora,nije_dostupno_iz_izvora,Neutral,jedan_uvjezbani_koder
test-0862,"I nemojte sada, jer možemo otvoriti Pandorinu kutiju pa govorit što se je moglo, a što nije bilo od prošlosti.",HR,test_file,862,64702,862,nije_dostupno_iz_izvora,ispitivanje,Negative,nije_dostupno_iz_izvora,nije_dostupno_iz_izvora,Negative,jedan_uvjezbani_koder
test-0868,Kod donošenja zakona primjenjuju se odredbe Poslovnika koje se odnose na drugo čitanje.,HR,test_file,868,80956,868,nije_dostupno_iz_izvora,ispitivanje,P_Neutral,nije_dostupno_iz_izvora,nije_dostupno_iz_izvora,Neutral,jedan_uvjezbani_koder
test-0870,Tražim stanku u ime kluba MOST-a kako bi se konzultirali oko ovog 4. kruga cjelovite porezne reforme.,HR,test_file,870,176596,870,nije_dostupno_iz_izvora,ispitivanje,P_Neutral,nije_dostupno_iz_izvora,nije_dostupno_iz_izvora,Neutral,jedan_uvjezbani_koder
test-0871,Dozvolite da i mi jednako kao i vi želimo RH sve najbolje.,HR,test_file,871,1612,871,nije_dostupno_iz_izvora,ispitivanje,M_Positive,nije_dostupno_iz_izvora,nije_dostupno_iz_izvora,Positive,jedan_uvjezbani_koder
test-0872,Evo kolega Marasović bilo je članova SDP-a hrvatskih branitelja tako da ne ulazimo u to.,HR,test_file,872,46443,872,nije_dostupno_iz_izvora,ispitivanje,N_Neutral,nije_dostupno_iz_izvora,nije_dostupno_iz_izvora,Neutral,jedan_uvjezbani_koder
test-0876,"No, mi smo ovdje svo vrijeme samo apelirali, nastojali senzibilizirati i javnost, nastojali privoliti Vladu da znatno više sredstava izdvoji jer očito donacije kako domaće tako i ino sve više izostaju.",HR,test_file,876,88490,876,nije_dostupno_iz_izvora,ispitivanje,M_Negative,nije_dostupno_iz_izvora,nije_dostupno_iz_izvora,Negative,jedan_uvjezbani_koder
test-0881,Ja gospodine predsjedniče vama želim izraziti zapravo svoje neslaganje s takvim odnosnom koji naš Poslovnik ima prema radu radnih tijela koji inače u svim parlamentima mijenjaju tekst zakona koji dolazi u sabornicu.,HR,test_file,881,108401,881,nije_dostupno_iz_izvora,ispitivanje,Negative,nije_dostupno_iz_izvora,nije_dostupno_iz_izvora,Negative,jedan_uvjezbani_koder
test-0882,On na strani 11 kaže: “Zadaća je bila planirana godišnjim planom.,HR,test_file,882,34397,882,nije_dostupno_iz_izvora,ispitivanje,P_Neutral,nije_dostupno_iz_izvora,nije_dostupno_iz_izvora,Neutral,jedan_uvjezbani_koder
test-0883,"Gotovi smo, nema promjena zakona, nema promjena podzakonskih akata, svi zadovoljni, osim ako se ne osnuje istražno povjerenstvo.",HR,test_file,883,49146,883,nije_dostupno_iz_izvora,ispitivanje,M_Negative,nije_dostupno_iz_izvora,nije_dostupno_iz_izvora,Negative,jedan_uvjezbani_koder
test-0884,"I u samim centrima kompetentnosti smatram da će trebati posebno dobra suradnja tih centara sa javnom sektorom, sa poduzetnicima, a samim time i sa jedinice lokalne samouprave.",HR,test_file,884,71700,884,nije_dostupno_iz_izvora,ispitivanje,P_Neutral,nije_dostupno_iz_izvora,nije_dostupno_iz_izvora,Neutral,jedan_uvjezbani_koder
test-0885,Mi smo protiv toga i dok je HDZ-a svi hrvatski državljani uvijek će imati pravo glasa. /Pljesak./,HR,test_file,885,94537,885,nije_dostupno_iz_izvora,ispitivanje,M_Positive,nije_dostupno_iz_izvora,nije_dostupno_iz_izvora,Positive,jedan_uvjezbani_koder
test-0886,"Događa se to da bi kuna počela slabit međutim budući da mi imamo HNB kao mjenjačnicu, tečaj kune će ostat stabilan, ali što će se dogodit?",HR,test_file,886,192887,886,nije_dostupno_iz_izvora,ispitivanje,M_Negative,nije_dostupno_iz_izvora,nije_dostupno_iz_izvora,Negative,jedan_uvjezbani_koder
test-0887,"Mi imamo i druge mjere rada koje idu prema prevenciji, širenju, dakle i prema zaustavljivanju panike odnosno informiranju.",HR,test_file,887,193711,887,nije_dostupno_iz_izvora,ispitivanje,Positive,nije_dostupno_iz_izvora,nije_dostupno_iz_izvora,Positive,jedan_uvjezbani_koder
test-0892,Vlada ne prihvaća jer smatra da su predložena sredstva dovoljna.,HR,test_file,892,40738,892,nije_dostupno_iz_izvora,ispitivanje,M_Negative,nije_dostupno_iz_izvora,nije_dostupno_iz_izvora,Negative,jedan_uvjezbani_koder
test-0895,"I dva dodatna kriterija to je poslovna diskriminacija, znači suca iz redova manjina i srodnost vrijednosnog profila kandidata.",HR,test_file,895,94381,895,nije_dostupno_iz_izvora,ispitivanje,N_Neutral,nije_dostupno_iz_izvora,nije_dostupno_iz_izvora,Neutral,jedan_uvjezbani_koder
test-0896,"Volio bi da takav prijedlog izađe iz ministarstva, iz Vlade RH i da u krajnjem slučaju, to bude vrlo jasna poruka prema zaposlenima u RH.",HR,test_file,896,95069,896,nije_dostupno_iz_izvora,ispitivanje,M_Positive,nije_dostupno_iz_izvora,nije_dostupno_iz_izvora,Positive,jedan_uvjezbani_koder
test-0898,"Ono što mislim da se ne slažem s vama, a to je da u ocjeni projekata treba više strogosti.",HR,test_file,898,28634,898,nije_dostupno_iz_izvora,ispitivanje,M_Negative,nije_dostupno_iz_izvora,nije_dostupno_iz_izvora,Negative,jedan_uvjezbani_koder
test-0899,Ljudi koji završe fakultet i njihovo jedino vojno obrazovanje je šestomjesečni tečaj na Črnomercu.,HR,test_file,899,32926,899,nije_dostupno_iz_izvora,ispitivanje,N_Neutral,nije_dostupno_iz_izvora,nije_dostupno_iz_izvora,Neutral,jedan_uvjezbani_koder
test-0901,Ja kao gradonačelnik i načelnik sa puno manje novaca sam itekako odgovoran te moram znati svaku kunu kamo ulažem.,HR,test_file,901,48944,901,nije_dostupno_iz_izvora,ispitivanje,N_Neutral,nije_dostupno_iz_izvora,nije_dostupno_iz_izvora,Neutral,jedan_uvjezbani_koder
test-0902,"Da zaključim, Kazneni zakon kakav je predložen imao je više ciljeva.",HR,test_file,902,108360,902,nije_dostupno_iz_izvora,ispitivanje,P_Neutral,nije_dostupno_iz_izvora,nije_dostupno_iz_izvora,Neutral,jedan_uvjezbani_koder
test-0903,Pa ja sam samo ustvari htjela informirati o Istri i projektima.,HR,test_file,903,87391,903,nije_dostupno_iz_izvora,ispitivanje,P_Neutral,nije_dostupno_iz_izvora,nije_dostupno_iz_izvora,Neutral,jedan_uvjezbani_koder
test-0906,"Osim toga, navodimo da navedenih vodnih naknada nema u zemljama Europske unije koje su direktni konkurent u proizvodnji slatkovodne ribe.",HR,test_file,906,23659,906,nije_dostupno_iz_izvora,ispitivanje,N_Neutral,nije_dostupno_iz_izvora,nije_dostupno_iz_izvora,Neutral,jedan_uvjezbani_koder
test-0907,U posljednjih 8 godina zabilježeno je oko 450 nesreća i poginulo 35 osoba.,HR,test_file,907,1551,907,nije_dostupno_iz_izvora,ispitivanje,Negative,nije_dostupno_iz_izvora,nije_dostupno_iz_izvora,Negative,jedan_uvjezbani_koder
test-0908,"Pa kolega Staziću, evo živ kolega Jovanović, ja sam govorio o mom i njegovom osobnom odnosu što se tiče Ministarstva financija i neka kaže da nije istina ovo što sam rekao.",HR,test_file,908,101262,908,nije_dostupno_iz_izvora,ispitivanje,M_Negative,nije_dostupno_iz_izvora,nije_dostupno_iz_izvora,Negative,jedan_uvjezbani_koder
test-0912,"Zatim nedostatkom mjesta u domovima za starije i nemoćne osobe, te nedostatkom odgovarajućih usluga palijativne skrbi.",HR,test_file,912,54376,912,nije_dostupno_iz_izvora,ispitivanje,Negative,nije_dostupno_iz_izvora,nije_dostupno_iz_izvora,Negative,jedan_uvjezbani_koder
test-0916,"No, kao što smo i rekli, pred HS prije 20-tak dana rekli smo da ćemo kalibrirati naše mjere ovisno o razvoju situacije.",HR,test_file,916,195777,916,nije_dostupno_iz_izvora,ispitivanje,P_Neutral,nije_dostupno_iz_izvora,nije_dostupno_iz_izvora,Neutral,jedan_uvjezbani_koder
test-0917,"Gospodine potpredsjedniče, kolegice i kolege, poštovani kolega Staziću.",HR,test_file,917,26304,917,nije_dostupno_iz_izvora,ispitivanje,P_Neutral,nije_dostupno_iz_izvora,nije_dostupno_iz_izvora,Neutral,jedan_uvjezbani_koder
test-0919,To je ono što ja ne mogu apsolutno nikako prihvaitit.,HR,test_file,919,10515,919,nije_dostupno_iz_izvora,ispitivanje,Negative,nije_dostupno_iz_izvora,nije_dostupno_iz_izvora,Negative,jedan_uvjezbani_koder
test-0920,Moramo uzeti u obzir da je Romskoj zajednici bilo potrebno više vremena da na sustavan način i kroz institucije predstavi svoje zahtjeve nego ostalim stradalačkim narodima.,HR,test_file,920,35181,920,nije_dostupno_iz_izvora,ispitivanje,Negative,nije_dostupno_iz_izvora,nije_dostupno_iz_izvora,Negative,jedan_uvjezbani_koder
test-0922,"Zašto sam naime to rekao, Republika Slovenija koja već jedno 6, 7 godina radi taj isti posao, je napraivla oko dvije trećine posla.",HR,test_file,922,16375,922,nije_dostupno_iz_izvora,ispitivanje,M_Positive,nije_dostupno_iz_izvora,nije_dostupno_iz_izvora,Positive,jedan_uvjezbani_koder
test-0924,Ova definicija nedostaje ili ih ima možda i previše u samom zakonu.,HR,test_file,924,10060,924,nije_dostupno_iz_izvora,ispitivanje,Negative,nije_dostupno_iz_izvora,nije_dostupno_iz_izvora,Negative,jedan_uvjezbani_koder
test-0925,Oni jednostavno se moraju uskladit s konačnim veličinama koliko sredstava imaju na raspolaganju.,HR,test_file,925,18753,925,nije_dostupno_iz_izvora,ispitivanje,P_Neutral,nije_dostupno_iz_izvora,nije_dostupno_iz_izvora,Neutral,jedan_uvjezbani_koder
test-0927,"Prema tome na tim iskustvima, a i na saznanjima nas koji radimo na tim poslovima možemo se očitovati o, o privatizaciji Jadrolinije.",HR,test_file,927,40158,927,nije_dostupno_iz_izvora,ispitivanje,P_Neutral,nije_dostupno_iz_izvora,nije_dostupno_iz_izvora,Neutral,jedan_uvjezbani_koder
test-0930,"Zašto sam ja ovdje apostrofirao recimo moj rodni Buzet ili Poreč a mogao sam i jedan Rovinj, mogao sam jedan Vrsar, Bale, Novigrad, Gračišće, Labin, Nedešćinu itd.",HR,test_file,930,48087,930,nije_dostupno_iz_izvora,ispitivanje,P_Neutral,nije_dostupno_iz_izvora,nije_dostupno_iz_izvora,Neutral,jedan_uvjezbani_koder
test-0931,"Poštovani ministre, vidim da ni vama nije baš najugodnije braniti ovaj vladin prijedlog.",HR,test_file,931,88069,931,nije_dostupno_iz_izvora,ispitivanje,Negative,nije_dostupno_iz_izvora,nije_dostupno_iz_izvora,Negative,jedan_uvjezbani_koder
test-0937,Ne slažem se s vama … /Upadica se ne razumije./…,HR,test_file,937,47521,937,nije_dostupno_iz_izvora,ispitivanje,N_Neutral,nije_dostupno_iz_izvora,nije_dostupno_iz_izvora,Neutral,jedan_uvjezbani_koder
test-0940,"Agencija za poljoprivredu i hranu će obavljati i poslove zaštite poljoprivrednog zemljišta, kao i praćenje poljoprivrednog zemljišta kao referentni laboratorij, te kao stručne institucije pratiti procjenu rizika potrošača vezano uz ostatke pesticida.",HR,test_file,940,131697,940,nije_dostupno_iz_izvora,ispitivanje,P_Neutral,nije_dostupno_iz_izvora,nije_dostupno_iz_izvora,Neutral,jedan_uvjezbani_koder
test-0945,"Znači što se tiče kurikularnih dokumenata, ja mislim da su oni jasno propisani u članku 9. i u članku 10. koji mijenjaju članak 26. odnosno 27.",HR,test_file,945,91744,945,nije_dostupno_iz_izvora,ispitivanje,P_Neutral,nije_dostupno_iz_izvora,nije_dostupno_iz_izvora,Neutral,jedan_uvjezbani_koder
test-0947,"Jeli tako, pitate ministricu vjerojatno nije bez veze uništila svoju političku karijeru.",HR,test_file,947,82811,947,nije_dostupno_iz_izvora,ispitivanje,Negative,nije_dostupno_iz_izvora,nije_dostupno_iz_izvora,Negative,jedan_uvjezbani_koder
test-0948,Nužno je potrebno da se čim prije izradi nacionalna strategija i program razvoja športa.,HR,test_file,948,37779,948,nije_dostupno_iz_izvora,ispitivanje,N_Neutral,nije_dostupno_iz_izvora,nije_dostupno_iz_izvora,Neutral,jedan_uvjezbani_koder
test-0950,"Poštovana kolegice potpredsjednice, uvaženi tajniče, kolegice i kolege zastupnici.",HR,test_file,950,10856,950,nije_dostupno_iz_izvora,ispitivanje,P_Neutral,nije_dostupno_iz_izvora,nije_dostupno_iz_izvora,Neutral,jedan_uvjezbani_koder
test-0952,Zato što i jedni i drugi novce koje prikupe od hrvatskih obveznika će plasirati na to tržište.,HR,test_file,952,60763,952,nije_dostupno_iz_izvora,ispitivanje,P_Neutral,nije_dostupno_iz_izvora,nije_dostupno_iz_izvora,Neutral,jedan_uvjezbani_koder
test-0954,"Poznavajući kvalitetu zakonskih prijedloga koje producirate vi i vaše ministarstvo moram zaključiti da nas ništa, ali baš ništa u ovom pogledu ne može i ne smije iznenaditi.",HR,test_file,954,39579,954,nije_dostupno_iz_izvora,ispitivanje,Negative,nije_dostupno_iz_izvora,nije_dostupno_iz_izvora,Negative,jedan_uvjezbani_koder
test-0955,"To je jedan od najvećih problema ovom trenutku gospodarski, kulturološki, civilizacijski ako baš hoćemo Republike Hrvatske.",HR,test_file,955,47281,955,nije_dostupno_iz_izvora,ispitivanje,Negative,nije_dostupno_iz_izvora,nije_dostupno_iz_izvora,Negative,jedan_uvjezbani_koder
test-0956,"Ono što se ne vidi iz ovog izvještaja a to je, dakle vidi se koliko je riješenih predmeta, ali ne vidi se koliko je neriješenih.",HR,test_file,956,54984,956,nije_dostupno_iz_izvora,ispitivanje,N_Neutral,nije_dostupno_iz_izvora,nije_dostupno_iz_izvora,Neutral,jedan_uvjezbani_koder
test-0958,To će se snimat i što je najvažnije to će moći biti dokaz.,HR,test_file,958,33934,958,nije_dostupno_iz_izvora,ispitivanje,P_Neutral,nije_dostupno_iz_izvora,nije_dostupno_iz_izvora,Neutral,jedan_uvjezbani_koder
test-0960,Zakona propisuje se osnivanje … povjerenstava za zaštitu prava pacijenata i pacijentica u jedinicama područne lokalne samouprave.,HR,test_file,960,14472,960,nije_dostupno_iz_izvora,ispitivanje,P_Neutral,nije_dostupno_iz_izvora,nije_dostupno_iz_izvora,Neutral,jedan_uvjezbani_koder
test-0969,Znači mi hoćemo investicije povećati a ovdje praktično oporezujemo onoga tko ponovo ulaže dobit.,HR,test_file,969,14339,969,nije_dostupno_iz_izvora,ispitivanje,Negative,nije_dostupno_iz_izvora,nije_dostupno_iz_izvora,Negative,jedan_uvjezbani_koder
test-0971,"Kako netko za nekakav plan koji je donio ovaj Sabor, može prenjeti obavijest u sljedeću godinu po ovim zakonima ja to ne znam.",HR,test_file,971,958,971,nije_dostupno_iz_izvora,ispitivanje,Negative,nije_dostupno_iz_izvora,nije_dostupno_iz_izvora,Negative,jedan_uvjezbani_koder
test-0972,"Znači, ovdje je gospođa Lora Vidović rekla koji su sve problemi.",HR,test_file,972,52612,972,nije_dostupno_iz_izvora,ispitivanje,Negative,nije_dostupno_iz_izvora,nije_dostupno_iz_izvora,Negative,jedan_uvjezbani_koder
test-0973,"Kolega Šuker, rekli ste da nova Vlada stvara citiram na sigurnost u društvu.",HR,test_file,973,74842,973,nije_dostupno_iz_izvora,ispitivanje,P_Neutral,nije_dostupno_iz_izvora,nije_dostupno_iz_izvora,Neutral,jedan_uvjezbani_koder
test-0974,"Istina je sljedeća da je jednako tako 2010. godine Vlada gospođe Kosor u cilju gospodarskog oporavka smanjila neke od ovih fiskalnih nameta, između ostaloga su to bile i ove naknade.",HR,test_file,974,4912,974,nije_dostupno_iz_izvora,ispitivanje,P_Neutral,nije_dostupno_iz_izvora,nije_dostupno_iz_izvora,Neutral,jedan_uvjezbani_koder
test-0976,"Kaže ovako: Mađarska proteklih godinu dana rast izvoza 9%, Slovačka 5%, Češka 6%, Hrvatska 0,9%.",HR,test_file,976,88394,976,nije_dostupno_iz_izvora,ispitivanje,Negative,nije_dostupno_iz_izvora,nije_dostupno_iz_izvora,Negative,jedan_uvjezbani_koder
test-0978,Ili tužba preko odvjetnika što znači rastava ili sporazuman raskid na temelju prijedloga.,HR,test_file,978,83572,978,nije_dostupno_iz_izvora,ispitivanje,N_Neutral,nije_dostupno_iz_izvora,nije_dostupno_iz_izvora,Neutral,jedan_uvjezbani_koder
test-0983,"Na kraju u zaključku a imate i na internetu, korelacija rasta cijene nekretnina identično sa rastom broja noćenja u pojedinim općinama i gradovima.",HR,test_file,983,145439,983,nije_dostupno_iz_izvora,ispitivanje,P_Neutral,nije_dostupno_iz_izvora,nije_dostupno_iz_izvora,Neutral,jedan_uvjezbani_koder
test-0989,"Naime, u uvodnom izlaganju u ime kluba bio sam prilično suzdržan jer zaista nisam želio da se do kraja ispolitizira i da se sukobe HDZ i HSP oko ove materije.",HR,test_file,989,95476,989,nije_dostupno_iz_izvora,ispitivanje,M_Negative,nije_dostupno_iz_izvora,nije_dostupno_iz_izvora,Negative,jedan_uvjezbani_koder
test-0996,"Upravo kao što se mogu spomenuti i svoga susjeda Stipu koji ima malu mirovinu od 500, 600 kuna i bavi se poljoprivredom i prima nekakvu dohodovnu potporu zbog toga.",HR,test_file,996,18087,996,nije_dostupno_iz_izvora,ispitivanje,P_Neutral,nije_dostupno_iz_izvora,nije_dostupno_iz_izvora,Neutral,jedan_uvjezbani_koder
test-0998,"Ne može privremeni upravitelj napraviti čuda tamo, ne može jer nema tu snagu, jer svi gledaju danas je, sutra nije tamo.",HR,test_file,998,67374,998,nije_dostupno_iz_izvora,ispitivanje,Negative,nije_dostupno_iz_izvora,nije_dostupno_iz_izvora,Negative,jedan_uvjezbani_koder
test-1000,"Mi moramo govoriti u ime svojih glasača, zastupati njihove interese.",HR,test_file,1000,44059,1000,nije_dostupno_iz_izvora,ispitivanje,P_Neutral,nije_dostupno_iz_izvora,nije_dostupno_iz_izvora,Neutral,jedan_uvjezbani_koder
test-1001,Ona su u ovom mom slučaju što želimo postići ovim dokumentom?,HR,test_file,1001,27475,1001,nije_dostupno_iz_izvora,ispitivanje,N_Neutral,nije_dostupno_iz_izvora,nije_dostupno_iz_izvora,Neutral,jedan_uvjezbani_koder
test-1003,"Jer vi ste sa svojim primjerom dali svima da još imaju žešću raspravu, vi si naprosto neke stvari ne smijete dozvolite.",HR,test_file,1003,13506,1003,nije_dostupno_iz_izvora,ispitivanje,Negative,nije_dostupno_iz_izvora,nije_dostupno_iz_izvora,Negative,jedan_uvjezbani_koder
test-1004,"Lokalni poduzetnici koji su kupovali dionice, oni su poznati, a oni tvrde kako je transakcija obavljena kapitalom jednog inozemnog fonda.",HR,test_file,1004,95854,1004,nije_dostupno_iz_izvora,ispitivanje,N_Neutral,nije_dostupno_iz_izvora,nije_dostupno_iz_izvora,Neutral,jedan_uvjezbani_koder
test-1005,"Pa uvaženi kolega Borić, vi ste zapravo točno detektirali problem, pa mislim da ga je važno još jedanputa spomenuti.",HR,test_file,1005,77368,1005,nije_dostupno_iz_izvora,ispitivanje,M_Negative,nije_dostupno_iz_izvora,nije_dostupno_iz_izvora,Negative,jedan_uvjezbani_koder
test-1007,Ali još važnije pitanje od ovoga je što će biti s hrvatskim građanima.,HR,test_file,1007,25372,1007,nije_dostupno_iz_izvora,ispitivanje,N_Neutral,nije_dostupno_iz_izvora,nije_dostupno_iz_izvora,Neutral,jedan_uvjezbani_koder
test-1008,Također prema službenim podacima Ministarstva zdravstva u zadnjih 10 godina neplodnost se povećala za 43% kod žena.,HR,test_file,1008,131761,1008,nije_dostupno_iz_izvora,ispitivanje,Negative,nije_dostupno_iz_izvora,nije_dostupno_iz_izvora,Negative,jedan_uvjezbani_koder
test-1009,Evo meni je zaista žao da danas nema kolege Pernara da on malo ovo čuje i u svom nastupu iskomentira kroz repliku ili već kroz raspravu.,HR,test_file,1009,19364,1009,nije_dostupno_iz_izvora,ispitivanje,Negative,nije_dostupno_iz_izvora,nije_dostupno_iz_izvora,Negative,jedan_uvjezbani_koder
test-1013,Također evo možemo se malo ako za promjenu da kažemo i o fiskalizaciji.,HR,test_file,1013,58409,1013,nije_dostupno_iz_izvora,ispitivanje,P_Neutral,nije_dostupno_iz_izvora,nije_dostupno_iz_izvora,Neutral,jedan_uvjezbani_koder
test-1014,"Mislim da će na tom tragu biti potrebno napraviti u drugom smislu iskorak pa i promijeniti pristup, rekao bih, u eksploataciji šljunka.",HR,test_file,1014,69508,1014,nije_dostupno_iz_izvora,ispitivanje,P_Neutral,nije_dostupno_iz_izvora,nije_dostupno_iz_izvora,Neutral,jedan_uvjezbani_koder
test-1018,"Ukupni prihodi nezavisnih zastupnika su iznosili nešto više od 2 milijuna kuna, a ostvareni su iz državnog proračuna i drugih izvora.",HR,test_file,1018,3285,1018,nije_dostupno_iz_izvora,ispitivanje,N_Neutral,nije_dostupno_iz_izvora,nije_dostupno_iz_izvora,Neutral,jedan_uvjezbani_koder
test-1022,"Svatko od nas ima razloga za zabrinutost i svatko od nas treba početi od sebe, s pitanjem, što sam ja učinila ili učinio da to primijenim.",HR,test_file,1022,123937,1022,nije_dostupno_iz_izvora,ispitivanje,M_Negative,nije_dostupno_iz_izvora,nije_dostupno_iz_izvora,Negative,jedan_uvjezbani_koder
test-1025,Prijašnji sustav je bio puno povoljniji i novac iz povrata kredita je ostajao i ostaje na žiro računu vaše općine.,HR,test_file,1025,57061,1025,nije_dostupno_iz_izvora,ispitivanje,M_Negative,nije_dostupno_iz_izvora,nije_dostupno_iz_izvora,Negative,jedan_uvjezbani_koder
test-1026,"Zašto to, kako možemo doći sad do zaključka da to Vlada ne želi unatoč najavama državnog tajnika?",HR,test_file,1026,20288,1026,nije_dostupno_iz_izvora,ispitivanje,Negative,nije_dostupno_iz_izvora,nije_dostupno_iz_izvora,Negative,jedan_uvjezbani_koder
test-1027,Jer da nije bilo hrvatskih branitelja vjerojatno ni mi danas ovdje ne bi o ovome raspravljali.,HR,test_file,1027,164570,1027,nije_dostupno_iz_izvora,ispitivanje,M_Positive,nije_dostupno_iz_izvora,nije_dostupno_iz_izvora,Positive,jedan_uvjezbani_koder
test-1030,No unatoč ovim poboljšanjima u velikim gradovima će i nadalje biti najveće potrebe.,HR,test_file,1030,12056,1030,nije_dostupno_iz_izvora,ispitivanje,M_Positive,nije_dostupno_iz_izvora,nije_dostupno_iz_izvora,Positive,jedan_uvjezbani_koder
test-1032,"Znači gospodin Šuker je uvrijedio ovdje mene rekavši da sam dilao, dilao informacije.",HR,test_file,1032,1697,1032,nije_dostupno_iz_izvora,ispitivanje,Negative,nije_dostupno_iz_izvora,nije_dostupno_iz_izvora,Negative,jedan_uvjezbani_koder
test-1036,Nažalost u javnosti se sve češće ističu afere kojim se u istom danu otkrivaju i optužuju i presuđuju.,HR,test_file,1036,40704,1036,nije_dostupno_iz_izvora,ispitivanje,Negative,nije_dostupno_iz_izvora,nije_dostupno_iz_izvora,Negative,jedan_uvjezbani_koder
test-1038,Znači 77 osoba među kojima je i Čačija koji više nije.,HR,test_file,1038,10219,1038,nije_dostupno_iz_izvora,ispitivanje,N_Neutral,nije_dostupno_iz_izvora,nije_dostupno_iz_izvora,Neutral,jedan_uvjezbani_koder
test-1039,Suprotno onom što se danas ovdje čulo nema nametanja GMO hrane i proizvoda.,HR,test_file,1039,42568,1039,nije_dostupno_iz_izvora,ispitivanje,M_Positive,nije_dostupno_iz_izvora,nije_dostupno_iz_izvora,Positive,jedan_uvjezbani_koder
test-1040,Prvo je slučaj koji se dogodio 1999. na Autobusnom kolodvoru kad je po riječima samog ministra došlo do fizičkog obračuna između njega i dvije osobe u funkciji vozača autobusa.,HR,test_file,1040,64,1040,nije_dostupno_iz_izvora,ispitivanje,Negative,nije_dostupno_iz_izvora,nije_dostupno_iz_izvora,Negative,jedan_uvjezbani_koder
test-1044,"Javna nabava naravno tu se možemo složiti, trebalo bi je kontrolirati bolje.",HR,test_file,1044,52449,1044,nije_dostupno_iz_izvora,ispitivanje,M_Negative,nije_dostupno_iz_izvora,nije_dostupno_iz_izvora,Negative,jedan_uvjezbani_koder
test-1047,"Dakle, treba uzeti u obzir nešto što nam je svima blisko i što nam je sigurno svima na srcu, a to su obitelji poginulih hrvatskih branitelja.",HR,test_file,1047,55514,1047,nije_dostupno_iz_izvora,ispitivanje,M_Positive,nije_dostupno_iz_izvora,nije_dostupno_iz_izvora,Positive,jedan_uvjezbani_koder
test-1049,"Dakle, bolja koordinacija, objedinjeni inspekcijski nadzor, inspektorat u funkciji stvaranja konkurentnog gospodarstva.",HR,test_file,1049,117600,1049,nije_dostupno_iz_izvora,ispitivanje,Positive,nije_dostupno_iz_izvora,nije_dostupno_iz_izvora,Positive,jedan_uvjezbani_koder
test-1051,"Dakle, što se tiče radnih dana Vlada nema radne i neradne dane.",HR,test_file,1051,4826,1051,nije_dostupno_iz_izvora,ispitivanje,P_Neutral,nije_dostupno_iz_izvora,nije_dostupno_iz_izvora,Neutral,jedan_uvjezbani_koder
test-1055,"Borba za smanjivanje slučajeva i posljedica nasilja ne samo u obitelji nego i u svim ostalim institucijama kao što su domovi, škole, vrtići zahtijeva koordiniranu akciju mjerodavnih tijela i institucija.",HR,test_file,1055,37936,1055,nije_dostupno_iz_izvora,ispitivanje,M_Negative,nije_dostupno_iz_izvora,nije_dostupno_iz_izvora,Negative,jedan_uvjezbani_koder
test-1056,"Zatim, da instrumenti osiguranja povrata potpora u slučaju nenamjenskog trošenja nisu bili utvrđeni kad su u pitanju državne potpore.",HR,test_file,1056,84805,1056,nije_dostupno_iz_izvora,ispitivanje,Negative,nije_dostupno_iz_izvora,nije_dostupno_iz_izvora,Negative,jedan_uvjezbani_koder
test-1057,"Kada sam govorio o špekulacijama nije mi napamet palo kako mislim kako bi seljaci špekulirali sa svojim zemljištem i njegovom prenamjenom, oni to ne mogu.",HR,test_file,1057,74199,1057,nije_dostupno_iz_izvora,ispitivanje,Negative,nije_dostupno_iz_izvora,nije_dostupno_iz_izvora,Negative,jedan_uvjezbani_koder
test-1059,"Gospodine ministre, gospodo iz ministarstva unutarnjih poslova i iz Ministarstva pravosuđa, kolegice i kolege zastupnic.",HR,test_file,1059,17787,1059,nije_dostupno_iz_izvora,ispitivanje,P_Neutral,nije_dostupno_iz_izvora,nije_dostupno_iz_izvora,Neutral,jedan_uvjezbani_koder
test-1060,To su te stvari koje se ne rješavaju sa jednakom pažnjom.,HR,test_file,1060,54049,1060,nije_dostupno_iz_izvora,ispitivanje,N_Neutral,nije_dostupno_iz_izvora,nije_dostupno_iz_izvora,Neutral,jedan_uvjezbani_koder
test-1061,To je govor koji zaista ulazi u anale političkih govora u Hrvatskoj ali i puno šire.,HR,test_file,1061,88596,1061,nije_dostupno_iz_izvora,ispitivanje,Positive,nije_dostupno_iz_izvora,nije_dostupno_iz_izvora,Positive,jedan_uvjezbani_koder
test-1066,"Pa gledajte, ja bih morala ispraviti kompletan istup kolege Kajina, ali ću se samo ograničiti na to da je rekao da je ovo Zakon o kućnim ljubimcima.",HR,test_file,1066,78203,1066,nije_dostupno_iz_izvora,ispitivanje,Negative,nije_dostupno_iz_izvora,nije_dostupno_iz_izvora,Negative,jedan_uvjezbani_koder
test-1067,"A na kraju još jedanput pozivam sve one koje to zanima da se jave na natječaj Ministarstva obitelji, branitelja i međugeneracijske solidarnosti.",HR,test_file,1067,32140,1067,nije_dostupno_iz_izvora,ispitivanje,P_Neutral,nije_dostupno_iz_izvora,nije_dostupno_iz_izvora,Neutral,jedan_uvjezbani_koder
test-1069,"Hvala lijepa gospodine potpredsjedniče Hrvatskoga sabora, gospođe i gospodo zastupnici.",HR,test_file,1069,30693,1069,nije_dostupno_iz_izvora,ispitivanje,P_Neutral,nije_dostupno_iz_izvora,nije_dostupno_iz_izvora,Neutral,jedan_uvjezbani_koder
test-1070,"Ono je zajedničko za sva četiri prijedloga zakona, da su s obzirom na prirodu postupka potvrđivanja međunarodnih ugovora kojima država i formalno izražava spremnost da bude vezana predmetnom problematikom.",HR,test_file,1070,66639,1070,nije_dostupno_iz_izvora,ispitivanje,P_Neutral,nije_dostupno_iz_izvora,nije_dostupno_iz_izvora,Neutral,jedan_uvjezbani_koder
test-1072,"Taj element i taj segment vi ste ga, ja bih rekao snažno i dovoljno, istaknuli ne samo u vašem izvješću nego i u organizacijskoj strukturi mislim da zaslužuje posebnu pažnju.",HR,test_file,1072,38173,1072,nije_dostupno_iz_izvora,ispitivanje,Positive,nije_dostupno_iz_izvora,nije_dostupno_iz_izvora,Positive,jedan_uvjezbani_koder
test-1075,Ja vas molim da to uvažite i da napravite neku vrstu korektivnog faktora koji će te kompenzacije uvećati temeljem gospodarskog rasta odnosno razvoja odnosno konkretnih situacija na terenu.,HR,test_file,1075,5807,1075,nije_dostupno_iz_izvora,ispitivanje,P_Neutral,nije_dostupno_iz_izvora,nije_dostupno_iz_izvora,Neutral,jedan_uvjezbani_koder
test-1076,Pri tome naravno ne treba gubiti iz vida da je smanjenje emisija bilo i rezultat pada gospodarskih aktivnosti prvenstveno u industrijskom sektoru u Republici Hrvatskoj.,HR,test_file,1076,75804,1076,nije_dostupno_iz_izvora,ispitivanje,M_Negative,nije_dostupno_iz_izvora,nije_dostupno_iz_izvora,Negative,jedan_uvjezbani_koder
test-1079,Na kraju krajeva to je i uvodnom dijelu ovih prijedloga zakona od strane ministarstva jasno.,HR,test_file,1079,16605,1079,nije_dostupno_iz_izvora,ispitivanje,P_Neutral,nije_dostupno_iz_izvora,nije_dostupno_iz_izvora,Neutral,jedan_uvjezbani_koder
test-1080,"Uvaženi zastupniče, naravno to je sigurno jedna od možda i važnijih odredbi ovog cijelog zakona, poglavito uzevši u obzir iskustvo koje su brojni hrvatski građani i sugrađani proživjeli.",HR,test_file,1080,49287,1080,nije_dostupno_iz_izvora,ispitivanje,M_Positive,nije_dostupno_iz_izvora,nije_dostupno_iz_izvora,Positive,jedan_uvjezbani_koder
test-1081,Evo kolega Kajin dobro ste vi to primijetili da potencijalne investitore svakako taj puzajući nacionalizam i veličanje totalitarnih simbola može otjerati jel ljudi ne žele u takvu državu investirati.,HR,test_file,1081,59862,1081,nije_dostupno_iz_izvora,ispitivanje,Negative,nije_dostupno_iz_izvora,nije_dostupno_iz_izvora,Negative,jedan_uvjezbani_koder
test-1082,"Dakle, Vlada je rekla, da bi iz saborske rasprave mogla proizaći eventualna potreba za revizijom nekih od postupaka provedenih na temelju ovog Zakona čije važenje ćemo sada produžiti za godinu dana.",HR,test_file,1082,43439,1082,nije_dostupno_iz_izvora,ispitivanje,N_Neutral,nije_dostupno_iz_izvora,nije_dostupno_iz_izvora,Neutral,jedan_uvjezbani_koder
test-1083,"Znači država u ovom slučaju uopće ne vodi računa o kvaliteti obrazovne infrastrukture, nažalost to je vidljivo svagdje, to je vidljivo čak i u Gradu Zagrebu.",HR,test_file,1083,206025,1083,nije_dostupno_iz_izvora,ispitivanje,Negative,nije_dostupno_iz_izvora,nije_dostupno_iz_izvora,Negative,jedan_uvjezbani_koder
test-1084,"Jer za početak ovo što imamo danas pred nama kao i ono što smo imali u protekle tri godine niti je sveobuhvatno, niti je cjelovito a najmanje od svega je reforma.",HR,test_file,1084,173393,1084,nije_dostupno_iz_izvora,ispitivanje,Negative,nije_dostupno_iz_izvora,nije_dostupno_iz_izvora,Negative,jedan_uvjezbani_koder
test-1085,To su izvještaji koje imamo i na stolu kao članovi Vlade i kao zastupnici.,HR,test_file,1085,3723,1085,nije_dostupno_iz_izvora,ispitivanje,P_Neutral,nije_dostupno_iz_izvora,nije_dostupno_iz_izvora,Neutral,jedan_uvjezbani_koder
test-1086,"Ja smatram da je ovo pravičan način i omogućit će se svima da imaju krov nad glavom, a da vlasnici stanova stvarno uđu u svoje vlasništvo.",HR,test_file,1086,88869,1086,nije_dostupno_iz_izvora,ispitivanje,Positive,nije_dostupno_iz_izvora,nije_dostupno_iz_izvora,Positive,jedan_uvjezbani_koder
test-1087,"Uključujemo javnost, to je ono što smo i željeli.",HR,test_file,1087,64616,1087,nije_dostupno_iz_izvora,ispitivanje,Positive,nije_dostupno_iz_izvora,nije_dostupno_iz_izvora,Positive,jedan_uvjezbani_koder
test-1088,"Kada se govori o primjeni, članak 34. pa dužni smo kao zastupnici reagirati i dužan je to netko čuti i dužan je implementirati.",HR,test_file,1088,78532,1088,nije_dostupno_iz_izvora,ispitivanje,M_Negative,nije_dostupno_iz_izvora,nije_dostupno_iz_izvora,Negative,jedan_uvjezbani_koder
test-1089,"Reforma pravosuđa se ne postiže dovođenjem u pitanje autonomnosti nekoga suda bilo u Čabru, Donjem Lapcu ili u Rovinju.",HR,test_file,1089,87886,1089,nije_dostupno_iz_izvora,ispitivanje,Negative,nije_dostupno_iz_izvora,nije_dostupno_iz_izvora,Negative,jedan_uvjezbani_koder
test-1094,Ja bih se najviše složio sa ovim kada on govori sam o tome što se događalo u Fondu 2000. do 2003. godine.,HR,test_file,1094,91721,1094,nije_dostupno_iz_izvora,ispitivanje,Positive,nije_dostupno_iz_izvora,nije_dostupno_iz_izvora,Positive,jedan_uvjezbani_koder
test-1096,"Ovim člankom propisuje se da dio troškova zimske službe za nerazvrstane ceste na području jedinice lokalne samouprave koje imaju status brdsko-planinskog područja, financira iz državnog proračuna.",HR,test_file,1096,160028,1096,nije_dostupno_iz_izvora,ispitivanje,P_Neutral,nije_dostupno_iz_izvora,nije_dostupno_iz_izvora,Neutral,jedan_uvjezbani_koder
test-1099,"Svakako su zakoni doneseni evo 2020. mogu stranci kupovati zemlju, na to smo upozoravali i mi iz Most-a i većina klubova iz oporbe od 2020.",HR,test_file,1099,83755,1099,nije_dostupno_iz_izvora,ispitivanje,Negative,nije_dostupno_iz_izvora,nije_dostupno_iz_izvora,Negative,jedan_uvjezbani_koder
test-1100,"Da podnesu jedno izvješće pa da to raspravimo, tko je i zašto u MUP-u izbjegao Zakon o javnoj nabavi?",HR,test_file,1100,83662,1100,nije_dostupno_iz_izvora,ispitivanje,Negative,nije_dostupno_iz_izvora,nije_dostupno_iz_izvora,Negative,jedan_uvjezbani_koder
test-1101,Sredstva mogu se koristiti prije svega i za obnovu voznog parka.,HR,test_file,1101,74145,1101,nije_dostupno_iz_izvora,ispitivanje,P_Neutral,nije_dostupno_iz_izvora,nije_dostupno_iz_izvora,Neutral,jedan_uvjezbani_koder
test-1106,"Kolega Novak, javio sam se za repliku prije no ste me spomenuli i to u vezi HDZ-a jer ste rekli HDZ dalje od televizije.",HR,test_file,1106,102298,1106,nije_dostupno_iz_izvora,ispitivanje,Negative,nije_dostupno_iz_izvora,nije_dostupno_iz_izvora,Negative,jedan_uvjezbani_koder
test-1108,I desi se ono što se desilo početkom ove godine.,HR,test_file,1108,64740,1108,nije_dostupno_iz_izvora,ispitivanje,P_Neutral,nije_dostupno_iz_izvora,nije_dostupno_iz_izvora,Neutral,jedan_uvjezbani_koder
test-1110,Dozvolite da vam objasnim malo o čemu se zapravo radi.,HR,test_file,1110,26264,1110,nije_dostupno_iz_izvora,ispitivanje,P_Neutral,nije_dostupno_iz_izvora,nije_dostupno_iz_izvora,Neutral,jedan_uvjezbani_koder
test-1111,Čak i ako pretpostavimo da je meso bilo dobre kvalitete taj ej uvoz došao bez PDV-a.,HR,test_file,1111,68341,1111,nije_dostupno_iz_izvora,ispitivanje,Negative,nije_dostupno_iz_izvora,nije_dostupno_iz_izvora,Negative,jedan_uvjezbani_koder
test-1112,"Ako se pozivamo na Ustav, na socijalnu državu tada i kriteriji socijalni moraju biti unutar i tada smo trebali obuhvatiti i zaustavljanje deložacija kod prve nekretnine.",HR,test_file,1112,119128,1112,nije_dostupno_iz_izvora,ispitivanje,M_Negative,nije_dostupno_iz_izvora,nije_dostupno_iz_izvora,Negative,jedan_uvjezbani_koder
test-1114,Na taj način bi kamatne stope pale u prosjeku za 50%.,HR,test_file,1114,61038,1114,nije_dostupno_iz_izvora,ispitivanje,P_Neutral,nije_dostupno_iz_izvora,nije_dostupno_iz_izvora,Neutral,jedan_uvjezbani_koder
test-1115,A iz vlastitih prihoda sasvim je sigurno ne može osigurati sredstva da bi mogla funkcionirati.,HR,test_file,1115,16968,1115,nije_dostupno_iz_izvora,ispitivanje,Negative,nije_dostupno_iz_izvora,nije_dostupno_iz_izvora,Negative,jedan_uvjezbani_koder
test-1120,"Dakle, s jedne strane vraćamo dug, s druge strane sada se ne stvara dug jer je to sukladno zakonu.",HR,test_file,1120,83251,1120,nije_dostupno_iz_izvora,ispitivanje,Positive,nije_dostupno_iz_izvora,nije_dostupno_iz_izvora,Positive,jedan_uvjezbani_koder
test-1121,"Vrlo kratko što se toga tiče moram reći, podsjetit HNB obavlja superviziju onih kreditnih institucija kojima je dala dozvolu za rad.",HR,test_file,1121,105563,1121,nije_dostupno_iz_izvora,ispitivanje,N_Neutral,nije_dostupno_iz_izvora,nije_dostupno_iz_izvora,Neutral,jedan_uvjezbani_koder
test-1122,Odbor za zakonodavstvo podupire donošenje ovog zakona i ne protivi se prijedlogu predlagatelja da se ovaj zakon donese po hitnom postupku.,HR,test_file,1122,9496,1122,nije_dostupno_iz_izvora,ispitivanje,P_Neutral,nije_dostupno_iz_izvora,nije_dostupno_iz_izvora,Neutral,jedan_uvjezbani_koder
test-1124,"Već je problem kada Hrvatska Vlada proda INA-u saniranu banku, hotelsko poduzeće i slično, to je po meni problem.",HR,test_file,1124,30564,1124,nije_dostupno_iz_izvora,ispitivanje,Negative,nije_dostupno_iz_izvora,nije_dostupno_iz_izvora,Negative,jedan_uvjezbani_koder
test-1130,Ali onda ste rekli da će bit dosta pitanja pa eto ja se pridružujem tim pitanjima.,HR,test_file,1130,105057,1130,nije_dostupno_iz_izvora,ispitivanje,P_Neutral,nije_dostupno_iz_izvora,nije_dostupno_iz_izvora,Neutral,jedan_uvjezbani_koder
test-1131,"Vrlo jednostavnim izračunom se dođe do podatka da je to jedan ogroman broj ljudi, naime u posadama tih brodova koji primaju 3 do 4 tisuće putnika gotovo po tisuću je članova posade.",HR,test_file,1131,13668,1131,nije_dostupno_iz_izvora,ispitivanje,P_Neutral,nije_dostupno_iz_izvora,nije_dostupno_iz_izvora,Neutral,jedan_uvjezbani_koder
test-1132,Hvala u ime Kluba Hrvatske demokratske zajednice poštovana zastupnica Katarina Fuček.,HR,test_file,1132,10465,1132,nije_dostupno_iz_izvora,ispitivanje,P_Neutral,nije_dostupno_iz_izvora,nije_dostupno_iz_izvora,Neutral,jedan_uvjezbani_koder
test-1133,Ugledni umjetnici i javni radnici i da će jamčiti predstavnička tijela njihov rad i upravljanje kazalištima.,HR,test_file,1133,50655,1133,nije_dostupno_iz_izvora,ispitivanje,P_Neutral,nije_dostupno_iz_izvora,nije_dostupno_iz_izvora,Neutral,jedan_uvjezbani_koder
test-1135,"Druga stvar, mi imamo jedan drugačiji pristup na tretiranje ove problematike, potpuno drugačiji pristup od onoga koji se predviđa ovim prijedlogom zakona.",HR,test_file,1135,22561,1135,nije_dostupno_iz_izvora,ispitivanje,N_Neutral,nije_dostupno_iz_izvora,nije_dostupno_iz_izvora,Neutral,jedan_uvjezbani_koder
test-1136,Ali ja vas gospodo pitam što smo išli u privatizaciju u tim i takvim vremenima?,HR,test_file,1136,44392,1136,nije_dostupno_iz_izvora,ispitivanje,Negative,nije_dostupno_iz_izvora,nije_dostupno_iz_izvora,Negative,jedan_uvjezbani_koder
test-1140,Zasigurno je potrebno definirati njihov status s obzirom da obavljaju vrlo značajne i zahtjevne poslove za potrebe obrambenog sustava RH.,HR,test_file,1140,28530,1140,nije_dostupno_iz_izvora,ispitivanje,P_Neutral,nije_dostupno_iz_izvora,nije_dostupno_iz_izvora,Neutral,jedan_uvjezbani_koder
test-1141,Smatramo da ste vi mogli dati podloge na osnovu kojeg bi mi i mogli donijeti zaključak koji je u interesu Hrvatskog sabora i koji je naročito u interesu građana Siska i njihove županije.,HR,test_file,1141,83774,1141,nije_dostupno_iz_izvora,ispitivanje,M_Positive,nije_dostupno_iz_izvora,nije_dostupno_iz_izvora,Positive,jedan_uvjezbani_koder
test-1142,Uvaženi kolega rekao je da je namjera Vlade ovim Zakonom spriječiti trgovanje ili manipuliranje mandatima vijećnika.,HR,test_file,1142,54549,1142,nije_dostupno_iz_izvora,ispitivanje,M_Positive,nije_dostupno_iz_izvora,nije_dostupno_iz_izvora,Positive,jedan_uvjezbani_koder
test-1145,Dakle barem još dva konstitutivna elementa će se u toj cijeloj priči kad raspravljamo o BiH-u.,HR,test_file,1145,121611,1145,nije_dostupno_iz_izvora,ispitivanje,P_Neutral,nije_dostupno_iz_izvora,nije_dostupno_iz_izvora,Neutral,jedan_uvjezbani_koder
test-1146,Potakle su me naravno diskusije koje su se ovdje vodile.,HR,test_file,1146,5520,1146,nije_dostupno_iz_izvora,ispitivanje,P_Neutral,nije_dostupno_iz_izvora,nije_dostupno_iz_izvora,Neutral,jedan_uvjezbani_koder
test-1147,"Sigurno da je potrebno poraditi na kvaliteti sustava, povećanju plaća jer na taj način će zapravo sustav bit održiv.",HR,test_file,1147,135652,1147,nije_dostupno_iz_izvora,ispitivanje,M_Positive,nije_dostupno_iz_izvora,nije_dostupno_iz_izvora,Positive,jedan_uvjezbani_koder
test-1148,Može li kolegice i kolege Zavod za toksikologiju obzirom na njegovo ustrojstvo i na njegov djelokrug rada zapravo se baviti antidopingom?,HR,test_file,1148,60111,1148,nije_dostupno_iz_izvora,ispitivanje,N_Neutral,nije_dostupno_iz_izvora,nije_dostupno_iz_izvora,Neutral,jedan_uvjezbani_koder
test-1149,"Zahvaljujem gospođo potpredsjednice, poštovana zamjenice sa suradnikom, kolegice i kolege.",HR,test_file,1149,111806,1149,nije_dostupno_iz_izvora,ispitivanje,Positive,nije_dostupno_iz_izvora,nije_dostupno_iz_izvora,Positive,jedan_uvjezbani_koder
test-1151,Ja bih slušajući neke od vaših replika i sugestija rekao da je vjerojatno u Jordanićevo vrijeme on radio fantastično i da smo taj model trebali zadržati.,HR,test_file,1151,66062,1151,nije_dostupno_iz_izvora,ispitivanje,M_Negative,nije_dostupno_iz_izvora,nije_dostupno_iz_izvora,Negative,jedan_uvjezbani_koder
test-1152,"Ali što znače objektivni kriteriji nije dovoljno jasno po mišljenju kluba HNS-a nije definirano, a to je ključni dio reforme da se konačno počnemo baviti pitanjem kvalitete ljudi koji rade te poslove.",HR,test_file,1152,34283,1152,nije_dostupno_iz_izvora,ispitivanje,M_Negative,nije_dostupno_iz_izvora,nije_dostupno_iz_izvora,Negative,jedan_uvjezbani_koder
test-1154,I onda ne vidim kakve veza Vlada ima sa tom njihovom udrugom.,HR,test_file,1154,80246,1154,nije_dostupno_iz_izvora,ispitivanje,Negative,nije_dostupno_iz_izvora,nije_dostupno_iz_izvora,Negative,jedan_uvjezbani_koder
test-1156,"I na taj način evo moram reći da ideja od prije par godina kada se počelo govoriti o tom Zakonu, pa i njegovim, dosta njegovih izmjena.",HR,test_file,1156,33920,1156,nije_dostupno_iz_izvora,ispitivanje,N_Neutral,nije_dostupno_iz_izvora,nije_dostupno_iz_izvora,Neutral,jedan_uvjezbani_koder
test-1157,Čim se radi rebalans onda treba izmijeniti ovaj zakon da se usklade sve te stavke koje su proistekle iz toga što se nisu ni prihodi ni rashodi izvršili onako kako su planirani.,HR,test_file,1157,57669,1157,nije_dostupno_iz_izvora,ispitivanje,M_Negative,nije_dostupno_iz_izvora,nije_dostupno_iz_izvora,Negative,jedan_uvjezbani_koder
test-1158,"Sjećam se jedne priče kada je u jednoj velikoj, uređenoj zemlji, jedan vlasnik zaštićene šume šumu zalijevao naftom.",HR,test_file,1158,16565,1158,nije_dostupno_iz_izvora,ispitivanje,Negative,nije_dostupno_iz_izvora,nije_dostupno_iz_izvora,Negative,jedan_uvjezbani_koder
test-1160,"Čini mi se čak i na, da se i u zdravstvu nismo ponijeli ukupno odgovorno.",HR,test_file,1160,23978,1160,nije_dostupno_iz_izvora,ispitivanje,Negative,nije_dostupno_iz_izvora,nije_dostupno_iz_izvora,Negative,jedan_uvjezbani_koder
test-1162,Prije svega možemo čestitati premijeru da je otišao u pravi trenutak u Mostar i pokaza.,HR,test_file,1162,72000,1162,nije_dostupno_iz_izvora,ispitivanje,Positive,nije_dostupno_iz_izvora,nije_dostupno_iz_izvora,Positive,jedan_uvjezbani_koder
test-1163,"Mislim da je potpuno pogrešno utvrditi tehničku ispravnost vozila, odnosno starost vozila kao argument sigurnosti vozila.",HR,test_file,1163,69424,1163,nije_dostupno_iz_izvora,ispitivanje,Negative,nije_dostupno_iz_izvora,nije_dostupno_iz_izvora,Negative,jedan_uvjezbani_koder
test-1164,"Znači, glasati dolazi normalno glagol koji dolazi od imenice glas, glasati kao klas klasati a ne klasovati i stas stasati, a ne stasovati.",HR,test_file,1164,102308,1164,nije_dostupno_iz_izvora,ispitivanje,N_Neutral,nije_dostupno_iz_izvora,nije_dostupno_iz_izvora,Neutral,jedan_uvjezbani_koder
test-1168,"Kad govorimo o politici onda su svakako žene u politici manjina, pa onda i na to mislim.",HR,test_file,1168,53160,1168,nije_dostupno_iz_izvora,ispitivanje,N_Neutral,nije_dostupno_iz_izvora,nije_dostupno_iz_izvora,Neutral,jedan_uvjezbani_koder
test-1169,Stoga je bilo nužno da se proba na drugim mjerama omogućiti represivnom aparatu sustavom prisile da se poslodavci natjeraju da isplate radniku plaću ili da odu u stečaj.,HR,test_file,1169,33247,1169,nije_dostupno_iz_izvora,ispitivanje,M_Negative,nije_dostupno_iz_izvora,nije_dostupno_iz_izvora,Negative,jedan_uvjezbani_koder
test-1171,Člankom 70. zakona utvrđena je obveza škole da surađuje s tijelima socijalne skrbi te je odgovorna osoba za učinkovitu suradnju upravo ravnatelj škole.,HR,test_file,1171,38480,1171,nije_dostupno_iz_izvora,ispitivanje,P_Neutral,nije_dostupno_iz_izvora,nije_dostupno_iz_izvora,Neutral,jedan_uvjezbani_koder
test-1174,"Ista apsolutno sad politika, ista meta, isto odstojanje, znači niti je ovo cjelovita, niti je sveobuhvatna reforma.",HR,test_file,1174,173317,1174,nije_dostupno_iz_izvora,ispitivanje,Negative,nije_dostupno_iz_izvora,nije_dostupno_iz_izvora,Negative,jedan_uvjezbani_koder
test-1176,"Ja mislim da je to zaista bila jedna hvale vrijedna ideja, međutim imamo primjere prakse koja na žalost nije dobra.",HR,test_file,1176,6167,1176,nije_dostupno_iz_izvora,ispitivanje,M_Negative,nije_dostupno_iz_izvora,nije_dostupno_iz_izvora,Negative,jedan_uvjezbani_koder
test-1177,Bez rasprave Odbor za pravosuđe jednoglasno je sa 8 glasova za odlučio predložiti Hrvatskom saboru da donese Zakon o izmjenama i dopunama Zakona o zemljišnim knjigama.,HR,test_file,1177,95076,1177,nije_dostupno_iz_izvora,ispitivanje,P_Neutral,nije_dostupno_iz_izvora,nije_dostupno_iz_izvora,Neutral,jedan_uvjezbani_koder
test-1181,Zakona o Narodnoj banci predviđeno je da HNB dva puta godišnje Hrvatski sabor izvještava o pokazateljima i stanju monetarne politike u Republici Hrvatskoj.,HR,test_file,1181,3269,1181,nije_dostupno_iz_izvora,ispitivanje,P_Neutral,nije_dostupno_iz_izvora,nije_dostupno_iz_izvora,Neutral,jedan_uvjezbani_koder
test-1182,"Simulacije koje bi trebale značiti kvalitetnu analitiku, analizu koje su trebale provesti farmaceutske kuće u Republici Hrvatskoj.",HR,test_file,1182,3658,1182,nije_dostupno_iz_izvora,ispitivanje,M_Positive,nije_dostupno_iz_izvora,nije_dostupno_iz_izvora,Positive,jedan_uvjezbani_koder
test-1184,Ponovo 76 glasova i amandman br. 11. postaje sastavni dio Zakona.,HR,test_file,1184,86806,1184,nije_dostupno_iz_izvora,ispitivanje,P_Neutral,nije_dostupno_iz_izvora,nije_dostupno_iz_izvora,Neutral,jedan_uvjezbani_koder
test-1185,"Ukoliko se na natječaj za ravnatelja ne javi neko i ne udovoljava uvjetima, a da je medicinske struke, u tom slučaju bi vjerojatno zamjenik bio netko tko je stručnjak za mirovinsko osiguranje.",HR,test_file,1185,10800,1185,nije_dostupno_iz_izvora,ispitivanje,N_Neutral,nije_dostupno_iz_izvora,nije_dostupno_iz_izvora,Neutral,jedan_uvjezbani_koder
test-1188,"Poštovani zastupniče Borić vi ste duboko svjesni koliko smo radili primjerice na Zakonu o otocima, što se napravilo, što će se napraviti, ja zaista mislim da pokazatelji govore sami za sebe.",HR,test_file,1188,107760,1188,nije_dostupno_iz_izvora,ispitivanje,Positive,nije_dostupno_iz_izvora,nije_dostupno_iz_izvora,Positive,jedan_uvjezbani_koder
test-1189,"Ja moram priznati da se s tim ne slažem, mislim da svatko od nas vrlo nekakvim malim stvarima može djelovati i može napraviti i može se dobro osjećati pri tom.",HR,test_file,1189,178722,1189,nije_dostupno_iz_izvora,ispitivanje,Positive,nije_dostupno_iz_izvora,nije_dostupno_iz_izvora,Positive,jedan_uvjezbani_koder
test-1190,"Dakle, taj zakon već u najavi je ozakonjenje kršenja Ustava, kršenja svih pozitivnih zakonskih propisa koji se odnose na strateške projekte, pa i ovog zakona.",HR,test_file,1190,73589,1190,nije_dostupno_iz_izvora,ispitivanje,Negative,nije_dostupno_iz_izvora,nije_dostupno_iz_izvora,Negative,jedan_uvjezbani_koder
test-1194,"Dakle, vezano uz reguliranje razmjene i prijenosa uzoraka droge između Republike Hrvatske i drugih država u svrhu razmjene podataka o analiziranim uzorcima.",HR,test_file,1194,76551,1194,nije_dostupno_iz_izvora,ispitivanje,P_Neutral,nije_dostupno_iz_izvora,nije_dostupno_iz_izvora,Neutral,jedan_uvjezbani_koder
test-1195,"Vodimo računa da mi želimo brodit kroz ovu krizu, a da imamo s čime kormilarit, upravljat i donositi mjere, to je jako važno.",HR,test_file,1195,192298,1195,nije_dostupno_iz_izvora,ispitivanje,M_Positive,nije_dostupno_iz_izvora,nije_dostupno_iz_izvora,Positive,jedan_uvjezbani_koder
test-1200,Evo odmah na početku želim istaknuti da će klub Hrvatske demokratske zajednice podržati donošenje odluke da se dan 21. ožujka proglasi nacionalnim danom invalida rada.,HR,test_file,1200,27132,1200,nije_dostupno_iz_izvora,ispitivanje,P_Neutral,nije_dostupno_iz_izvora,nije_dostupno_iz_izvora,Neutral,jedan_uvjezbani_koder
test-1201,"I mi čekamo odgovor šta je tu bilo, jednako kao i vi.",HR,test_file,1201,10819,1201,nije_dostupno_iz_izvora,ispitivanje,N_Neutral,nije_dostupno_iz_izvora,nije_dostupno_iz_izvora,Neutral,jedan_uvjezbani_koder
test-1206,I naravno u televizijskim emisijama koje se za tu priliku organiziraju.,HR,test_file,1206,96629,1206,nije_dostupno_iz_izvora,ispitivanje,P_Neutral,nije_dostupno_iz_izvora,nije_dostupno_iz_izvora,Neutral,jedan_uvjezbani_koder
test-1208,"A tu je vidljivo i potvrđuju revizijski nalazi koji su bili u prethodnom, u prijašnjoj sjednici ovoga saziva.",HR,test_file,1208,8259,1208,nije_dostupno_iz_izvora,ispitivanje,P_Neutral,nije_dostupno_iz_izvora,nije_dostupno_iz_izvora,Neutral,jedan_uvjezbani_koder
test-1209,"Prvo unapređenje rada, a drugo jačanje unutarnje kontrole i nadzora rada državnih odvjetnika u jedinstvenom sustavu upravljanja.",HR,test_file,1209,62392,1209,nije_dostupno_iz_izvora,ispitivanje,P_Neutral,nije_dostupno_iz_izvora,nije_dostupno_iz_izvora,Neutral,jedan_uvjezbani_koder
test-1210,Gospođe i gospodo mi imamo ne samo neravnomjerno gospodarsko izdvajanje i neravnomjerni gospodarski rast uvjetovan državnim subvencijama nego i regionalni.,HR,test_file,1210,1304,1210,nije_dostupno_iz_izvora,ispitivanje,Negative,nije_dostupno_iz_izvora,nije_dostupno_iz_izvora,Negative,jedan_uvjezbani_koder
test-1213,Vlada je rekla da neće predložiti taj zakon jer ne prihvaća ovo izvješće nego ga prima k znanju.,HR,test_file,1213,15248,1213,nije_dostupno_iz_izvora,ispitivanje,Negative,nije_dostupno_iz_izvora,nije_dostupno_iz_izvora,Negative,jedan_uvjezbani_koder
test-1214,"Ali držimo da je u danom trenutku u kojem jesmo ova visina ulaganja zaista, zaista primjerena.",HR,test_file,1214,108051,1214,nije_dostupno_iz_izvora,ispitivanje,Positive,nije_dostupno_iz_izvora,nije_dostupno_iz_izvora,Positive,jedan_uvjezbani_koder
test-1215,"Poštovani gospodine potpredsjedniče, poštovana državna tajnice, poštovani ravnatelju.",HR,test_file,1215,42415,1215,nije_dostupno_iz_izvora,ispitivanje,P_Neutral,nije_dostupno_iz_izvora,nije_dostupno_iz_izvora,Neutral,jedan_uvjezbani_koder
test-1216,"I drugo pitanje, kako je moguće da se ovakvo izvješće iz 2013.nije smatralo dovoljno alarmantnim da odmah dođe na saborske klupe i da se što prije pokrenu konkretne mjere?",HR,test_file,1216,2459,1216,nije_dostupno_iz_izvora,ispitivanje,Negative,nije_dostupno_iz_izvora,nije_dostupno_iz_izvora,Negative,jedan_uvjezbani_koder
test-1217,U ime kluba HSS-a tražim stanku vezano uz proglašenog stanja elementarne nepogode od suše u većini županija i naknadi šteta koje poljoprivredni proizvođači očekuju.,HR,test_file,1217,47395,1217,nije_dostupno_iz_izvora,ispitivanje,M_Negative,nije_dostupno_iz_izvora,nije_dostupno_iz_izvora,Negative,jedan_uvjezbani_koder
test-1224,"Svako od tih tijela ima svojeg predsjednika, ravnatelja, stručnu službu, troškove, naknade članovima, rezultati mnogi od njih nisu baš osobito prepoznatljivi.",HR,test_file,1224,27685,1224,nije_dostupno_iz_izvora,ispitivanje,Negative,nije_dostupno_iz_izvora,nije_dostupno_iz_izvora,Negative,jedan_uvjezbani_koder
test-1228,"Dakle, ovdje je ipak u središtu, središnje pitanje pitanje svjetonazora etike morala odnosa prema životu, prema braku i prema obitelji.",HR,test_file,1228,13208,1228,nije_dostupno_iz_izvora,ispitivanje,P_Neutral,nije_dostupno_iz_izvora,nije_dostupno_iz_izvora,Neutral,jedan_uvjezbani_koder
test-1233,"I evo kao što imamo ovdje podatak da imamo invalidnih osoba 429 tisuća 421, od toga su invalidi rada 109 tisuća 104.",HR,test_file,1233,94987,1233,nije_dostupno_iz_izvora,ispitivanje,N_Neutral,nije_dostupno_iz_izvora,nije_dostupno_iz_izvora,Neutral,jedan_uvjezbani_koder
test-1236,"Za usporedbu u zemljama EU poput Češke, Slovačke ili Poljske izvozi se preko 50% proizvodnje.",HR,test_file,1236,63223,1236,nije_dostupno_iz_izvora,ispitivanje,P_Neutral,nije_dostupno_iz_izvora,nije_dostupno_iz_izvora,Neutral,jedan_uvjezbani_koder
test-1238,"Ili 25 milijardi a jedinice lokalne samouprave izdvajaju od 22 milijarde, 2, 1 milijardu za svoje plaće.",HR,test_file,1238,52474,1238,nije_dostupno_iz_izvora,ispitivanje,P_Neutral,nije_dostupno_iz_izvora,nije_dostupno_iz_izvora,Neutral,jedan_uvjezbani_koder
test-1240,Konačan uspjeh moći će se ostvariti tek kada svaki hrvatski građanin prepozna svoj interes i svoju ulogu u ostvarivanju članstva u Uniji.,HR,test_file,1240,30504,1240,nije_dostupno_iz_izvora,ispitivanje,M_Positive,nije_dostupno_iz_izvora,nije_dostupno_iz_izvora,Positive,jedan_uvjezbani_koder
test-1241,Nastojali smo otkloniti postojeće dvojbe u tumačenju i primjeni pojedinih odredbi.,HR,test_file,1241,57713,1241,nije_dostupno_iz_izvora,ispitivanje,M_Positive,nije_dostupno_iz_izvora,nije_dostupno_iz_izvora,Positive,jedan_uvjezbani_koder
test-1242,"Uvažena kolegice Ninčević Lesandrić, dakle, ja se s vama slažem, to je jedna od bitnih stvari u našem društvu i u državi je poticanje malog i srednjeg poduzetništva.",HR,test_file,1242,52009,1242,nije_dostupno_iz_izvora,ispitivanje,Positive,nije_dostupno_iz_izvora,nije_dostupno_iz_izvora,Positive,jedan_uvjezbani_koder
test-1243,"Međutim do dana današnjega nakon desetaka i desetaka elaborata, procjena, idejnih rješenja, dokaza, potvrdnica koje smo poslali prema Ministarstvu nažalost još uvijek nismo sklopili Sporazum o izgradnji te škole.",HR,test_file,1243,89604,1243,nije_dostupno_iz_izvora,ispitivanje,Negative,nije_dostupno_iz_izvora,nije_dostupno_iz_izvora,Negative,jedan_uvjezbani_koder
test-1245,"Kolegice i kolege, ja vas sad molim da dopustimo kolegi Grbinu da govori u ime Kluba zastupnika SDP-a.",HR,test_file,1245,78006,1245,nije_dostupno_iz_izvora,ispitivanje,P_Neutral,nije_dostupno_iz_izvora,nije_dostupno_iz_izvora,Neutral,jedan_uvjezbani_koder
test-1246,"On je, ja bih rekao začudan, on je neobjašnjiv i on je neshvatljiv.",HR,test_file,1246,31846,1246,nije_dostupno_iz_izvora,ispitivanje,Negative,nije_dostupno_iz_izvora,nije_dostupno_iz_izvora,Negative,jedan_uvjezbani_koder
test-1248,"Stjecanje pojedine kvalifikacije može se odvijati putem više programa, naravno uvažava se autonomija i kreativnost obrazovnih ustanova, ali svi programi moraju biti u skladu sa odgovarajućim standardom kvalifikacije.",HR,test_file,1248,29896,1248,nije_dostupno_iz_izvora,ispitivanje,P_Neutral,nije_dostupno_iz_izvora,nije_dostupno_iz_izvora,Neutral,jedan_uvjezbani_koder
test-1249,Mogli smo odraditi dio dnevnog reda i daleko lakše bi ove rasprave išle.,HR,test_file,1249,119504,1249,nije_dostupno_iz_izvora,ispitivanje,M_Negative,nije_dostupno_iz_izvora,nije_dostupno_iz_izvora,Negative,jedan_uvjezbani_koder
test-1250,"Naime, tijekom rujna različiti čelnici država članica, institucija dali su u javni prostor nekoliko referentnih govora.",HR,test_file,1250,56439,1250,nije_dostupno_iz_izvora,ispitivanje,P_Neutral,nije_dostupno_iz_izvora,nije_dostupno_iz_izvora,Neutral,jedan_uvjezbani_koder
test-1251,"Ako zanemarimo zašto privatni sektor ulagao, nije, evo zbog ovoga što sam obrazložio, a zašto nije državni ulagao?",HR,test_file,1251,95681,1251,nije_dostupno_iz_izvora,ispitivanje,Negative,nije_dostupno_iz_izvora,nije_dostupno_iz_izvora,Negative,jedan_uvjezbani_koder
test-1253,"Prema tome, ne stoji, sasvim sigurno, vaša konstatacija prvo da je to licitiranje i drugo, da te mjere gube kredibilitet i stručne i svake druge javnosti.",HR,test_file,1253,6123,1253,nije_dostupno_iz_izvora,ispitivanje,M_Negative,nije_dostupno_iz_izvora,nije_dostupno_iz_izvora,Negative,jedan_uvjezbani_koder
test-1255,"Ali mi svakog takvog našeg sugrađana moramo čut, i moramo pitat, i moramo provjerit što se događa da bi znali to je cijela suština ove institucije.",HR,test_file,1255,108946,1255,nije_dostupno_iz_izvora,ispitivanje,P_Neutral,nije_dostupno_iz_izvora,nije_dostupno_iz_izvora,Neutral,jedan_uvjezbani_koder
test-1258,"Znači potpuno se krši načelo razmjernosti koje je prihvaćeno u međunarodnom pravu u svim državama EU, to načelo postoji.",HR,test_file,1258,55972,1258,nije_dostupno_iz_izvora,ispitivanje,Negative,nije_dostupno_iz_izvora,nije_dostupno_iz_izvora,Negative,jedan_uvjezbani_koder
test-1260,Samo tri stvari koje su se pojavile pa da se poslije ne pojavljuju.,HR,test_file,1260,28581,1260,nije_dostupno_iz_izvora,ispitivanje,N_Neutral,nije_dostupno_iz_izvora,nije_dostupno_iz_izvora,Neutral,jedan_uvjezbani_koder
test-1263,"Prije toga ću reći kako podržavam osnivanje Državnog inspektorata u kojemu bi se objedinio rad 17 postojećih inspekcija, čime bi se doprinijelo koordiniranom učinkovitijem radu Državne inspekcije.",HR,test_file,1263,115848,1263,nije_dostupno_iz_izvora,ispitivanje,Positive,nije_dostupno_iz_izvora,nije_dostupno_iz_izvora,Positive,jedan_uvjezbani_koder
test-1264,Pa sam očekivao od vas da ćete reagirati s prijedlogom da se osnuje Hrvatska komunalna banka ili HABOR da se pretvori u investicijsku razvojnu banku.,HR,test_file,1264,36854,1264,nije_dostupno_iz_izvora,ispitivanje,Negative,nije_dostupno_iz_izvora,nije_dostupno_iz_izvora,Negative,jedan_uvjezbani_koder
test-1265,Ako ovako zamišljate standarde po kojima bi trebalo razvijati održivi razvoj onda razvoja nikakvoga nigdje biti neće.,HR,test_file,1265,119950,1265,nije_dostupno_iz_izvora,ispitivanje,Negative,nije_dostupno_iz_izvora,nije_dostupno_iz_izvora,Negative,jedan_uvjezbani_koder
test-1267,Mi izabiremo drugi put i ne želimo učiti na iskustvima drugih.,HR,test_file,1267,29212,1267,nije_dostupno_iz_izvora,ispitivanje,Negative,nije_dostupno_iz_izvora,nije_dostupno_iz_izvora,Negative,jedan_uvjezbani_koder
test-1268,"Rashodi političkih stranaka odnose se na rashode za zaposlene, rashode za promidžbu i druge materijalne rashode, potom na rashode za amortizaciju i financijske rashode, rashode za donaciju i drugo.",HR,test_file,1268,63795,1268,nije_dostupno_iz_izvora,ispitivanje,P_Neutral,nije_dostupno_iz_izvora,nije_dostupno_iz_izvora,Neutral,jedan_uvjezbani_koder
test-1269,"Prema tome, kad biste slučajno htjeli da vam ja napravim neki zahvat, neću sad spominjati kakav zahvat sigurno vam ne bi preporučio iako sam internista, sveučilišni profesor itd.",HR,test_file,1269,14860,1269,nije_dostupno_iz_izvora,ispitivanje,Negative,nije_dostupno_iz_izvora,nije_dostupno_iz_izvora,Negative,jedan_uvjezbani_koder
test-1271,U slučajevima kada se poduzimaju određene mjere za naplatu pri čemu se naravno utvrdi nemogućnost naplate.,HR,test_file,1271,10499,1271,nije_dostupno_iz_izvora,ispitivanje,N_Neutral,nije_dostupno_iz_izvora,nije_dostupno_iz_izvora,Neutral,jedan_uvjezbani_koder
test-1274,"Htio sam reći da jučerašnja diskusija, rasprava kada smo imali cijelo popodne tri i pol sada ja mislim da je trajala o Parku prirode ""Medvednice"" za svaku pohvalu.",HR,test_file,1274,17369,1274,nije_dostupno_iz_izvora,ispitivanje,Positive,nije_dostupno_iz_izvora,nije_dostupno_iz_izvora,Positive,jedan_uvjezbani_koder
test-1276,"U nekim zemljama je ženska homoseksualnost legalna, a muška se kažnjava smrtnom kaznom, i toga ima.",HR,test_file,1276,72625,1276,nije_dostupno_iz_izvora,ispitivanje,Negative,nije_dostupno_iz_izvora,nije_dostupno_iz_izvora,Negative,jedan_uvjezbani_koder
test-1277,"Učinkoviti mehanizam zaštite prava djece počiva na snažnim, nezavisnim institucijama za praćenje i zaštitu prava te na agilnosti nositelja odgovornosti za dječja prava.",HR,test_file,1277,141751,1277,nije_dostupno_iz_izvora,ispitivanje,Positive,nije_dostupno_iz_izvora,nije_dostupno_iz_izvora,Positive,jedan_uvjezbani_koder
test-1279,"Dakle, on je nositelj, formalni nositelj ovog cijelog posla.",HR,test_file,1279,41602,1279,nije_dostupno_iz_izvora,ispitivanje,P_Neutral,nije_dostupno_iz_izvora,nije_dostupno_iz_izvora,Neutral,jedan_uvjezbani_koder
test-1282,"Prvo, precizno se određuje tko se smatra dužnosnikom u smislu primjene zakona.",HR,test_file,1282,13996,1282,nije_dostupno_iz_izvora,ispitivanje,P_Neutral,nije_dostupno_iz_izvora,nije_dostupno_iz_izvora,Neutral,jedan_uvjezbani_koder
test-1283,"Nedavno je, MORH je naravno svakodnevno provodi i radne sastanke s predstavnicima i čelnicima drugih država.",HR,test_file,1283,144107,1283,nije_dostupno_iz_izvora,ispitivanje,P_Neutral,nije_dostupno_iz_izvora,nije_dostupno_iz_izvora,Neutral,jedan_uvjezbani_koder
test-1285,"Za prvostupanjsku presudu u parničnim i trgovačkim postupcima treba oko 380 dana, a u razvijenim zemljama Unije, nekoliko desetaka dana.",HR,test_file,1285,202159,1285,nije_dostupno_iz_izvora,ispitivanje,Negative,nije_dostupno_iz_izvora,nije_dostupno_iz_izvora,Negative,jedan_uvjezbani_koder
test-1288,Budžet i bolnica mjesečni su sa 490 milijuna došli na 415 što je najniži rang u zadnjih 15 godina.,HR,test_file,1288,63661,1288,nije_dostupno_iz_izvora,ispitivanje,Negative,nije_dostupno_iz_izvora,nije_dostupno_iz_izvora,Negative,jedan_uvjezbani_koder
test-1293,Neću govoriti da je to na neki način neizvršavanje izbornih obećavanja pa ja bih rekao i neizvršavanje zacrtanih ciljeva koji su dani u elementima za makroekonomsku stabilnost kod najave samog proračuna.,HR,test_file,1293,73456,1293,nije_dostupno_iz_izvora,ispitivanje,Negative,nije_dostupno_iz_izvora,nije_dostupno_iz_izvora,Negative,jedan_uvjezbani_koder
test-1296,"Poštovani državni tajniče, sami ste rekli da samo kozmetičke prirode su određeni Amandmani.",HR,test_file,1296,113051,1296,nije_dostupno_iz_izvora,ispitivanje,Negative,nije_dostupno_iz_izvora,nije_dostupno_iz_izvora,Negative,jedan_uvjezbani_koder
test-1299,I onda ste govorili o još uvijek neutvrđenoj granici između Hrvatske i Srbije.,HR,test_file,1299,4572,1299,nije_dostupno_iz_izvora,ispitivanje,Negative,nije_dostupno_iz_izvora,nije_dostupno_iz_izvora,Negative,jedan_uvjezbani_koder
test-1300,"I ovo je jedan primjer zakona koji je protiv građana, prije svega protiv građanki Republike Hrvatske koje su, usput budi rečeno, većina u hrvatskom društvu.",HR,test_file,1300,39577,1300,nije_dostupno_iz_izvora,ispitivanje,Negative,nije_dostupno_iz_izvora,nije_dostupno_iz_izvora,Negative,jedan_uvjezbani_koder
test-1302,"Oni će biti s jedne strane državni službenici, a s druge strane će biti lokalni službenici odnosno državni dužnosnici i lokalni dužnosnici.",HR,test_file,1302,156726,1302,nije_dostupno_iz_izvora,ispitivanje,P_Neutral,nije_dostupno_iz_izvora,nije_dostupno_iz_izvora,Neutral,jedan_uvjezbani_koder
test-1305,Mislim da su i neke druge sintagme bile na pameti.,HR,test_file,1305,60060,1305,nije_dostupno_iz_izvora,ispitivanje,Negative,nije_dostupno_iz_izvora,nije_dostupno_iz_izvora,Negative,jedan_uvjezbani_koder
test-1306,"Ne treba se toga bojati, nego treba omogućiti da se ta činjenica što kvalitetnije razvija.",HR,test_file,1306,4556,1306,nije_dostupno_iz_izvora,ispitivanje,M_Positive,nije_dostupno_iz_izvora,nije_dostupno_iz_izvora,Positive,jedan_uvjezbani_koder
test-1307,Presađivanje se smije obaviti jedino ako je primatelj dao pisanu suglasnost.,HR,test_file,1307,16773,1307,nije_dostupno_iz_izvora,ispitivanje,P_Neutral,nije_dostupno_iz_izvora,nije_dostupno_iz_izvora,Neutral,jedan_uvjezbani_koder
test-1308,"Drugim riječima, da se i Vlada u sadržaju ovih prijedloga koje su potaknuli nezavisni producenti slažu.",HR,test_file,1308,44551,1308,nije_dostupno_iz_izvora,ispitivanje,P_Neutral,nije_dostupno_iz_izvora,nije_dostupno_iz_izvora,Neutral,jedan_uvjezbani_koder
test-1311,Razlikujemo se samo u tome što je prošlogodišnje rješenje imalo za sankciju kaznene odredbe prema pravnim osobama i njihovim članovima uprave ili direktorima.,HR,test_file,1311,16099,1311,nije_dostupno_iz_izvora,ispitivanje,N_Neutral,nije_dostupno_iz_izvora,nije_dostupno_iz_izvora,Neutral,jedan_uvjezbani_koder
test-1312,Tek ako se isplatila tražbina dakle imate obrnuti proces onda bi se vlasništvo vratilo.,HR,test_file,1312,58555,1312,nije_dostupno_iz_izvora,ispitivanje,Negative,nije_dostupno_iz_izvora,nije_dostupno_iz_izvora,Negative,jedan_uvjezbani_koder
test-1314,"U skladu s navedenim i predviđenim zakonom upravo smo to i dobili, a prvo nekoliko riječi o izvješću o radu Hrvatske energetske regulatorne agencije za 2009. godinu.",HR,test_file,1314,64011,1314,nije_dostupno_iz_izvora,ispitivanje,P_Neutral,nije_dostupno_iz_izvora,nije_dostupno_iz_izvora,Neutral,jedan_uvjezbani_koder
test-1315,"Naime, ako malo promatramo što se događa posljednje vrijeme sa povicima na Parlament mislim da je i običnom čovjeku to čudno.",HR,test_file,1315,30487,1315,nije_dostupno_iz_izvora,ispitivanje,Negative,nije_dostupno_iz_izvora,nije_dostupno_iz_izvora,Negative,jedan_uvjezbani_koder
test-1317,"Ali da će ugovori, da se ugovori neće potpisivati sve dok određen broj kako se ovdje kaže tehničkih tema neće biti riješen.",HR,test_file,1317,6302,1317,nije_dostupno_iz_izvora,ispitivanje,N_Neutral,nije_dostupno_iz_izvora,nije_dostupno_iz_izvora,Neutral,jedan_uvjezbani_koder
test-1318,"Ali svakako evo u budućem zakonu o izmjenama Zakona o radu još snažnije, još čvršće utvrditi koja su prava i obveze radnika koje imaju posredovanje na tržištu rada.",HR,test_file,1318,31570,1318,nije_dostupno_iz_izvora,ispitivanje,P_Neutral,nije_dostupno_iz_izvora,nije_dostupno_iz_izvora,Neutral,jedan_uvjezbani_koder
test-1319,"Ja sam digao kaznenu prijavu ima godinu dana na USKOK i DORH, još nema nikakve reakcije na to. čovjek je broj jedan problem, monetarna i financijska politika u RH.",HR,test_file,1319,78339,1319,nije_dostupno_iz_izvora,ispitivanje,Negative,nije_dostupno_iz_izvora,nije_dostupno_iz_izvora,Negative,jedan_uvjezbani_koder
test-1320,Govornik nije uključen./... i zastupnici.,HR,test_file,1320,143826,1320,nije_dostupno_iz_izvora,ispitivanje,P_Neutral,nije_dostupno_iz_izvora,nije_dostupno_iz_izvora,Neutral,jedan_uvjezbani_koder
test-1324,Činjenica je da je tamo gdje nije postojao problem DTK učinjen je najveći korak u liberalizaciji tržišta.,HR,test_file,1324,11020,1324,nije_dostupno_iz_izvora,ispitivanje,M_Positive,nije_dostupno_iz_izvora,nije_dostupno_iz_izvora,Positive,jedan_uvjezbani_koder
test-1326,I tu ministarstvo mora učiniti značajne pomake da bi se to promijenilo.,HR,test_file,1326,63678,1326,nije_dostupno_iz_izvora,ispitivanje,N_Neutral,nije_dostupno_iz_izvora,nije_dostupno_iz_izvora,Neutral,jedan_uvjezbani_koder
test-1327,"Dakle ne bojmo se ovog ni zakona, ne bojmo se ni kartice, sukoba interesa je bilo u svim vladama.",HR,test_file,1327,67902,1327,nije_dostupno_iz_izvora,ispitivanje,M_Negative,nije_dostupno_iz_izvora,nije_dostupno_iz_izvora,Negative,jedan_uvjezbani_koder
test-1329,"Dakle da li mi ne vjerujemo svojim poduzetnicima i njima poruka, dižite novce jel ćete se izložiti jednom tijelu koje nema nikakav nadzor niti posebno tijelo da nazire kontrolu ovakvih transakcija.",HR,test_file,1329,9629,1329,nije_dostupno_iz_izvora,ispitivanje,Negative,nije_dostupno_iz_izvora,nije_dostupno_iz_izvora,Negative,jedan_uvjezbani_koder
test-1330,"U obliku kako ga vidimo, a čini mi se da smo i o tome ovdje govorili, on mora biti razvojna strategija, a ne samo razvojna šansa.",HR,test_file,1330,9536,1330,nije_dostupno_iz_izvora,ispitivanje,M_Negative,nije_dostupno_iz_izvora,nije_dostupno_iz_izvora,Negative,jedan_uvjezbani_koder
test-1331,"Hvala vam lijepa poštovani gospodine predsjedniče Hrvatskoga sabora, gospođo ministrice, dame i gospodo kolegice i kolege zastupnici i zastupnice.",HR,test_file,1331,1577,1331,nije_dostupno_iz_izvora,ispitivanje,P_Neutral,nije_dostupno_iz_izvora,nije_dostupno_iz_izvora,Neutral,jedan_uvjezbani_koder
test-1332,"Pa moram se nadovezati na ovo jer sad mi stvarno više nije jasno koga trebamo slušati, ali dobro.",HR,test_file,1332,10477,1332,nije_dostupno_iz_izvora,ispitivanje,Negative,nije_dostupno_iz_izvora,nije_dostupno_iz_izvora,Negative,jedan_uvjezbani_koder
test-1336,"Uglavnom se radi o maržu populacije, još uvijek nemamo umirovljenika, ali evo, čisto da malo osjetimo koliko će u sljedećem periodu, sljedećih godina, koštati hrvatski proračun.",HR,test_file,1336,42835,1336,nije_dostupno_iz_izvora,ispitivanje,Negative,nije_dostupno_iz_izvora,nije_dostupno_iz_izvora,Negative,jedan_uvjezbani_koder
test-1339,Slažem se i to da je izborna godina nije najbolje vrijeme kad treba mijenjati pravila igre.,HR,test_file,1339,84091,1339,nije_dostupno_iz_izvora,ispitivanje,M_Negative,nije_dostupno_iz_izvora,nije_dostupno_iz_izvora,Negative,jedan_uvjezbani_koder
test-1341,"Nakon što smo ga zamolili da to napravi on je otišao, dakle on je otišao.",HR,test_file,1341,43915,1341,nije_dostupno_iz_izvora,ispitivanje,Negative,nije_dostupno_iz_izvora,nije_dostupno_iz_izvora,Negative,jedan_uvjezbani_koder
test-1343,Za ovu raspravu da bi se mogao bilo tko od nas pripremiti bilo je neophodno da se napravi barem komparativan uvid u tri do pet Parlamenata zemalja članica Europske unije kako one to rješavaju.,HR,test_file,1343,8372,1343,nije_dostupno_iz_izvora,ispitivanje,Negative,nije_dostupno_iz_izvora,nije_dostupno_iz_izvora,Negative,jedan_uvjezbani_koder
test-1344,"Da ako lokalna samouprava dobro priprema i vodi lokalne projekte, ali to znači tehničko izvedbeno sa fizibiliti studijama, onda nije problem podržati takve projekte.",HR,test_file,1344,95844,1344,nije_dostupno_iz_izvora,ispitivanje,M_Positive,nije_dostupno_iz_izvora,nije_dostupno_iz_izvora,Positive,jedan_uvjezbani_koder
test-1348,I shodno tome i Republika Hrvatska je prije tri godine izvršila da tako kažem tu statističku promjenu i povećala je svoj bruto domaći proizvod za udio sive ekonomije negdje oko 16%.,HR,test_file,1348,73634,1348,nije_dostupno_iz_izvora,ispitivanje,M_Positive,nije_dostupno_iz_izvora,nije_dostupno_iz_izvora,Positive,jedan_uvjezbani_koder
test-1349,I nikome ne pada na pamet da se kaže da je to politički pritisak.,HR,test_file,1349,4331,1349,nije_dostupno_iz_izvora,ispitivanje,Negative,nije_dostupno_iz_izvora,nije_dostupno_iz_izvora,Negative,jedan_uvjezbani_koder
test-1350,Da li je naš cilj smanjiti nezaposlenost evidentiranu na Hrvatskom zavodu za zapošljavanje ili zaposliti što više ljudi?,HR,test_file,1350,11623,1350,nije_dostupno_iz_izvora,ispitivanje,M_Negative,nije_dostupno_iz_izvora,nije_dostupno_iz_izvora,Negative,jedan_uvjezbani_koder
test-1351,"Je jedan od ključnih problema koji bi što bolje i što kvalitetnije ipak trebalo rješavati sa ovim zakonom, a ne da moramo raditi izmjene i dopune drugih zakona.",HR,test_file,1351,9487,1351,nije_dostupno_iz_izvora,ispitivanje,M_Negative,nije_dostupno_iz_izvora,nije_dostupno_iz_izvora,Negative,jedan_uvjezbani_koder
test-1354,I istovremeno kada već govorimo o ove tri industrijske grane onda ću postaviti jedno pitanje Vladi.,HR,test_file,1354,9612,1354,nije_dostupno_iz_izvora,ispitivanje,P_Neutral,nije_dostupno_iz_izvora,nije_dostupno_iz_izvora,Neutral,jedan_uvjezbani_koder
test-1358,Ovo izvješće pokazuje između ostalog i zbog čega je pitanje dječjih prava toliko specifično.,HR,test_file,1358,76048,1358,nije_dostupno_iz_izvora,ispitivanje,P_Neutral,nije_dostupno_iz_izvora,nije_dostupno_iz_izvora,Neutral,jedan_uvjezbani_koder
test-1361,Stoga ću ponovno iskoristiti priliku i naglasiti da je jedan od vidova moguće edukacije zaista širokog građanstva inkluzija odnosno edukacija roditelja djece među koju su djeca s invaliditetom inkluzirana.,HR,test_file,1361,8987,1361,nije_dostupno_iz_izvora,ispitivanje,P_Neutral,nije_dostupno_iz_izvora,nije_dostupno_iz_izvora,Neutral,jedan_uvjezbani_koder
test-1362,Upravo da bismo istakli našu zainteresiranost i našu potporu u nastojanju da se ostvari puna transparentnost javnih nabava.,HR,test_file,1362,85401,1362,nije_dostupno_iz_izvora,ispitivanje,Positive,nije_dostupno_iz_izvora,nije_dostupno_iz_izvora,Positive,jedan_uvjezbani_koder
test-1367,Ako se sjećate njegov odgovor je bio sve samo ne priča o javnom dugu.,HR,test_file,1367,117983,1367,nije_dostupno_iz_izvora,ispitivanje,Negative,nije_dostupno_iz_izvora,nije_dostupno_iz_izvora,Negative,jedan_uvjezbani_koder
test-1368,Ako želim raditi u Njemačkoj morat ću položiti pravosudni ispit u Njemačkoj što mi neće biti jednostavno.,HR,test_file,1368,59109,1368,nije_dostupno_iz_izvora,ispitivanje,Negative,nije_dostupno_iz_izvora,nije_dostupno_iz_izvora,Negative,jedan_uvjezbani_koder
test-1369,Rezultat je to našeg smanjenog povjerenja u rad Državnog odvjetništva u ovom slučaju nakon saznanja koje smo imali.,HR,test_file,1369,27875,1369,nije_dostupno_iz_izvora,ispitivanje,Negative,nije_dostupno_iz_izvora,nije_dostupno_iz_izvora,Negative,jedan_uvjezbani_koder
test-1370,Prvi je gdje navodi ovaj rebalans je dobar put koji trasira izradu sljedeća dva proračuna kojima će Hrvatska izaći iz krize.,HR,test_file,1370,57482,1370,nije_dostupno_iz_izvora,ispitivanje,Positive,nije_dostupno_iz_izvora,nije_dostupno_iz_izvora,Positive,jedan_uvjezbani_koder
test-1375,"Treće u tom zakonu, diskriminira se izvanbračnu zajednicu i u pitanju posvajanju djece i u pitanju alimentacije.",HR,test_file,1375,56884,1375,nije_dostupno_iz_izvora,ispitivanje,Negative,nije_dostupno_iz_izvora,nije_dostupno_iz_izvora,Negative,jedan_uvjezbani_koder
test-1379,Prije nastavka rasprave u ime klubova pozdravimo učenike Osnovne škole Grigora Viteza iz Sv. Ivana Žabnog i njihove učitelje i učiteljice.,HR,test_file,1379,172631,1379,nije_dostupno_iz_izvora,ispitivanje,P_Neutral,nije_dostupno_iz_izvora,nije_dostupno_iz_izvora,Neutral,jedan_uvjezbani_koder
test-1380,Često ne samo sa velikim materijalnim štetama nego i sa većim brojem ozlijeđenih pa i poginulih.,HR,test_file,1380,37536,1380,nije_dostupno_iz_izvora,ispitivanje,Negative,nije_dostupno_iz_izvora,nije_dostupno_iz_izvora,Negative,jedan_uvjezbani_koder
test-1382,Imali smo sličnu situaciju za vrijeme bivšeg ministra financija Lalovca.,HR,test_file,1382,15165,1382,nije_dostupno_iz_izvora,ispitivanje,P_Neutral,nije_dostupno_iz_izvora,nije_dostupno_iz_izvora,Neutral,jedan_uvjezbani_koder
test-1383,"Pod krinkom kao mi hoćemo raditi, mi smo radoholičari, ja bih uvijek radio, ovoga, kaže gospodin Bačić i to je sad izgovor da se po drugi puta prevare građani.",HR,test_file,1383,114856,1383,nije_dostupno_iz_izvora,ispitivanje,Negative,nije_dostupno_iz_izvora,nije_dostupno_iz_izvora,Negative,jedan_uvjezbani_koder
test-1385,"Ali, u svojoj replici ću se zapravo osvrnuti na dio da Vlada nije ispoštovala zaključke Sabora.",HR,test_file,1385,43591,1385,nije_dostupno_iz_izvora,ispitivanje,Negative,nije_dostupno_iz_izvora,nije_dostupno_iz_izvora,Negative,jedan_uvjezbani_koder
test-1386,"Kada govorim o tome, mislim i na neka javna obraćanja nekij predstavnika sindikata od gospodina Ihasa pa nadalje.",HR,test_file,1386,55,1386,nije_dostupno_iz_izvora,ispitivanje,P_Neutral,nije_dostupno_iz_izvora,nije_dostupno_iz_izvora,Neutral,jedan_uvjezbani_koder
test-1387,U obrazlaganju ovog Zakona treba još reći da su brojne nesuglasice koje je on izazvao upravo posljedica nepoznavanja ovog što sam rekao.,HR,test_file,1387,24532,1387,nije_dostupno_iz_izvora,ispitivanje,Negative,nije_dostupno_iz_izvora,nije_dostupno_iz_izvora,Negative,jedan_uvjezbani_koder
test-1393,"Dakle, sa ovih 7% nikako ne možemo biti konkurentni i inzistirati na kvalitetnijem i bržem razvoju.",HR,test_file,1393,38171,1393,nije_dostupno_iz_izvora,ispitivanje,Negative,nije_dostupno_iz_izvora,nije_dostupno_iz_izvora,Negative,jedan_uvjezbani_koder
test-1395,"Nadalje, nedopustivo je prešućivati istinu i služiti se neistinama kojim vrvi ovo obrazloženje, odnosno ocjena stanja i osnovna pitanja koja se trebaju urediti ovim zakonom i skačete sami sebi u usta.",HR,test_file,1395,33774,1395,nije_dostupno_iz_izvora,ispitivanje,Negative,nije_dostupno_iz_izvora,nije_dostupno_iz_izvora,Negative,jedan_uvjezbani_koder
test-1397,Tako da možda bi bilo bolje da se još više iskoristila iskustva ljudi s terena upravo zbog onoga što ću reći u nastavku što je ovdje već bilo spomenuto.,HR,test_file,1397,120530,1397,nije_dostupno_iz_izvora,ispitivanje,M_Negative,nije_dostupno_iz_izvora,nije_dostupno_iz_izvora,Negative,jedan_uvjezbani_koder
test-1398,"Ja sam vas kulturno pitao, rekli ste da je u tijeku postupak natječajni međutim ništa drugo niste odgovorili.",HR,test_file,1398,164175,1398,nije_dostupno_iz_izvora,ispitivanje,Negative,nije_dostupno_iz_izvora,nije_dostupno_iz_izvora,Negative,jedan_uvjezbani_koder
test-1399,"Ja mislim i da je njemu mjesto u športu ako taj dio dobro obavlja u okviru skijaškog saveza, kao što je to mjesto svima koji žele doprinijeti.",HR,test_file,1399,57945,1399,nije_dostupno_iz_izvora,ispitivanje,Positive,nije_dostupno_iz_izvora,nije_dostupno_iz_izvora,Positive,jedan_uvjezbani_koder
test-1400,Oprostite. ... /Upadica: Završite./ ...,HR,test_file,1400,29342,1400,nije_dostupno_iz_izvora,ispitivanje,P_Neutral,nije_dostupno_iz_izvora,nije_dostupno_iz_izvora,Neutral,jedan_uvjezbani_koder
test-1401,Redovito su provjeravani rezultati mjerenja dostavljeni od pravnih osoba ovlaštenih za obavljanje mjerenja elektromagnetskog zračenja.,HR,test_file,1401,1801,1401,nije_dostupno_iz_izvora,ispitivanje,P_Neutral,nije_dostupno_iz_izvora,nije_dostupno_iz_izvora,Neutral,jedan_uvjezbani_koder
test-1404,"Imam potrebu replicirati uvaženom kolegi Ostojiću, a osobito nakon konstatacije kad je kazao da ovo nije bilo u svrhu kampanje.",HR,test_file,1404,71684,1404,nije_dostupno_iz_izvora,ispitivanje,Negative,nije_dostupno_iz_izvora,nije_dostupno_iz_izvora,Negative,jedan_uvjezbani_koder
test-1405,"Ništa, ako ne dođe na licu mjesta Dakle a što onda ako ta pravna ili fizička osoba to nije osigurala.",HR,test_file,1405,18273,1405,nije_dostupno_iz_izvora,ispitivanje,M_Negative,nije_dostupno_iz_izvora,nije_dostupno_iz_izvora,Negative,jedan_uvjezbani_koder
test-1411,Cilj je takvih proizvođača prikazati što veći broj hektara i steći tu potporu.,HR,test_file,1411,34690,1411,nije_dostupno_iz_izvora,ispitivanje,M_Negative,nije_dostupno_iz_izvora,nije_dostupno_iz_izvora,Negative,jedan_uvjezbani_koder
test-1412,"O memorandumima kao i o ovome definirano šta oni sadržavaju, te okvire podržavamo, ali ova sredstva su namijenjena prvenstveno za izradu studija.",HR,test_file,1412,83239,1412,nije_dostupno_iz_izvora,ispitivanje,M_Positive,nije_dostupno_iz_izvora,nije_dostupno_iz_izvora,Positive,jedan_uvjezbani_koder
test-1413,Pa banke su nakon izmjena Zakona o potrošačkom kreditiranju početkom 2014. opet samovoljno fingirano zakonski djelovale i definirale kamatne parametre bez usklađivanja s dužnicima i bez ugovaranja s dužnicima.,HR,test_file,1413,77376,1413,nije_dostupno_iz_izvora,ispitivanje,Negative,nije_dostupno_iz_izvora,nije_dostupno_iz_izvora,Negative,jedan_uvjezbani_koder
test-1414,"Tijela javne vlasti ne poštuju zakonsku obvezu prosljeđivanja zahtjeva tijelu za koje znaju da posjeduje traženu informaciju."" Sve ovo u svakom slučaju govori da nam povjerenik za informacije treba.",HR,test_file,1414,74718,1414,nije_dostupno_iz_izvora,ispitivanje,Negative,nije_dostupno_iz_izvora,nije_dostupno_iz_izvora,Negative,jedan_uvjezbani_koder
test-1415,Pa upravo je ovo dokaz kao i sve drugo što se čini da to nije tako.,HR,test_file,1415,29464,1415,nije_dostupno_iz_izvora,ispitivanje,M_Negative,nije_dostupno_iz_izvora,nije_dostupno_iz_izvora,Negative,jedan_uvjezbani_koder
test-1417,U strateškom kontekstu tijekom 2016. godine nastavljen je trend porasta nestabilnosti političko sigurnosnog okružja u Europi i svijetu.,HR,test_file,1417,43615,1417,nije_dostupno_iz_izvora,ispitivanje,Negative,nije_dostupno_iz_izvora,nije_dostupno_iz_izvora,Negative,jedan_uvjezbani_koder
test-1419,Razlika između biznismena i političara je u tome što političari uz provođenje zakona i poštivanje zakona imaju i političku a i moralnu odgovornost.,HR,test_file,1419,91896,1419,nije_dostupno_iz_izvora,ispitivanje,P_Neutral,nije_dostupno_iz_izvora,nije_dostupno_iz_izvora,Neutral,jedan_uvjezbani_koder
test-1421,Mi držimo da je praksa jedan od najvažnijih segmenata u stručnom usavršavanju i posebno pažnju u samom sustavu bi trebalo posvetiti praksi odnosno mentorima u sustavu pravosuđa.,HR,test_file,1421,108564,1421,nije_dostupno_iz_izvora,ispitivanje,P_Neutral,nije_dostupno_iz_izvora,nije_dostupno_iz_izvora,Neutral,jedan_uvjezbani_koder
test-1422,Podizanje novih voćnjaka gradnju farmi i nabavu opreme za obradu zemlje.,HR,test_file,1422,35107,1422,nije_dostupno_iz_izvora,ispitivanje,P_Neutral,nije_dostupno_iz_izvora,nije_dostupno_iz_izvora,Neutral,jedan_uvjezbani_koder
test-1423,"I mi ovdje jednostavno trebamo vjerovati institucijama, odnosno, ljudima koji su sposobni za određivanje ozbiljnog posla.",HR,test_file,1423,89434,1423,nije_dostupno_iz_izvora,ispitivanje,Positive,nije_dostupno_iz_izvora,nije_dostupno_iz_izvora,Positive,jedan_uvjezbani_koder
test-1425,"Koliko su naši građani sigurni, koliko se osjećaju zadovoljno u svojoj državi, toliko nam je država jaka i uspješna.",HR,test_file,1425,42011,1425,nije_dostupno_iz_izvora,ispitivanje,Positive,nije_dostupno_iz_izvora,nije_dostupno_iz_izvora,Positive,jedan_uvjezbani_koder
test-1427,A to je da manipulativne radnje na kolodvorima mora netko izvršiti.,HR,test_file,1427,115856,1427,nije_dostupno_iz_izvora,ispitivanje,N_Neutral,nije_dostupno_iz_izvora,nije_dostupno_iz_izvora,Neutral,jedan_uvjezbani_koder
test-1431,"Kolega Maras, da me niste imenovali ne bih uopće imao potrebe replicirati jer vi ste najviše o svemu govorili samo ne o temi dnevnog reda.",HR,test_file,1431,63768,1431,nije_dostupno_iz_izvora,ispitivanje,Negative,nije_dostupno_iz_izvora,nije_dostupno_iz_izvora,Negative,jedan_uvjezbani_koder
test-1432,"Pazite, za umjetničko djelovanje u kući, u vlastitoj kući gdje ravnatelji … trebao bi odobrenje kazališnog vijeća i za vlastitu kuću.",HR,test_file,1432,67400,1432,nije_dostupno_iz_izvora,ispitivanje,N_Neutral,nije_dostupno_iz_izvora,nije_dostupno_iz_izvora,Neutral,jedan_uvjezbani_koder
test-1434,"Pa trošilo se koliko god su mogli, ko' pijani milijarderi su trošili.",HR,test_file,1434,56020,1434,nije_dostupno_iz_izvora,ispitivanje,Negative,nije_dostupno_iz_izvora,nije_dostupno_iz_izvora,Negative,jedan_uvjezbani_koder
test-1435,"I zato predlažemo ono, posebno naglašavam dakle da u lipnju 2005. godine napravimo tu jednu reviziju i da krenemo onda sa tim, sa dosta ambicioznijim planom.",HR,test_file,1435,30892,1435,nije_dostupno_iz_izvora,ispitivanje,Positive,nije_dostupno_iz_izvora,nije_dostupno_iz_izvora,Positive,jedan_uvjezbani_koder
test-1436,Europski fondovi i ono što bi oni trebali financirat i u postotcima koje bi iznose sredstava trebale osigurat jedinice lokalne samouprave.,HR,test_file,1436,93357,1436,nije_dostupno_iz_izvora,ispitivanje,P_Neutral,nije_dostupno_iz_izvora,nije_dostupno_iz_izvora,Neutral,jedan_uvjezbani_koder
test-1438,"Ali ovako ne mogu prihvatiti ovaj dio, zbog toga što smatram da je to nastavak procesa detuđmanizacije Hrvatske i taj dio ide do kraja.",HR,test_file,1438,65965,1438,nije_dostupno_iz_izvora,ispitivanje,Negative,nije_dostupno_iz_izvora,nije_dostupno_iz_izvora,Negative,jedan_uvjezbani_koder
test-1439,Nažalost nema regionalizacije osobno smatram i ponovo ću to naglasiti da regionalizacija Hrvatske može biti doista jedini put da RH gospodarski napreduje.,HR,test_file,1439,163732,1439,nije_dostupno_iz_izvora,ispitivanje,Negative,nije_dostupno_iz_izvora,nije_dostupno_iz_izvora,Negative,jedan_uvjezbani_koder
test-1440,To možda je u skladu sa zakonom i statuom ali nije moralno.,HR,test_file,1440,64215,1440,nije_dostupno_iz_izvora,ispitivanje,Negative,nije_dostupno_iz_izvora,nije_dostupno_iz_izvora,Negative,jedan_uvjezbani_koder
test-1441,Jedan od problema koji će vam se također dogoditi je da neki župani koji su na primjer osnivači županijskih bolnica mogu bez ikakvih problema jučer izjaviti dugovi koje imamo nemam ih namjeru ja rješavat.,HR,test_file,1441,153371,1441,nije_dostupno_iz_izvora,ispitivanje,Negative,nije_dostupno_iz_izvora,nije_dostupno_iz_izvora,Negative,jedan_uvjezbani_koder
test-1442,"Komparativnu prednost iskorištava Kina svojom veličinom dok može, dok su im nadnice niske.",HR,test_file,1442,22143,1442,nije_dostupno_iz_izvora,ispitivanje,N_Neutral,nije_dostupno_iz_izvora,nije_dostupno_iz_izvora,Neutral,jedan_uvjezbani_koder
test-1443,"Između ostalog 20 je bilo navedeno razloga, između ostalog što nije bio švicarski franak i valutna klauzula.",HR,test_file,1443,119034,1443,nije_dostupno_iz_izvora,ispitivanje,N_Neutral,nije_dostupno_iz_izvora,nije_dostupno_iz_izvora,Neutral,jedan_uvjezbani_koder
test-1447,Gotovo 48% samohranih roditelja u Hrvatskoj ne prima alimentaciju od bivših partnera i to izbjegava na različite načine.,HR,test_file,1447,93485,1447,nije_dostupno_iz_izvora,ispitivanje,Negative,nije_dostupno_iz_izvora,nije_dostupno_iz_izvora,Negative,jedan_uvjezbani_koder
test-1449,"U nekim sredinama udarit ženu, to se tako radi u čemu je problem?",HR,test_file,1449,83182,1449,nije_dostupno_iz_izvora,ispitivanje,Negative,nije_dostupno_iz_izvora,nije_dostupno_iz_izvora,Negative,jedan_uvjezbani_koder
test-1450,Ako ćemo se na to spustiti onda će mnogi imati problema upravo u tome.,HR,test_file,1450,12618,1450,nije_dostupno_iz_izvora,ispitivanje,Negative,nije_dostupno_iz_izvora,nije_dostupno_iz_izvora,Negative,jedan_uvjezbani_koder
test-1453,"Hvala gospodine Mariću, vi ste inače dobro poznati i našoj javnosti a i nama u Saboru da dobro analizirate ove stvari koje se odnose na prije svega na ekonomsko, gospodarsku sferu.",HR,test_file,1453,104821,1453,nije_dostupno_iz_izvora,ispitivanje,Positive,nije_dostupno_iz_izvora,nije_dostupno_iz_izvora,Positive,jedan_uvjezbani_koder
test-1454,Poštovani kolega kad ste govorili o nužnosti postojanja nacionalne strategije.,HR,test_file,1454,31435,1454,nije_dostupno_iz_izvora,ispitivanje,P_Neutral,nije_dostupno_iz_izvora,nije_dostupno_iz_izvora,Neutral,jedan_uvjezbani_koder
test-1455,"Pa sam rekao, da nismo slučajno o proračunu počeli, ne znam, ali prije vremena bi bilo.",HR,test_file,1455,42751,1455,nije_dostupno_iz_izvora,ispitivanje,N_Neutral,nije_dostupno_iz_izvora,nije_dostupno_iz_izvora,Neutral,jedan_uvjezbani_koder
test-1457,"Kolega Hrelja, vi ste onako rezolutno nastupili i rekli da nećete odustati od vašeg zahtjeva vezano uz ove promile.",HR,test_file,1457,71729,1457,nije_dostupno_iz_izvora,ispitivanje,M_Negative,nije_dostupno_iz_izvora,nije_dostupno_iz_izvora,Negative,jedan_uvjezbani_koder
test-1459,Te je stoga posve razumljivo da je izazvao veliko zanimanje kako u prethodnom postupku tijekom rasprave na radnim tijelima Sabora tako i u sabornici tijekom prvog čitanja.,HR,test_file,1459,143279,1459,nije_dostupno_iz_izvora,ispitivanje,M_Positive,nije_dostupno_iz_izvora,nije_dostupno_iz_izvora,Positive,jedan_uvjezbani_koder
test-1460,"Bitno se samo prvi put ukopčat, poslije i zaborave da su tu, a primaš lovu.",HR,test_file,1460,193666,1460,nije_dostupno_iz_izvora,ispitivanje,Negative,nije_dostupno_iz_izvora,nije_dostupno_iz_izvora,Negative,jedan_uvjezbani_koder
test-1461,Ali je i dalje dokumentacija koju je potrebno priložiti brojna.,HR,test_file,1461,10248,1461,nije_dostupno_iz_izvora,ispitivanje,N_Neutral,nije_dostupno_iz_izvora,nije_dostupno_iz_izvora,Neutral,jedan_uvjezbani_koder
test-1462,"E sada ako se mi ovdje dogovorimo da je to ovisnost, onda ako mi mladima nudimo ovisnost, pa tu je razlika bila naša i kod dekriminalizaciji lakih droga.",HR,test_file,1462,12449,1462,nije_dostupno_iz_izvora,ispitivanje,Negative,nije_dostupno_iz_izvora,nije_dostupno_iz_izvora,Negative,jedan_uvjezbani_koder
test-1463,"Te hidrocentrale su, jasno, prilagodili svojem okolišu, one već sad potpuno anuliraju štetan utjecaj Save što se tiče poplave.",HR,test_file,1463,143687,1463,nije_dostupno_iz_izvora,ispitivanje,Positive,nije_dostupno_iz_izvora,nije_dostupno_iz_izvora,Positive,jedan_uvjezbani_koder
test-1465,I ovo drugo za proširenje te četri učinice u osnovnoj školi Podpičan.,HR,test_file,1465,5304,1465,nije_dostupno_iz_izvora,ispitivanje,P_Neutral,nije_dostupno_iz_izvora,nije_dostupno_iz_izvora,Neutral,jedan_uvjezbani_koder
test-1467,"Poskupljuje javne usluge, ruši povjerenje ljudi jedni u druge, otvara put skupljim javnim uslugama, dakle cijeli je niz tu anomalija.",HR,test_file,1467,76923,1467,nije_dostupno_iz_izvora,ispitivanje,Negative,nije_dostupno_iz_izvora,nije_dostupno_iz_izvora,Negative,jedan_uvjezbani_koder
test-1469,"Onda molim, ajde, zašto baš samo u Vukovar.",HR,test_file,1469,179658,1469,nije_dostupno_iz_izvora,ispitivanje,Negative,nije_dostupno_iz_izvora,nije_dostupno_iz_izvora,Negative,jedan_uvjezbani_koder
test-1470,"Također, ono što mi se osobno sviđa u ovom Prijedlogu zakona je praćenje postupanja po Planu provedbe, naloga i preporuka.",HR,test_file,1470,108612,1470,nije_dostupno_iz_izvora,ispitivanje,Positive,nije_dostupno_iz_izvora,nije_dostupno_iz_izvora,Positive,jedan_uvjezbani_koder
test-1474,Samo je odgoda napravljena 2004. godine za Italiju i Sloveniju.,HR,test_file,1474,80978,1474,nije_dostupno_iz_izvora,ispitivanje,N_Neutral,nije_dostupno_iz_izvora,nije_dostupno_iz_izvora,Neutral,jedan_uvjezbani_koder
test-1475,Upravo zbog takvog tehnološkog napretka otvorila su se pitanja i dileme koje ekonomska znanost ali i druge znanosti nisu poznavali do sada.,HR,test_file,1475,64625,1475,nije_dostupno_iz_izvora,ispitivanje,N_Neutral,nije_dostupno_iz_izvora,nije_dostupno_iz_izvora,Neutral,jedan_uvjezbani_koder
test-1476,"Predlaže se razrješenje člana Odbora za pravosuđe Hrvatskog sabora Željka Raguža, a za člana Odbora za pravosuđe Hrvatskog sabora predlaže se doktor Tomislav Sokol.",HR,test_file,1476,50735,1476,nije_dostupno_iz_izvora,ispitivanje,P_Neutral,nije_dostupno_iz_izvora,nije_dostupno_iz_izvora,Neutral,jedan_uvjezbani_koder
test-1477,Da biste dobili povjerenje ili podršku oporbe odnosno nas ovdje u Hrvatskome saboru morat ćete nešto početi i raditi.,HR,test_file,1477,893,1477,nije_dostupno_iz_izvora,ispitivanje,M_Negative,nije_dostupno_iz_izvora,nije_dostupno_iz_izvora,Negative,jedan_uvjezbani_koder
test-1478,"Evo dobila sam dužnost, ugodnu dužnost predložiti Hrvatskome saboru imenovanje gospodina Mladena Bajića na novi mandat za glavnog državnog odvjetnika.",HR,test_file,1478,57841,1478,nije_dostupno_iz_izvora,ispitivanje,Positive,nije_dostupno_iz_izvora,nije_dostupno_iz_izvora,Positive,jedan_uvjezbani_koder
test-1479,"Zbog političke sadašnjosti vi kradete od budućnosti, ali ta budućnost nije samo vaša, to je budućnost cijelog naroda, to je budućnost naše djece.",HR,test_file,1479,57643,1479,nije_dostupno_iz_izvora,ispitivanje,Negative,nije_dostupno_iz_izvora,nije_dostupno_iz_izvora,Negative,jedan_uvjezbani_koder
test-1480,"Tih jedinica lokalne samouprave je oko 85 i to nisu mali troškovi, to će biti veliki troškovi za proračun.",HR,test_file,1480,153710,1480,nije_dostupno_iz_izvora,ispitivanje,Negative,nije_dostupno_iz_izvora,nije_dostupno_iz_izvora,Negative,jedan_uvjezbani_koder
test-1482,"Kolega Mrsić, trebali ste se unutar oporbe malo dogovoriti sa vlastitim nastupima, kako kome što padne na pamet, tako izađe za govornicu i predlaže mjere.",HR,test_file,1482,204608,1482,nije_dostupno_iz_izvora,ispitivanje,Negative,nije_dostupno_iz_izvora,nije_dostupno_iz_izvora,Negative,jedan_uvjezbani_koder
test-1483,"Znamo vrlo dobro tko su privremeni ravnatelji u Hrvatskoj radioteleviziji, bivši dužnosnici Hrvatske demokratske zajednice.",HR,test_file,1483,61922,1483,nije_dostupno_iz_izvora,ispitivanje,Negative,nije_dostupno_iz_izvora,nije_dostupno_iz_izvora,Negative,jedan_uvjezbani_koder
test-1486,"A ja vas pitam, uvaženi gospodine ministre, kako to da se to tržište samo regulira nakon što donesemo ovu mjeru, a nije se u stanju samo regulirati danas.",HR,test_file,1486,94785,1486,nije_dostupno_iz_izvora,ispitivanje,Negative,nije_dostupno_iz_izvora,nije_dostupno_iz_izvora,Negative,jedan_uvjezbani_koder
test-1487,Slovenija isto ima po meni malo blažu ali nije ni to baš za nešto pohvaliti se.,HR,test_file,1487,6042,1487,nije_dostupno_iz_izvora,ispitivanje,M_Negative,nije_dostupno_iz_izvora,nije_dostupno_iz_izvora,Negative,jedan_uvjezbani_koder
test-1488,"Momentalno oni kažu, ovdje piše momentalno, ima ukupno 2955 otvorenih kredita štajerskih Raiffaisen banaka s hrvatskim zajmoprimcima.",HR,test_file,1488,105877,1488,nije_dostupno_iz_izvora,ispitivanje,N_Neutral,nije_dostupno_iz_izvora,nije_dostupno_iz_izvora,Neutral,jedan_uvjezbani_koder
test-1489,"A to je temeljni posao, to je temeljni posao na kojem se poslije gradi.",HR,test_file,1489,42572,1489,nije_dostupno_iz_izvora,ispitivanje,P_Neutral,nije_dostupno_iz_izvora,nije_dostupno_iz_izvora,Neutral,jedan_uvjezbani_koder
test-1491,"Ali ne samo u Hrvatskoj, nego i u čitavom svijetu, Švedskoj, Norveškoj, Finskoj, ali i u čitavoj regiji.",HR,test_file,1491,25267,1491,nije_dostupno_iz_izvora,ispitivanje,N_Neutral,nije_dostupno_iz_izvora,nije_dostupno_iz_izvora,Neutral,jedan_uvjezbani_koder
test-1492,"Ono što u ovom trenutku ne treba dirati, to je zasigurno zdravstvo, školstvo, policija.",HR,test_file,1492,37856,1492,nije_dostupno_iz_izvora,ispitivanje,N_Neutral,nije_dostupno_iz_izvora,nije_dostupno_iz_izvora,Neutral,jedan_uvjezbani_koder
test-1493,"Vi vjerojatno znate tko je Pier Carlo Padovan, znači to je ministar financija Republike Italije kojeg naš ministar vjerojatno sreće na europskim vijećima.",HR,test_file,1493,20863,1493,nije_dostupno_iz_izvora,ispitivanje,P_Neutral,nije_dostupno_iz_izvora,nije_dostupno_iz_izvora,Neutral,jedan_uvjezbani_koder
test-1494,I treba se zahvaliti NATO-u da nam je omogućio ovu priliku s jedne strane.,HR,test_file,1494,79252,1494,nije_dostupno_iz_izvora,ispitivanje,Positive,nije_dostupno_iz_izvora,nije_dostupno_iz_izvora,Positive,jedan_uvjezbani_koder
test-1495,"Ja bi kao prvo rekao da zasigurno podržavam jedan ovakav prijedlog izgradnje Splitske obilaznice jer često i sam idem na područje Splita, sa zadovoljstvom naravno.",HR,test_file,1495,54055,1495,nije_dostupno_iz_izvora,ispitivanje,Positive,nije_dostupno_iz_izvora,nije_dostupno_iz_izvora,Positive,jedan_uvjezbani_koder
test-1497,"Dakle, što se tiče institucionalnog brige o kvaliteti i to u onom pravom smislu riječi kakav se podrazumijeva u sustavu europske akreditacije.",HR,test_file,1497,24720,1497,nije_dostupno_iz_izvora,ispitivanje,P_Neutral,nije_dostupno_iz_izvora,nije_dostupno_iz_izvora,Neutral,jedan_uvjezbani_koder
test-1500,Ja znam da u Dubrovniku ima već ovu jednu izvan institucionalnu uslugu i da to jako dobro se odrazilo prema stanovnicima.,HR,test_file,1500,57437,1500,nije_dostupno_iz_izvora,ispitivanje,Positive,nije_dostupno_iz_izvora,nije_dostupno_iz_izvora,Positive,jedan_uvjezbani_koder
test-1501,Državni ured za reviziju osnovan je i počeo radom 94. godine.,HR,test_file,1501,36524,1501,nije_dostupno_iz_izvora,ispitivanje,P_Neutral,nije_dostupno_iz_izvora,nije_dostupno_iz_izvora,Neutral,jedan_uvjezbani_koder
test-1506,"Naravno da treba voditi računa o svemu, a prije svega o primjenjivosti zakona.",HR,test_file,1506,18421,1506,nije_dostupno_iz_izvora,ispitivanje,P_Neutral,nije_dostupno_iz_izvora,nije_dostupno_iz_izvora,Neutral,jedan_uvjezbani_koder
test-1507,"To je sramota, da vi ne možete dobijete suglasnost građana u zgradi da odrežete se iz instalacija iz sustava grijanja i ponovo morate plaćati snagu tom istom distributeru plina.",HR,test_file,1507,36878,1507,nije_dostupno_iz_izvora,ispitivanje,Negative,nije_dostupno_iz_izvora,nije_dostupno_iz_izvora,Negative,jedan_uvjezbani_koder
test-1508,"Od dokumenata prostornog uređenja na područnoj (regionalnoj) razini donosi se pod 1. prostorni plan, te pod 2. prostorni plan područja posebnih obilježja.",HR,test_file,1508,88788,1508,nije_dostupno_iz_izvora,ispitivanje,P_Neutral,nije_dostupno_iz_izvora,nije_dostupno_iz_izvora,Neutral,jedan_uvjezbani_koder
test-1510,"Prema tome, prihvaćamo ove prijedloge i podržati ćemo ih.",HR,test_file,1510,103467,1510,nije_dostupno_iz_izvora,ispitivanje,Positive,nije_dostupno_iz_izvora,nije_dostupno_iz_izvora,Positive,jedan_uvjezbani_koder
test-1511,"Tim zakonom je broj općinskih sudova u Republici Hrvatskoj sa 108 sudova, stanje sudova, smanjen na 67 općinskih sudova.",HR,test_file,1511,19419,1511,nije_dostupno_iz_izvora,ispitivanje,N_Neutral,nije_dostupno_iz_izvora,nije_dostupno_iz_izvora,Neutral,jedan_uvjezbani_koder
test-1512,"I ako ništa drugo danas je zamjenik rekao da je isplaćeno 2 cijela, koliko, 4%? …/Upadica: 2,9./…",HR,test_file,1512,10344,1512,nije_dostupno_iz_izvora,ispitivanje,N_Neutral,nije_dostupno_iz_izvora,nije_dostupno_iz_izvora,Neutral,jedan_uvjezbani_koder
test-1513,To se prije svega odnosi na problem osnovne i dopunske liste lijekova.,HR,test_file,1513,68479,1513,nije_dostupno_iz_izvora,ispitivanje,Negative,nije_dostupno_iz_izvora,nije_dostupno_iz_izvora,Negative,jedan_uvjezbani_koder
test-1514,Vjerujem da se to neće dogoditi i da ćemo naći evo nekako zajednički način da se ovi problemi premoste.,HR,test_file,1514,53696,1514,nije_dostupno_iz_izvora,ispitivanje,Positive,nije_dostupno_iz_izvora,nije_dostupno_iz_izvora,Positive,jedan_uvjezbani_koder
test-1515,Program sigurne vožnje ukinuta je obveza pohađanja programa sigurne vožnje za mlade vozače u roku od dvije godine od polaganja vozačkog ispita.,HR,test_file,1515,6556,1515,nije_dostupno_iz_izvora,ispitivanje,N_Neutral,nije_dostupno_iz_izvora,nije_dostupno_iz_izvora,Neutral,jedan_uvjezbani_koder
test-1517,"Ne morate, odlučili ste tako i dobro, to je vaša odluka, jednako tako kao što se niste potrudili.",HR,test_file,1517,25174,1517,nije_dostupno_iz_izvora,ispitivanje,M_Negative,nije_dostupno_iz_izvora,nije_dostupno_iz_izvora,Negative,jedan_uvjezbani_koder
test-1520,"Zašto LNG na kopnu ne može ići u fazama, pa tamo gdje znamo nedvojbeno vlasništvo je prva faza.",HR,test_file,1520,83953,1520,nije_dostupno_iz_izvora,ispitivanje,N_Neutral,nije_dostupno_iz_izvora,nije_dostupno_iz_izvora,Neutral,jedan_uvjezbani_koder
test-1523,"Jer struka na neki način uvijek zastupa određeni interes, a ministarstvo je to koje je predložilo.",HR,test_file,1523,115027,1523,nije_dostupno_iz_izvora,ispitivanje,N_Neutral,nije_dostupno_iz_izvora,nije_dostupno_iz_izvora,Neutral,jedan_uvjezbani_koder
test-1526,Klub zastupnika HDZ-a pozdravlja donošenje Zakona o osobama nestalim u Domovinskom ratu.,HR,test_file,1526,136297,1526,nije_dostupno_iz_izvora,ispitivanje,Positive,nije_dostupno_iz_izvora,nije_dostupno_iz_izvora,Positive,jedan_uvjezbani_koder
test-1527,"Ostavio je i svog potpredsjednika Krstičevića i ministra tu, pa nek radi što hoće.",HR,test_file,1527,129317,1527,nije_dostupno_iz_izvora,ispitivanje,Negative,nije_dostupno_iz_izvora,nije_dostupno_iz_izvora,Negative,jedan_uvjezbani_koder
test-1529,"Ali međutim nakon medicinski potpomognute oplodnje trebalo je donijeti, koju smo mi podržali, ja osobno sam podržao taj zakon, potpomognutu privredu.",HR,test_file,1529,42586,1529,nije_dostupno_iz_izvora,ispitivanje,M_Negative,nije_dostupno_iz_izvora,nije_dostupno_iz_izvora,Negative,jedan_uvjezbani_koder
test-1530,"Detaljno elaboriranje o ovom zakonu smatramo da nismo, nema potrebe jer je manje-više puno toga razrađeno.",HR,test_file,1530,82073,1530,nije_dostupno_iz_izvora,ispitivanje,P_Neutral,nije_dostupno_iz_izvora,nije_dostupno_iz_izvora,Neutral,jedan_uvjezbani_koder
test-1533,Druga velika promjena koja obuhvaća i koja zahvaća svijet rada je enormna prekarizacija ili radna nesigurnost koja nije mimoišla radnike niti jedne zemlje u razvoju niti razvijene zemlje.,HR,test_file,1533,43779,1533,nije_dostupno_iz_izvora,ispitivanje,Negative,nije_dostupno_iz_izvora,nije_dostupno_iz_izvora,Negative,jedan_uvjezbani_koder
test-1535,… /Govornik naknadno uključen./… najbolje vas zapravo derogiraju činjenice.,HR,test_file,1535,32934,1535,nije_dostupno_iz_izvora,ispitivanje,Negative,nije_dostupno_iz_izvora,nije_dostupno_iz_izvora,Negative,jedan_uvjezbani_koder
test-1537,"Veli ja sam ih donosio, potpisivao, skupa sa još 3 ministra, ali nemam ja pojma jesu li one štetne, nisu štetne.",HR,test_file,1537,91832,1537,nije_dostupno_iz_izvora,ispitivanje,Negative,nije_dostupno_iz_izvora,nije_dostupno_iz_izvora,Negative,jedan_uvjezbani_koder
test-1539,"A upravo je donacija zametka preostala od prokreacije para koji je odustao od vlastite prokreacije omogućila, odnosno omogućila bi roditeljstvo obostrano neplodnom paru, a zametak spasila od uništenja.",HR,test_file,1539,37633,1539,nije_dostupno_iz_izvora,ispitivanje,Positive,nije_dostupno_iz_izvora,nije_dostupno_iz_izvora,Positive,jedan_uvjezbani_koder
test-1543,Poslovnika Hrvatskog sabora kao matično radno tijelo te je podržao prijedlog Vlade Republike Hrvatske da se sukladno članku 161.,HR,test_file,1543,15540,1543,nije_dostupno_iz_izvora,ispitivanje,P_Neutral,nije_dostupno_iz_izvora,nije_dostupno_iz_izvora,Neutral,jedan_uvjezbani_koder
test-1550,I to je jedan od razloga zašto ovaj zakon ide rekla u ponovnu proceduru iz početka.,HR,test_file,1550,81480,1550,nije_dostupno_iz_izvora,ispitivanje,Negative,nije_dostupno_iz_izvora,nije_dostupno_iz_izvora,Negative,jedan_uvjezbani_koder
test-1553,"Čini mi se da o pravu na rad svi puno govorimo, a od pojedine županije do pojedine županije to pravo na rad je izuzetno ugroženo.",HR,test_file,1553,31989,1553,nije_dostupno_iz_izvora,ispitivanje,Negative,nije_dostupno_iz_izvora,nije_dostupno_iz_izvora,Negative,jedan_uvjezbani_koder
test-1555,"Dakle ovdje se radi na reguliranju pitanja viktimizacije, dakle pri čemu je isto pitanje zapravo trenutno u našoj zakonskoj regulativi regulirano dvama zakonima.",HR,test_file,1555,40868,1555,nije_dostupno_iz_izvora,ispitivanje,N_Neutral,nije_dostupno_iz_izvora,nije_dostupno_iz_izvora,Neutral,jedan_uvjezbani_koder
test-1557,Od ukupno svih javnih prihoda cirka 86% ostaje državi.,HR,test_file,1557,59009,1557,nije_dostupno_iz_izvora,ispitivanje,P_Neutral,nije_dostupno_iz_izvora,nije_dostupno_iz_izvora,Neutral,jedan_uvjezbani_koder
test-1558,"Ja mislim da nešto o obrani znam, evo iduće godine će biti 30 godina da u njoj radim i mislim da moji stavovi nisu prečvrsti.",HR,test_file,1558,112858,1558,nije_dostupno_iz_izvora,ispitivanje,Positive,nije_dostupno_iz_izvora,nije_dostupno_iz_izvora,Positive,jedan_uvjezbani_koder
test-1561,Vas tada za obitelj Terebuh i ostale obitelji nije bilo briga.,HR,test_file,1561,72492,1561,nije_dostupno_iz_izvora,ispitivanje,Negative,nije_dostupno_iz_izvora,nije_dostupno_iz_izvora,Negative,jedan_uvjezbani_koder
test-1563,"Da li bez prilagodbe, imamo radno mjesto koje odgovara preostaloj radnoj sposobnosti.",HR,test_file,1563,51290,1563,nije_dostupno_iz_izvora,ispitivanje,N_Neutral,nije_dostupno_iz_izvora,nije_dostupno_iz_izvora,Neutral,jedan_uvjezbani_koder
test-1564,Isto tako se slažemo da bankari kod isplate dividendi plate porez na isplaćenu kapitalnu dobit.,HR,test_file,1564,69574,1564,nije_dostupno_iz_izvora,ispitivanje,P_Neutral,nije_dostupno_iz_izvora,nije_dostupno_iz_izvora,Neutral,jedan_uvjezbani_koder
test-1565,I na kraju krajeva to bi trebalo biti nešto i ugodno Vladi.,HR,test_file,1565,101266,1565,nije_dostupno_iz_izvora,ispitivanje,M_Positive,nije_dostupno_iz_izvora,nije_dostupno_iz_izvora,Positive,jedan_uvjezbani_koder
test-1570,"Po posljednjem popisu stanovništva Vukovar ima 28 016 stanovnika, neslužbeni podatak, ali smo ga dobili.",HR,test_file,1570,18615,1570,nije_dostupno_iz_izvora,ispitivanje,N_Neutral,nije_dostupno_iz_izvora,nije_dostupno_iz_izvora,Neutral,jedan_uvjezbani_koder
test-1572,"Da ste uveli, predložili uvođenje poreza na imovinu e tada bi to bila reforma.",HR,test_file,1572,11792,1572,nije_dostupno_iz_izvora,ispitivanje,M_Negative,nije_dostupno_iz_izvora,nije_dostupno_iz_izvora,Negative,jedan_uvjezbani_koder
test-1573,"Istovremeno, Svjetska banka procjenjuje potencijal za rast produktivnosti hrvatskog gospodarstva na oko 5% ukoliko se provede određena razina smanjivanja prekomjerne regulacije.",HR,test_file,1573,167587,1573,nije_dostupno_iz_izvora,ispitivanje,Positive,nije_dostupno_iz_izvora,nije_dostupno_iz_izvora,Positive,jedan_uvjezbani_koder
test-1574,"Reformom se uvode novi izvori financiranja ali za mlade, stare, nezaposlene, za one ispod dohodovnog cenzusa sredstva će se izdvajati iz proračuna.",HR,test_file,1574,22507,1574,nije_dostupno_iz_izvora,ispitivanje,M_Positive,nije_dostupno_iz_izvora,nije_dostupno_iz_izvora,Positive,jedan_uvjezbani_koder
test-1575,"Znači lokalna samouprava ne trebaju suglasnost, građani oko lokacije, jedina oko koje se ne treba dozvole …/Govornik se ne razumije./… kapaciteta i nadogradnje postojećih lokacija.",HR,test_file,1575,125128,1575,nije_dostupno_iz_izvora,ispitivanje,N_Neutral,nije_dostupno_iz_izvora,nije_dostupno_iz_izvora,Neutral,jedan_uvjezbani_koder
test-1576,"Nema danas nikakve inovacija, nema nikakve konkurentnosti, nema transfera tehnologije, nema nikakvih bitnih proizvodnih umijeća bez znanosti.",HR,test_file,1576,57070,1576,nije_dostupno_iz_izvora,ispitivanje,M_Negative,nije_dostupno_iz_izvora,nije_dostupno_iz_izvora,Negative,jedan_uvjezbani_koder
test-1579,"Točno je da Hrvatska jedno vrijeme bila u nekoj vrsti polizolacije, ali i zbog čega?",HR,test_file,1579,30584,1579,nije_dostupno_iz_izvora,ispitivanje,Negative,nije_dostupno_iz_izvora,nije_dostupno_iz_izvora,Negative,jedan_uvjezbani_koder
test-1580,"Evo, ja ću se osvrnuti poštovani kolega je govorio o urednicima, kako urednici uređuju.",HR,test_file,1580,52885,1580,nije_dostupno_iz_izvora,ispitivanje,P_Neutral,nije_dostupno_iz_izvora,nije_dostupno_iz_izvora,Neutral,jedan_uvjezbani_koder
test-1582,"I sada su tu snage ISAF-a u kojima Hrvatska sudjeluje sa kontingentom od 295 ljudi, što je 0,5% u odnosu na ukupne snage koje su razmještene u Afganistanu.",HR,test_file,1582,47968,1582,nije_dostupno_iz_izvora,ispitivanje,P_Neutral,nije_dostupno_iz_izvora,nije_dostupno_iz_izvora,Neutral,jedan_uvjezbani_koder
test-1583,Skupina ostali davatelji je u 2009. u odnosu na 2008. povećala svoj tržišni udjel za približno 1%.,HR,test_file,1583,56009,1583,nije_dostupno_iz_izvora,ispitivanje,Positive,nije_dostupno_iz_izvora,nije_dostupno_iz_izvora,Positive,jedan_uvjezbani_koder
test-1585,U nedostatku argumenata ministrica Matulović-Dropulić dopustila si je da zbog različitosti u stavu i različitosti argumenata prijeti kaznenom prijavom za javno izrečeni stav parlamentarnoj zastupnici Košiša Čičin-Šain.,HR,test_file,1585,86591,1585,nije_dostupno_iz_izvora,ispitivanje,Negative,nije_dostupno_iz_izvora,nije_dostupno_iz_izvora,Negative,jedan_uvjezbani_koder
test-1587,"Dakle ako s time nisu zadovoljni knjižničari, ako nisu zadovoljni ravnatelji muzeja, onda se ponovno moramo vratiti koji je zapravo bio motiv donošenja zakona i kome to eventualno može ići na ruku.",HR,test_file,1587,102793,1587,nije_dostupno_iz_izvora,ispitivanje,M_Negative,nije_dostupno_iz_izvora,nije_dostupno_iz_izvora,Negative,jedan_uvjezbani_koder
test-1588,"Međutim, ono što je zanimljivo, da za administraciju je utrošeno 33,8 milijuna kuna.",HR,test_file,1588,81292,1588,nije_dostupno_iz_izvora,ispitivanje,N_Neutral,nije_dostupno_iz_izvora,nije_dostupno_iz_izvora,Neutral,jedan_uvjezbani_koder
test-1590,"Ovo su porezne reforme svih nas, ove Vlade pa rekao bih ove saborske većine, ove saborske oporbe, lokalnih zajednica, poduzetnika na koncu i svih građana.",HR,test_file,1590,15570,1590,nije_dostupno_iz_izvora,ispitivanje,P_Neutral,nije_dostupno_iz_izvora,nije_dostupno_iz_izvora,Neutral,jedan_uvjezbani_koder
test-1591,"Jedini uključiti ćemo i završno i Pravni fakultete u Splitu, jedini koji u ovom trenutku nažalost, nije bio iz objektivnih razloga uključen.",HR,test_file,1591,19301,1591,nije_dostupno_iz_izvora,ispitivanje,M_Positive,nije_dostupno_iz_izvora,nije_dostupno_iz_izvora,Positive,jedan_uvjezbani_koder
test-1593,Time je opterećenje sigurnosnih sustava NATO-a i EU-a pa tako i Hrvatske bilo veće bez obzira što je neposredno okružje RH zadržalo obilježja relativne stabilnosti.,HR,test_file,1593,112150,1593,nije_dostupno_iz_izvora,ispitivanje,Negative,nije_dostupno_iz_izvora,nije_dostupno_iz_izvora,Negative,jedan_uvjezbani_koder
test-1595,"Ovdje ste govorili o tome, kolega Bulj, dakle pričamo o onoj mreži koju je nekada napravio PTT, odnosno HT.",HR,test_file,1595,143270,1595,nije_dostupno_iz_izvora,ispitivanje,P_Neutral,nije_dostupno_iz_izvora,nije_dostupno_iz_izvora,Neutral,jedan_uvjezbani_koder
test-1596,"Srićom smo to zaustavili, jer smo organizirali građanske akcije i zbog toga …/Govornik se ne razumije./… tridesetak kaznenih prijava.",HR,test_file,1596,48422,1596,nije_dostupno_iz_izvora,ispitivanje,M_Positive,nije_dostupno_iz_izvora,nije_dostupno_iz_izvora,Positive,jedan_uvjezbani_koder
test-1597,"Hvala lijepo gospodine potpredsjedniče, kolegice i kolege, gospodine zamjeniče sa suradnikom.",HR,test_file,1597,45281,1597,nije_dostupno_iz_izvora,ispitivanje,Positive,nije_dostupno_iz_izvora,nije_dostupno_iz_izvora,Positive,jedan_uvjezbani_koder
test-1598,Ne prihvaća se Prijedlog zakona o državnom fondu za privremeno uzdržavanje djece koji je predložila zastupnica Đurđa Adlešić zbog razloga navedenih u mišljenju Vlade i izvješćima radnih tijela.,HR,test_file,1598,15065,1598,nije_dostupno_iz_izvora,ispitivanje,N_Neutral,nije_dostupno_iz_izvora,nije_dostupno_iz_izvora,Neutral,jedan_uvjezbani_koder
test-1599,"Poštovana gospođo potpredsjednice Sabora, predstavnici Ministarstva, kolegice i kolege.",HR,test_file,1599,29896,1599,nije_dostupno_iz_izvora,ispitivanje,P_Neutral,nije_dostupno_iz_izvora,nije_dostupno_iz_izvora,Neutral,jedan_uvjezbani_koder
test-1600,"Dakle ponavljam, banka nam nije isplatila ono što nam je morala isplatiti na temelju prava EU-a a to su kompletni preplaćeni iznosi kamata, tečaja i pripadajuće zatezne kamate.",HR,test_file,1600,123874,1600,nije_dostupno_iz_izvora,ispitivanje,Negative,nije_dostupno_iz_izvora,nije_dostupno_iz_izvora,Negative,jedan_uvjezbani_koder
test-1604,U svim ostalim županijama sam bio nešto manje ali sam ih obišao barem 3 do 4 puta.,HR,test_file,1604,109459,1604,nije_dostupno_iz_izvora,ispitivanje,P_Neutral,nije_dostupno_iz_izvora,nije_dostupno_iz_izvora,Neutral,jedan_uvjezbani_koder
test-1606,Jer dolazimo u jednu ja bih rekao nakaradnu situaciju gdje se krug vrti između države i poduzetnika i sada evo kao država preko HBOR-a i preko poslovnih banaka pomaže gospodarstvu.,HR,test_file,1606,48809,1606,nije_dostupno_iz_izvora,ispitivanje,Negative,nije_dostupno_iz_izvora,nije_dostupno_iz_izvora,Negative,jedan_uvjezbani_koder
test-1609,Ostat će stalna sjedišta tih sudova i to najmanje do 2019.,HR,test_file,1609,62726,1609,nije_dostupno_iz_izvora,ispitivanje,P_Neutral,nije_dostupno_iz_izvora,nije_dostupno_iz_izvora,Neutral,jedan_uvjezbani_koder
test-1612,"Druga stvar, sjetite se kad se dizao neoporezivi dio na 2.400,00 kn, tada su jedinice lokalne samouprave ostale bez milijardu i pol kuna.",HR,test_file,1612,173314,1612,nije_dostupno_iz_izvora,ispitivanje,Negative,nije_dostupno_iz_izvora,nije_dostupno_iz_izvora,Negative,jedan_uvjezbani_koder
test-1615,Kolegice Lukačić kada govorimo o diskriminaciji na žalost ona već postoji među skupinama osoba s invaliditetom.,HR,test_file,1615,19671,1615,nije_dostupno_iz_izvora,ispitivanje,Negative,nije_dostupno_iz_izvora,nije_dostupno_iz_izvora,Negative,jedan_uvjezbani_koder
test-1617,"Dakle, novinari i izvršni djelatnici na Hrvatskoj televiziji, dakle i koji podliježu tom Etičkom kodeksu za kojega ja smatram da nije demokratski.",HR,test_file,1617,102675,1617,nije_dostupno_iz_izvora,ispitivanje,Negative,nije_dostupno_iz_izvora,nije_dostupno_iz_izvora,Negative,jedan_uvjezbani_koder
test-1618,"Naime, rekao je točno tako deficit u odnosu od 3 milijarde i 300 milijuna kuna će rashodna strana će biti veća za taj iznos.",HR,test_file,1618,59162,1618,nije_dostupno_iz_izvora,ispitivanje,Negative,nije_dostupno_iz_izvora,nije_dostupno_iz_izvora,Negative,jedan_uvjezbani_koder
test-1620,"Taj navod nije provjerljiv, pa samim time nije ni valjan, niti istinit.",HR,test_file,1620,59610,1620,nije_dostupno_iz_izvora,ispitivanje,Negative,nije_dostupno_iz_izvora,nije_dostupno_iz_izvora,Negative,jedan_uvjezbani_koder
test-1621,"To nije dobro, da se netko, da netko pokriva galamom, optužbom bivše Vlade vlastitu nesposobnost, radi isto, još i gore.",HR,test_file,1621,56121,1621,nije_dostupno_iz_izvora,ispitivanje,Negative,nije_dostupno_iz_izvora,nije_dostupno_iz_izvora,Negative,jedan_uvjezbani_koder
test-1623,Gospodine Rožiću … … /Upadica se ne razumije./ … … /Upadica: Nemojte se./ …,HR,test_file,1623,88670,1623,nije_dostupno_iz_izvora,ispitivanje,N_Neutral,nije_dostupno_iz_izvora,nije_dostupno_iz_izvora,Neutral,jedan_uvjezbani_koder
test-1624,"Pa vidimo po stopama ekonomskog rasta, visini nezaposlenosti, javnom dugu i ostalim problemima koji se pojavljuju.",HR,test_file,1624,28496,1624,nije_dostupno_iz_izvora,ispitivanje,Negative,nije_dostupno_iz_izvora,nije_dostupno_iz_izvora,Negative,jedan_uvjezbani_koder
test-1625,Pa ja mislim da je to dobra ideja koju treba razraditi.,HR,test_file,1625,65326,1625,nije_dostupno_iz_izvora,ispitivanje,Positive,nije_dostupno_iz_izvora,nije_dostupno_iz_izvora,Positive,jedan_uvjezbani_koder
test-1627,"Prema tome župan je zatekao blokiranu županiju i to je ono što možemo pročitati i u izvješću revizije, to je ono što znamo.",HR,test_file,1627,72167,1627,nije_dostupno_iz_izvora,ispitivanje,Negative,nije_dostupno_iz_izvora,nije_dostupno_iz_izvora,Negative,jedan_uvjezbani_koder
test-1629,Ovo je zapravo jedan od skandaloznijih zakona koji se donosi.,HR,test_file,1629,74072,1629,nije_dostupno_iz_izvora,ispitivanje,Negative,nije_dostupno_iz_izvora,nije_dostupno_iz_izvora,Negative,jedan_uvjezbani_koder
test-1631,"To je, dakle, preko trećine Hrvatske i stoga se vidi kolika je važnost ovih zakona.",HR,test_file,1631,33994,1631,nije_dostupno_iz_izvora,ispitivanje,P_Neutral,nije_dostupno_iz_izvora,nije_dostupno_iz_izvora,Neutral,jedan_uvjezbani_koder
test-1632,"Ja osobno smatram da pravobraniteljica za djecu treba imati kao što ste rekli i sami puno više hrabrost, puno više neovisnosti, treba imati hrabrosti upozoriti i Vladu i ministre ne probleme.",HR,test_file,1632,111972,1632,nije_dostupno_iz_izvora,ispitivanje,Negative,nije_dostupno_iz_izvora,nije_dostupno_iz_izvora,Negative,jedan_uvjezbani_koder
test-1634,Bez razvijene industrije zapravo pruža nikakve ili vrlo male uvjete za zapošljavanje.,HR,test_file,1634,3669,1634,nije_dostupno_iz_izvora,ispitivanje,Negative,nije_dostupno_iz_izvora,nije_dostupno_iz_izvora,Negative,jedan_uvjezbani_koder
test-1636,"A po svemu sudeći, vi adekvatan zakon u međuvremenu nećete donijeti.",HR,test_file,1636,53092,1636,nije_dostupno_iz_izvora,ispitivanje,Negative,nije_dostupno_iz_izvora,nije_dostupno_iz_izvora,Negative,jedan_uvjezbani_koder
test-1638,"Ali ne možete to ostaviti samo radnicima, koji nemaju niti dovoljno znanja, nema novca i ostalih faktora proizvodnje.",HR,test_file,1638,101847,1638,nije_dostupno_iz_izvora,ispitivanje,Negative,nije_dostupno_iz_izvora,nije_dostupno_iz_izvora,Negative,jedan_uvjezbani_koder
test-1639,E sad što se još konkretno može napraviti da bi se unaprijedila sigurnost zaštite na radu osim zakonskog okvira.,HR,test_file,1639,33376,1639,nije_dostupno_iz_izvora,ispitivanje,M_Positive,nije_dostupno_iz_izvora,nije_dostupno_iz_izvora,Positive,jedan_uvjezbani_koder
test-1640,"Jedna od tema je ovo ljeto, odnosno prošlo ljeto, ispričavam se 2015. je ovaj Sabor pred ljetnu stanku donio jedan Zakon o procjeni nekretnina.",HR,test_file,1640,5652,1640,nije_dostupno_iz_izvora,ispitivanje,P_Neutral,nije_dostupno_iz_izvora,nije_dostupno_iz_izvora,Neutral,jedan_uvjezbani_koder
test-1641,"Bezobzira tko je na tom mjestu, uprava, ravnatelj moraju snositi svoju odgovornost, na eventualne dubioze, gubitke itd. koje je Hrvatska televizija ili Hrvatska radiotelevizija ostvarila.",HR,test_file,1641,9965,1641,nije_dostupno_iz_izvora,ispitivanje,N_Neutral,nije_dostupno_iz_izvora,nije_dostupno_iz_izvora,Neutral,jedan_uvjezbani_koder
test-1642,Ako je mali broj ljudi koristio ali bitno je koja se poruka šalje.,HR,test_file,1642,6434,1642,nije_dostupno_iz_izvora,ispitivanje,M_Positive,nije_dostupno_iz_izvora,nije_dostupno_iz_izvora,Positive,jedan_uvjezbani_koder
test-1643,U obrazloženju je napisano da na teret državnog proračuna se plaćaju doprinosi za tisuću 310 samostalnih umjetnika.,HR,test_file,1643,38416,1643,nije_dostupno_iz_izvora,ispitivanje,N_Neutral,nije_dostupno_iz_izvora,nije_dostupno_iz_izvora,Neutral,jedan_uvjezbani_koder
test-1644,"Kolega Culej, moram se javiti na tu vašu raspravu kada su u pitanju Vinkovci, a i sam sam poduzetnik iz Vinkovaca i znam otprilike o kome se i radi.",HR,test_file,1644,118767,1644,nije_dostupno_iz_izvora,ispitivanje,P_Neutral,nije_dostupno_iz_izvora,nije_dostupno_iz_izvora,Neutral,jedan_uvjezbani_koder
test-1647,Drugo o čemu se u Hrvatskoj ne vodi nikakvog računa držim da se moraju kada je obrtništvo posrijedi izdati tzv. licence za pojedine obrte.,HR,test_file,1647,24425,1647,nije_dostupno_iz_izvora,ispitivanje,Negative,nije_dostupno_iz_izvora,nije_dostupno_iz_izvora,Negative,jedan_uvjezbani_koder
test-1649,Možda u neku večernju školu ćemo se upisati pa ćemo saznati.,HR,test_file,1649,88227,1649,nije_dostupno_iz_izvora,ispitivanje,Negative,nije_dostupno_iz_izvora,nije_dostupno_iz_izvora,Negative,jedan_uvjezbani_koder
test-1655,"Svakom autobusnom prijevozniku tu poćinje mogućnost obavljanja tog posla, dakle kako doći do dozvole da vozi određenu liniju bez obzira da li se radi unutaržupanijskom ili međužupanijskom linijskom prijevozu.",HR,test_file,1655,22159,1655,nije_dostupno_iz_izvora,ispitivanje,P_Neutral,nije_dostupno_iz_izvora,nije_dostupno_iz_izvora,Neutral,jedan_uvjezbani_koder
test-1656,"Znam da će ministar na ovo ponovno odgovoriti da vladavina prava počiva na ispunjenju obveza svakoga od nas, da ako smo nešto dužni to moramo i vratiti i naravno da je tako.",HR,test_file,1656,118150,1656,nije_dostupno_iz_izvora,ispitivanje,M_Positive,nije_dostupno_iz_izvora,nije_dostupno_iz_izvora,Positive,jedan_uvjezbani_koder
test-1657,"S druge strane govorimo više afirmacije žene, podupiremo deklaratorno učešće žena u javnom životu, u politici.",HR,test_file,1657,10431,1657,nije_dostupno_iz_izvora,ispitivanje,Positive,nije_dostupno_iz_izvora,nije_dostupno_iz_izvora,Positive,jedan_uvjezbani_koder
test-1658,Da naravno Porezna uprava je ta koja se obraća poreznom obvezniku.,HR,test_file,1658,95097,1658,nije_dostupno_iz_izvora,ispitivanje,P_Neutral,nije_dostupno_iz_izvora,nije_dostupno_iz_izvora,Neutral,jedan_uvjezbani_koder
test-1659,"Ovdje se, gospodine ministre, radi o onim bolesnim radnicima koji nisu znali za Rubala, dakle o njima govorim.",HR,test_file,1659,10784,1659,nije_dostupno_iz_izvora,ispitivanje,Negative,nije_dostupno_iz_izvora,nije_dostupno_iz_izvora,Negative,jedan_uvjezbani_koder
test-1660,"Radi se o kozmetičkim zahvatima, ali je nažalost zahvatima koji će se prelamati na leđima najsiromašnijih.",HR,test_file,1660,62572,1660,nije_dostupno_iz_izvora,ispitivanje,Negative,nije_dostupno_iz_izvora,nije_dostupno_iz_izvora,Negative,jedan_uvjezbani_koder
test-1662,"Broj prijavljenih slučajeva nasilja u obitelji unazad nekoliko godina stalno se vrti negdje oko 17 tisuća, što svjedoči o tvrdokornoj konstanti tog društvenog i političkog problema.",HR,test_file,1662,41042,1662,nije_dostupno_iz_izvora,ispitivanje,Negative,nije_dostupno_iz_izvora,nije_dostupno_iz_izvora,Negative,jedan_uvjezbani_koder
test-1664,"Pa kako može netko biti povlašten ako se nema novaca, ja to ne razumijem.",HR,test_file,1664,110235,1664,nije_dostupno_iz_izvora,ispitivanje,Negative,nije_dostupno_iz_izvora,nije_dostupno_iz_izvora,Negative,jedan_uvjezbani_koder
test-1666,Val krize se smjesta osjetio i kod nas padom indexa i povlačenjem štednje i depozita iz banaka i investicijskih fondova.,HR,test_file,1666,48679,1666,nije_dostupno_iz_izvora,ispitivanje,Negative,nije_dostupno_iz_izvora,nije_dostupno_iz_izvora,Negative,jedan_uvjezbani_koder
test-1668,Investira u Dubaiu i po cijelom svijetu i pitam ga zašto ne investiraš u Hrvatsku.,HR,test_file,1668,57478,1668,nije_dostupno_iz_izvora,ispitivanje,M_Negative,nije_dostupno_iz_izvora,nije_dostupno_iz_izvora,Negative,jedan_uvjezbani_koder
test-1669,"Mi taj dio možemo razumjeti, ali dozvolite da iskažemo svoje javno stajalište da se mi sa time ne možemo složiti i da mi to ne možemo podržati kao predlagatelji ovog Prijedloga zakona.",HR,test_file,1669,37514,1669,nije_dostupno_iz_izvora,ispitivanje,M_Negative,nije_dostupno_iz_izvora,nije_dostupno_iz_izvora,Negative,jedan_uvjezbani_koder
test-1672,"Poštovani gospodine potpredsjedniče, cijenjene saborske zastupnice i saborski zastupnici.",HR,test_file,1672,19136,1672,nije_dostupno_iz_izvora,ispitivanje,P_Neutral,nije_dostupno_iz_izvora,nije_dostupno_iz_izvora,Neutral,jedan_uvjezbani_koder
test-1675,Ima prigovora zašto je baš samo za bagatelne i minorna kaznena djela se produžuje zastara.,HR,test_file,1675,50340,1675,nije_dostupno_iz_izvora,ispitivanje,Negative,nije_dostupno_iz_izvora,nije_dostupno_iz_izvora,Negative,jedan_uvjezbani_koder
test-1676,"Jer naime, Japanske zemaljske samoobrambene snage su otišle u okolicu Basre da bi u gradu Al Samabahu izradile upravo vodovod.",HR,test_file,1676,2077,1676,nije_dostupno_iz_izvora,ispitivanje,P_Neutral,nije_dostupno_iz_izvora,nije_dostupno_iz_izvora,Neutral,jedan_uvjezbani_koder
test-1677,Tako da čini mi se da ste ovo potpuno u pravu i da bi to trebalo naprosto odbaciti i tražiti da se taj sustav potpuno promijeni.,HR,test_file,1677,70060,1677,nije_dostupno_iz_izvora,ispitivanje,M_Negative,nije_dostupno_iz_izvora,nije_dostupno_iz_izvora,Negative,jedan_uvjezbani_koder
test-1678,Ova posljednja mjera pokazala se posebno uspješnom zbog čega smo je povećali za 38 milijuna kuna.,HR,test_file,1678,107568,1678,nije_dostupno_iz_izvora,ispitivanje,Positive,nije_dostupno_iz_izvora,nije_dostupno_iz_izvora,Positive,jedan_uvjezbani_koder
test-1679,Proračun je možda i najvažniji politički akt kojeg Hrvatski sabor donosi tijekom jedne godine zasjedanja.,HR,test_file,1679,171375,1679,nije_dostupno_iz_izvora,ispitivanje,P_Neutral,nije_dostupno_iz_izvora,nije_dostupno_iz_izvora,Neutral,jedan_uvjezbani_koder
test-1685,"O tome je govorio nešto i kolega Mondekar, jer činjenica da mi imamo izuzetno mnogo udruga koje su ponekad nemojte se ljutiti, ali zaista same sebi svrhom, imaju takvu vrstu programa.",HR,test_file,1685,21223,1685,nije_dostupno_iz_izvora,ispitivanje,Negative,nije_dostupno_iz_izvora,nije_dostupno_iz_izvora,Negative,jedan_uvjezbani_koder
test-1688,Jer ako smo izmijenili zakon da jedinice lokalne samouprave više ne mogu praktički sudjelovat u izgradnji plinske mreže onda je logična stvar da na određen način prisilimo koncesionara da to napravi.,HR,test_file,1688,15003,1688,nije_dostupno_iz_izvora,ispitivanje,M_Positive,nije_dostupno_iz_izvora,nije_dostupno_iz_izvora,Positive,jedan_uvjezbani_koder
test-1689,Za uvrštenje u dnevni red čekalo se gotovo pola godine tako da o izvješću saborski zastupnici raspravljaju gotovo godinu dana nakon što je dovršeno.,HR,test_file,1689,70056,1689,nije_dostupno_iz_izvora,ispitivanje,Negative,nije_dostupno_iz_izvora,nije_dostupno_iz_izvora,Negative,jedan_uvjezbani_koder
test-1690,"Mislim da je oko Vukovara, ovdje se govori na strani 7 i 8 Vlada apsolutno ispravno postupala.",HR,test_file,1690,88521,1690,nije_dostupno_iz_izvora,ispitivanje,Positive,nije_dostupno_iz_izvora,nije_dostupno_iz_izvora,Positive,jedan_uvjezbani_koder
test-1691,"Umjesto olakšica i stimulacija, naši građani se svake godine kazne s 25 milijuna kuna kod registracije vozila, želeći im valjda reći da rade nešto loše s tim što imaju plin u vozilu.",HR,test_file,1691,20465,1691,nije_dostupno_iz_izvora,ispitivanje,Negative,nije_dostupno_iz_izvora,nije_dostupno_iz_izvora,Negative,jedan_uvjezbani_koder
test-1692,HRT je javna ustanova i davanje ovlasti javne ustanove da naplaćuje svoj dug nije protuustavno.,HR,test_file,1692,839,1692,nije_dostupno_iz_izvora,ispitivanje,P_Neutral,nije_dostupno_iz_izvora,nije_dostupno_iz_izvora,Neutral,jedan_uvjezbani_koder
test-1693,Znači neozbiljno je pogotovo što se tvrdi to nešto što je apsurdno da Vlada ne može podržati ove zaključke zbog toga što je najvišoj državnoj razini dogovoreno da se ide na izmjene zakona.,HR,test_file,1693,82893,1693,nije_dostupno_iz_izvora,ispitivanje,Negative,nije_dostupno_iz_izvora,nije_dostupno_iz_izvora,Negative,jedan_uvjezbani_koder
test-1694,"Uvaženi gospodine zastupniče Lesar, u mnogome ste u pravu.",HR,test_file,1694,72757,1694,nije_dostupno_iz_izvora,ispitivanje,Positive,nije_dostupno_iz_izvora,nije_dostupno_iz_izvora,Positive,jedan_uvjezbani_koder
test-1695,"Bilo šta, zdravstvo, prateća oprema, usluge, dakle to je segment koji eksponencijalno raste a u tom smislu je zdravstvo najizloženije i najviše zapravo troška tu onda ide na zdravstvo.",HR,test_file,1695,99346,1695,nije_dostupno_iz_izvora,ispitivanje,Negative,nije_dostupno_iz_izvora,nije_dostupno_iz_izvora,Negative,jedan_uvjezbani_koder
test-1696,„Kada je Pilat vidio da time ništa ne postiže i da nastaje sve veći metež uzeo je vode i pred narodom oprao ruke.“.,HR,test_file,1696,27835,1696,nije_dostupno_iz_izvora,ispitivanje,Negative,nije_dostupno_iz_izvora,nije_dostupno_iz_izvora,Negative,jedan_uvjezbani_koder
test-1697,"Mislim da nije ista stvar, dakle da li se netko imenuje unutar resora ili kada se kasnije netko prelazi iz jedne recimo državne institucije u neku firmu.",HR,test_file,1697,3616,1697,nije_dostupno_iz_izvora,ispitivanje,Negative,nije_dostupno_iz_izvora,nije_dostupno_iz_izvora,Negative,jedan_uvjezbani_koder
test-1701,"Sjetili se Lećevice, probijanje tunela da mogu što dalje vozati da mogu više kikirikija da mogu više narodu izbijati iz džepa i onako siromašnom narodu.",HR,test_file,1701,168115,1701,nije_dostupno_iz_izvora,ispitivanje,Negative,nije_dostupno_iz_izvora,nije_dostupno_iz_izvora,Negative,jedan_uvjezbani_koder
test-1702,"Dakle, očekujemo od predsjednika Sabora, očekujemo od premijera i predsjednika HDZ-a, ali i prvenstveno od Povjerenstva za sprječavanje sukoba interesa da se o ovome izjasne.",HR,test_file,1702,181027,1702,nije_dostupno_iz_izvora,ispitivanje,N_Neutral,nije_dostupno_iz_izvora,nije_dostupno_iz_izvora,Neutral,jedan_uvjezbani_koder
test-1703,"Trgovina je, dakle, došla kao djelatnost nova gdje se oni koji su tu djelatnost i rad nedjeljom trebali regulirati nisu snašli.",HR,test_file,1703,60361,1703,nije_dostupno_iz_izvora,ispitivanje,Negative,nije_dostupno_iz_izvora,nije_dostupno_iz_izvora,Negative,jedan_uvjezbani_koder
test-1704,"Dakle 31 milijun kuna u 2012.godini, 56 milijuna kuna u 2011.",HR,test_file,1704,40888,1704,nije_dostupno_iz_izvora,ispitivanje,P_Neutral,nije_dostupno_iz_izvora,nije_dostupno_iz_izvora,Neutral,jedan_uvjezbani_koder
test-1705,"Naime, budući da ne postoji jedinstvena i jasna pravosudna praksa događa se da se ozbiljni slučajevi nasilja ne prepoznaju dok se istovremeno procesuiraju verbalne uvrede, izolirani incidenti koji nemaju pravu nasilničku prirodu.",HR,test_file,1705,177758,1705,nije_dostupno_iz_izvora,ispitivanje,Negative,nije_dostupno_iz_izvora,nije_dostupno_iz_izvora,Negative,jedan_uvjezbani_koder
test-1709,Klub GLAS-a i HSU-a će u prvom čitanju podržati ovo.,HR,test_file,1709,90775,1709,nije_dostupno_iz_izvora,ispitivanje,Positive,nije_dostupno_iz_izvora,nije_dostupno_iz_izvora,Positive,jedan_uvjezbani_koder
test-1710,"Dakle, tek 35% umirovljenika ima više od 35 godina staža.",HR,test_file,1710,58017,1710,nije_dostupno_iz_izvora,ispitivanje,Negative,nije_dostupno_iz_izvora,nije_dostupno_iz_izvora,Negative,jedan_uvjezbani_koder
test-1712,"Gospodin Dražen Bošnjaković, državni tajnik najprije prijedlog amandmana Odbora za pravosuđe.",HR,test_file,1712,21609,1712,nije_dostupno_iz_izvora,ispitivanje,P_Neutral,nije_dostupno_iz_izvora,nije_dostupno_iz_izvora,Neutral,jedan_uvjezbani_koder
test-1714,"Naime, saborski Odbor za informatizaciju i medije donio je odluku o neprihvaćanju Godišnjeg izvješća o radu Upravnog vijeća HINA-e, to je legitimna odluka odbora.",HR,test_file,1714,6977,1714,nije_dostupno_iz_izvora,ispitivanje,N_Neutral,nije_dostupno_iz_izvora,nije_dostupno_iz_izvora,Neutral,jedan_uvjezbani_koder
test-1718,"Da ne udaram stalno po ovom jednom te istom, po čemu, najviše govorimo.",HR,test_file,1718,147211,1718,nije_dostupno_iz_izvora,ispitivanje,N_Neutral,nije_dostupno_iz_izvora,nije_dostupno_iz_izvora,Neutral,jedan_uvjezbani_koder
test-1719,Kao treće u prilogu je imala samo jednu gošću koju su sve navijale na jednu stranu.,HR,test_file,1719,7733,1719,nije_dostupno_iz_izvora,ispitivanje,Negative,nije_dostupno_iz_izvora,nije_dostupno_iz_izvora,Negative,jedan_uvjezbani_koder
test-1721,"Poštovani predsjedniče uprave Hrvatske banke za obnovu i razvoj, kolegice ii kolege.",HR,test_file,1721,1721,1721,nije_dostupno_iz_izvora,ispitivanje,P_Neutral,nije_dostupno_iz_izvora,nije_dostupno_iz_izvora,Neutral,jedan_uvjezbani_koder
test-1722,"Njihova sudbina je neizvjesna, a neizvjesnost nalaže državnoj vlasti da ju pokuša riješiti.",HR,test_file,1722,38710,1722,nije_dostupno_iz_izvora,ispitivanje,M_Negative,nije_dostupno_iz_izvora,nije_dostupno_iz_izvora,Negative,jedan_uvjezbani_koder
test-1725,"Nešto je govorila gospođa Ingrid Antičević o socijalnom stanju i socijalnom, o razlozima bunta i nezadovoljstva naših navijača.",HR,test_file,1725,30172,1725,nije_dostupno_iz_izvora,ispitivanje,Negative,nije_dostupno_iz_izvora,nije_dostupno_iz_izvora,Negative,jedan_uvjezbani_koder
test-1727,"To je bilo ne tako davno, da se te neistine ne zagađuju prostor poglavito mlađe.",HR,test_file,1727,55041,1727,nije_dostupno_iz_izvora,ispitivanje,Negative,nije_dostupno_iz_izvora,nije_dostupno_iz_izvora,Negative,jedan_uvjezbani_koder
test-1728,"I na kraju poruka koju moramo odavde poslati hrvatskim građanima, rekao sam onaj tko je doveo do ovog problema ne može taj problem riješiti.",HR,test_file,1728,57623,1728,nije_dostupno_iz_izvora,ispitivanje,Negative,nije_dostupno_iz_izvora,nije_dostupno_iz_izvora,Negative,jedan_uvjezbani_koder
test-1729,"Molim vas zbog zakonitosti izbora, zbog šanse uopće da se ljudi po poznatim pravilima natječu u izbornoj utakmici da skinete hitnost postupka s ovog zakona.",HR,test_file,1729,118230,1729,nije_dostupno_iz_izvora,ispitivanje,M_Positive,nije_dostupno_iz_izvora,nije_dostupno_iz_izvora,Positive,jedan_uvjezbani_koder
test-1730,"Druga stvar, ne može oporba zbog toga što ne sudjeluje u raspravama, dirigirati i utvrđivati dinamiku rada Sabora.",HR,test_file,1730,113485,1730,nije_dostupno_iz_izvora,ispitivanje,Negative,nije_dostupno_iz_izvora,nije_dostupno_iz_izvora,Negative,jedan_uvjezbani_koder
test-1731,Autocesta Beli Manastir – Osijek – Svilaj dio je paneuropskog koridora VC koji je dogovoren na Konferenciji europskih ministara prometa u Helsinkiju 1997. godine.,HR,test_file,1731,68442,1731,nije_dostupno_iz_izvora,ispitivanje,P_Neutral,nije_dostupno_iz_izvora,nije_dostupno_iz_izvora,Neutral,jedan_uvjezbani_koder
test-1732,"I ja se nadam, vjerujem i želio bih da se to zaista i realizira i da će uz pomoć ovih mjera o kojima ćemo govoriti zaista se to i dogoditi.",HR,test_file,1732,54181,1732,nije_dostupno_iz_izvora,ispitivanje,Positive,nije_dostupno_iz_izvora,nije_dostupno_iz_izvora,Positive,jedan_uvjezbani_koder
test-1733,"Da je tomu tako, potvrđuju slučajevi Češke, Švedske, Bugarske, Mađarske, Rumunjske i mnogih drugih zemalja koje imaju uvjete da uvedu euro, ali ga ne uvode.",HR,test_file,1733,101733,1733,nije_dostupno_iz_izvora,ispitivanje,Negative,nije_dostupno_iz_izvora,nije_dostupno_iz_izvora,Negative,jedan_uvjezbani_koder
test-1734,"Neki, jednom znači to, institut boravišta se mora, znači mora se prijava boravišta obnavljati svakih godinu dana, tj. nakon što protekne godinu dana.",HR,test_file,1734,197108,1734,nije_dostupno_iz_izvora,ispitivanje,P_Neutral,nije_dostupno_iz_izvora,nije_dostupno_iz_izvora,Neutral,jedan_uvjezbani_koder
test-1735,"Moja poruka je uvijek mladim ženama, nema prepreka, morate radit malo više, morate bit malo više upornije, morate malo više, ali može se.",HR,test_file,1735,85561,1735,nije_dostupno_iz_izvora,ispitivanje,Positive,nije_dostupno_iz_izvora,nije_dostupno_iz_izvora,Positive,jedan_uvjezbani_koder
test-1738,Prema tome u takvim uvjetima i u takvim okolnostima s ovakvim odnosom Vlade prema Saboru i prema saborskim odborima postavlja se pitanje koliko uopće ima smisla raspravljati o ovom zakonskom prijedlogu.,HR,test_file,1738,93947,1738,nije_dostupno_iz_izvora,ispitivanje,Negative,nije_dostupno_iz_izvora,nije_dostupno_iz_izvora,Negative,jedan_uvjezbani_koder
test-1740,"Republika Hrvatska trenutno sudjeluje u 13 mirovnih misija Ujedinjenih Naroda, te u operaciji ISAP u Afganistanu koja se pod vodstvom NATO-a provodi uz odobrenje Ujedinjenih Naroda.",HR,test_file,1740,8179,1740,nije_dostupno_iz_izvora,ispitivanje,P_Neutral,nije_dostupno_iz_izvora,nije_dostupno_iz_izvora,Neutral,jedan_uvjezbani_koder
test-1742,Koristim ovu prigodu da iskreno zahvalim svima koji su podržali moje imenovanje i koji mi iskazuju riječi potpore.,HR,test_file,1742,30631,1742,nije_dostupno_iz_izvora,ispitivanje,Positive,nije_dostupno_iz_izvora,nije_dostupno_iz_izvora,Positive,jedan_uvjezbani_koder
test-1743,To je Zakon o otpadu i zakon kojeg ste spomenuli sada predškolskom odgoju.,HR,test_file,1743,47114,1743,nije_dostupno_iz_izvora,ispitivanje,P_Neutral,nije_dostupno_iz_izvora,nije_dostupno_iz_izvora,Neutral,jedan_uvjezbani_koder
test-1744,"Stoga po mom sudu, ove izmjene, zapravo ova agencija po ovom zakonu nama nije potrebna, ova agencija koristi neće donijeti nikome.",HR,test_file,1744,47239,1744,nije_dostupno_iz_izvora,ispitivanje,Negative,nije_dostupno_iz_izvora,nije_dostupno_iz_izvora,Negative,jedan_uvjezbani_koder
test-1746,"Znači, definitivno nije nužno i po sadašnjoj situaciji da čelnici lokalne samouprave ili predstavnička tijela dodatno opterećuju temeljem ovog smanjenja prihoda sa osnova poreza na dohodak svoje građane.",HR,test_file,1746,92022,1746,nije_dostupno_iz_izvora,ispitivanje,Negative,nije_dostupno_iz_izvora,nije_dostupno_iz_izvora,Negative,jedan_uvjezbani_koder
test-1747,Zapravo je protumačen Zakon tako da od 9 mjeseca 2003. godine jedinice lokalne samouprave ne mogu biti krajnji korisnici nego Hrvatske šume.,HR,test_file,1747,35111,1747,nije_dostupno_iz_izvora,ispitivanje,N_Neutral,nije_dostupno_iz_izvora,nije_dostupno_iz_izvora,Neutral,jedan_uvjezbani_koder
test-1748,Izobrazba medicinskih sredstava za opću njegu obuhvaća najmanje tri godine studija ili 4 tisuće 600 sati teoretske kliničke izobrazbe pri čemu trajanje teoretske izobrazbe predstavlja najmanje jednu polovinu minimalnog trajanja izobrazbe.,HR,test_file,1748,15946,1748,nije_dostupno_iz_izvora,ispitivanje,N_Neutral,nije_dostupno_iz_izvora,nije_dostupno_iz_izvora,Neutral,jedan_uvjezbani_koder
test-1756,"Građana Europske unije, iz onih valjda zemalja koje su manje vrijedne.",HR,test_file,1756,74280,1756,nije_dostupno_iz_izvora,ispitivanje,Negative,nije_dostupno_iz_izvora,nije_dostupno_iz_izvora,Negative,jedan_uvjezbani_koder
test-1759,"Trudit ćemo se da se ovaj dio korupcije koji iznosi 13,5% BDP-a smanji na najmanju moguću mjeru.",HR,test_file,1759,144528,1759,nije_dostupno_iz_izvora,ispitivanje,M_Negative,nije_dostupno_iz_izvora,nije_dostupno_iz_izvora,Negative,jedan_uvjezbani_koder
test-1760,"Istina je da Financijska agencija koja je obvezna prikupljati, objedinjavati, distribuirati te podatke ne raspolaže svim relevantnim podacima o nepodmirenim, a dospjelim obavezama poslovnih subjekata.",HR,test_file,1760,15544,1760,nije_dostupno_iz_izvora,ispitivanje,Negative,nije_dostupno_iz_izvora,nije_dostupno_iz_izvora,Negative,jedan_uvjezbani_koder
test-1761,"Kao uništit ćemo korisnike kredita ako ukinemo deviznu klauzulu, a ako tečaja otpustimo i svedemo ga na nekakve realne omjere ti korisnici kredita su naravno svi propali.",HR,test_file,1761,18692,1761,nije_dostupno_iz_izvora,ispitivanje,Negative,nije_dostupno_iz_izvora,nije_dostupno_iz_izvora,Negative,jedan_uvjezbani_koder
test-1766,Ovo je drugi petak za redom kako vladajuća većina nema većinu za glasanje.,HR,test_file,1766,180374,1766,nije_dostupno_iz_izvora,ispitivanje,Negative,nije_dostupno_iz_izvora,nije_dostupno_iz_izvora,Negative,jedan_uvjezbani_koder
test-1769,"To je bio u Osijeku, ima jedna tu institucija Đoko jedan, Đokica, vi znate. …/Upadica se ne razumije./…",HR,test_file,1769,90060,1769,nije_dostupno_iz_izvora,ispitivanje,M_Negative,nije_dostupno_iz_izvora,nije_dostupno_iz_izvora,Negative,jedan_uvjezbani_koder
test-1772,"To je ustavna obaveza, ovo nije stav moj, to je ustavna obaveza.",HR,test_file,1772,96875,1772,nije_dostupno_iz_izvora,ispitivanje,P_Neutral,nije_dostupno_iz_izvora,nije_dostupno_iz_izvora,Neutral,jedan_uvjezbani_koder
test-1776,"Nažalost taj prijedlog nije bio našao na odobravanje ovoga Sabora ali mislim da ćemo htjeti, ne htjeti, morat ćemo se upravo vratiti upravo toj ideji da se omogući to cjeloživotno obrazovanje.",HR,test_file,1776,74073,1776,nije_dostupno_iz_izvora,ispitivanje,M_Negative,nije_dostupno_iz_izvora,nije_dostupno_iz_izvora,Negative,jedan_uvjezbani_koder
test-1778,"Gospodine predsjedniče, gospodine ravnatelju i predsjedniče programskog savjeta, kolegice i kolege.",HR,test_file,1778,27332,1778,nije_dostupno_iz_izvora,ispitivanje,P_Neutral,nije_dostupno_iz_izvora,nije_dostupno_iz_izvora,Neutral,jedan_uvjezbani_koder
test-1780,Oni se moraju brinuti i o opremi škole i o korištenju zgrade i održivosti.,HR,test_file,1780,27013,1780,nije_dostupno_iz_izvora,ispitivanje,P_Neutral,nije_dostupno_iz_izvora,nije_dostupno_iz_izvora,Neutral,jedan_uvjezbani_koder
test-1782,"U pojedinim godinama vidimo manjak programa za djecu i mlade kakav je smjer, a podsjećam kako nemamo plan restrukturiranja HRT-a za 2018. godinu.",HR,test_file,1782,75670,1782,nije_dostupno_iz_izvora,ispitivanje,Negative,nije_dostupno_iz_izvora,nije_dostupno_iz_izvora,Negative,jedan_uvjezbani_koder
test-1783,Od tog minimalnog malog zakupa koja je jedna trećina od tržišne vrijednosti dobijemo za proračun općine 50%.,HR,test_file,1783,16855,1783,nije_dostupno_iz_izvora,ispitivanje,N_Neutral,nije_dostupno_iz_izvora,nije_dostupno_iz_izvora,Neutral,jedan_uvjezbani_koder
test-1784,"Ako imamo one koji će uplaćivat u mirovinski sustav, onda će mirovinski sustav funkcionirati, ako nema, jako teško.",HR,test_file,1784,82489,1784,nije_dostupno_iz_izvora,ispitivanje,M_Negative,nije_dostupno_iz_izvora,nije_dostupno_iz_izvora,Negative,jedan_uvjezbani_koder
test-1785,"Nadalje, uz bogatu ornito faunu raznoliki riblji fond područje Vranskog jezera obiluje brojnim kulturno-povijesnim znamenitostima prije nekoliko trenutaka sam rekla kojim.",HR,test_file,1785,8133,1785,nije_dostupno_iz_izvora,ispitivanje,Positive,nije_dostupno_iz_izvora,nije_dostupno_iz_izvora,Positive,jedan_uvjezbani_koder
test-1786,"Danas u jeku unutarstranačkih izbora, premijere se odvažio govoriti kako će on stati na čelo borbe protiv korupcije.",HR,test_file,1786,180260,1786,nije_dostupno_iz_izvora,ispitivanje,Negative,nije_dostupno_iz_izvora,nije_dostupno_iz_izvora,Negative,jedan_uvjezbani_koder
test-1790,"Pa prije dobrih dva sata gospodin zastupnik Letica, evo slučajno ga nema, rekao je da smo i mi liječnici ovdje u kompliciranoj situaciji.",HR,test_file,1790,61602,1790,nije_dostupno_iz_izvora,ispitivanje,Negative,nije_dostupno_iz_izvora,nije_dostupno_iz_izvora,Negative,jedan_uvjezbani_koder
test-1791,"Prije nastavka dakle rasprave u ime kluba zastupnika, u ime predlagatelja kolega Božo Petrov.",HR,test_file,1791,201375,1791,nije_dostupno_iz_izvora,ispitivanje,P_Neutral,nije_dostupno_iz_izvora,nije_dostupno_iz_izvora,Neutral,jedan_uvjezbani_koder
test-1793,To je sad svedeno na ovu cifru koju smo vidjeli s tim da je dug koji Hrvatski fond za privatizaciju prema Hrvatskom mirovinskom osiguranju ima 914 milijuna kuna.,HR,test_file,1793,59364,1793,nije_dostupno_iz_izvora,ispitivanje,Negative,nije_dostupno_iz_izvora,nije_dostupno_iz_izvora,Negative,jedan_uvjezbani_koder
test-1798,"Znači naši ljudi danas odlaze u susjednu zemlju Sloveniju, Austriju, Italiju da bi zaradili za isti posao nekada i duplo veću plaću.",HR,test_file,1798,141452,1798,nije_dostupno_iz_izvora,ispitivanje,Negative,nije_dostupno_iz_izvora,nije_dostupno_iz_izvora,Negative,jedan_uvjezbani_koder
test-1805,"Gospodine potpredsjedniče, poštovane kolegice i kolege zastupnici, gospodine ministre!",HR,test_file,1805,22947,1805,nije_dostupno_iz_izvora,ispitivanje,P_Neutral,nije_dostupno_iz_izvora,nije_dostupno_iz_izvora,Neutral,jedan_uvjezbani_koder
test-1807,"Evo, pričali ste jedno, a sad radite drugo.",HR,test_file,1807,57308,1807,nije_dostupno_iz_izvora,ispitivanje,Negative,nije_dostupno_iz_izvora,nije_dostupno_iz_izvora,Negative,jedan_uvjezbani_koder
test-1810,"Ja ne bih o detaljima, ne bih o tehničkim stvarima.",HR,test_file,1810,7219,1810,nije_dostupno_iz_izvora,ispitivanje,N_Neutral,nije_dostupno_iz_izvora,nije_dostupno_iz_izvora,Neutral,jedan_uvjezbani_koder
test-1812,"Ako nakon izvjesnog vremena prema ovim izmjenama zakona stigne uputa nadležnog tijela državne uprave o postupku nadzora, predstavničko tijelo jedinica lokalne samouprave dužno je postupiti po uputi i otkloniti uočene nedostatke.",HR,test_file,1812,157688,1812,nije_dostupno_iz_izvora,ispitivanje,P_Neutral,nije_dostupno_iz_izvora,nije_dostupno_iz_izvora,Neutral,jedan_uvjezbani_koder
test-1816,Stoga je Republika Hrvatska stranka svih relevantnih konvencija i protokola kojima se pojačava zaštita posebno civilnog stanovništva.,HR,test_file,1816,23998,1816,nije_dostupno_iz_izvora,ispitivanje,Positive,nije_dostupno_iz_izvora,nije_dostupno_iz_izvora,Positive,jedan_uvjezbani_koder
test-1818,To je rezultiralo i smanjenjem ovih prihoda za 16% u odnosu na usporednu godinu no i pored toga ostaje činjenica da su transakcije gotovim novcem u FINA-i i dalje za građane najjeftinije.,HR,test_file,1818,21027,1818,nije_dostupno_iz_izvora,ispitivanje,M_Positive,nije_dostupno_iz_izvora,nije_dostupno_iz_izvora,Positive,jedan_uvjezbani_koder
test-1819,"Dakle, luka Brod neće biti izgrađena ovim tempom do 2016. …/Govornik udaljen od mikrofona, ne razumije se./…",HR,test_file,1819,43397,1819,nije_dostupno_iz_izvora,ispitivanje,Negative,nije_dostupno_iz_izvora,nije_dostupno_iz_izvora,Negative,jedan_uvjezbani_koder
test-1832,"A nadasve, ovo načelo je načelo koje očigledno ako ćete odbiti ovaj amandman razlikuje politiku SDP-a i HDZ-a.",HR,test_file,1832,122006,1832,nije_dostupno_iz_izvora,ispitivanje,M_Negative,nije_dostupno_iz_izvora,nije_dostupno_iz_izvora,Negative,jedan_uvjezbani_koder
test-1834,"Obzirom da ste završili politologiju i završili i doktorirali pravo morate znati da ne možete ovdje biti kao profesor, ni vi, ni ja.",HR,test_file,1834,11014,1834,nije_dostupno_iz_izvora,ispitivanje,Negative,nije_dostupno_iz_izvora,nije_dostupno_iz_izvora,Negative,jedan_uvjezbani_koder
test-1838,"To mora biti jasan signal ministru obrane, a i Vladi, kako i na koji način dalje djelovati i kako funkcionirati kad je u pitanju odlazak naših snaga u razne misije diljem svijeta.",HR,test_file,1838,64897,1838,nije_dostupno_iz_izvora,ispitivanje,P_Neutral,nije_dostupno_iz_izvora,nije_dostupno_iz_izvora,Neutral,jedan_uvjezbani_koder
test-1839,To je zapravo pitanje svih zakona koji dodiruju djelovanje inspekcija u Hrvatskoj.,HR,test_file,1839,82657,1839,nije_dostupno_iz_izvora,ispitivanje,P_Neutral,nije_dostupno_iz_izvora,nije_dostupno_iz_izvora,Neutral,jedan_uvjezbani_koder
test-1840,"Ako je to došlo gospodine Sessa premijeru, predsjednici i svim saborskim zastupnicima vi ste nešto morali po tom pitanju poduzeti.",HR,test_file,1840,54914,1840,nije_dostupno_iz_izvora,ispitivanje,Negative,nije_dostupno_iz_izvora,nije_dostupno_iz_izvora,Negative,jedan_uvjezbani_koder
test-1841,"Nažalost, kad se govori o obrazovnom sustavu, često se govori da je on užasan katastrofalan, paralelno se uzimaju neke analize i podaci nekih testova, dok se neki zanemaruju itd.",HR,test_file,1841,64894,1841,nije_dostupno_iz_izvora,ispitivanje,Negative,nije_dostupno_iz_izvora,nije_dostupno_iz_izvora,Negative,jedan_uvjezbani_koder
test-1842,Hrvatsko gospodarstvo je tako žilavo da za rast od 3 do 4% nam nije potrebna nijedna mjera osim pojednostavljenja administrativne procedure.,HR,test_file,1842,16832,1842,nije_dostupno_iz_izvora,ispitivanje,Positive,nije_dostupno_iz_izvora,nije_dostupno_iz_izvora,Positive,jedan_uvjezbani_koder
test-1843,"Samo su govorile suze, muk i tišina i upaljene svijeće.",HR,test_file,1843,95496,1843,nije_dostupno_iz_izvora,ispitivanje,Negative,nije_dostupno_iz_izvora,nije_dostupno_iz_izvora,Negative,jedan_uvjezbani_koder
test-1844,"Prijedlog Zakona o turističkim zajednicama i promicanju hrvatskog turizma, Zakon o turističkoj pristojbi i Zakon o članarinama u turističkim zajednicama sve to čini jednu međusobno povezanu cjelinu.",HR,test_file,1844,120528,1844,nije_dostupno_iz_izvora,ispitivanje,P_Neutral,nije_dostupno_iz_izvora,nije_dostupno_iz_izvora,Neutral,jedan_uvjezbani_koder
test-1846,"Imate načina kako nadzirati rad udruga i trošenje novca udruga, pa izvolite, upregnite Poreznu upravu, sve ostale i kontrolirajte kako radi udruga.",HR,test_file,1846,48922,1846,nije_dostupno_iz_izvora,ispitivanje,M_Negative,nije_dostupno_iz_izvora,nije_dostupno_iz_izvora,Negative,jedan_uvjezbani_koder
test-1848,"Potuci ga, budi bolji od drugoga u svemu, pa na bilo koji način.",HR,test_file,1848,44874,1848,nije_dostupno_iz_izvora,ispitivanje,Negative,nije_dostupno_iz_izvora,nije_dostupno_iz_izvora,Negative,jedan_uvjezbani_koder
test-1850,"Vukovara sigurno ne bi bilo u današnjem stanju, odnosno onoga što se s njime dogodilo i ne bi sad razgovarali o posebnom zakonu za Vukovar.",HR,test_file,1850,12309,1850,nije_dostupno_iz_izvora,ispitivanje,M_Negative,nije_dostupno_iz_izvora,nije_dostupno_iz_izvora,Negative,jedan_uvjezbani_koder
test-1852,Nastojat ću evo u ovom svom izlaganju objasnit naime o čemu se radi.,HR,test_file,1852,155420,1852,nije_dostupno_iz_izvora,ispitivanje,P_Neutral,nije_dostupno_iz_izvora,nije_dostupno_iz_izvora,Neutral,jedan_uvjezbani_koder
test-1854,Ona samo inzistira na tome da se upotrijebi i u pravilniku primijeni adekvatna terminologija.,HR,test_file,1854,47565,1854,nije_dostupno_iz_izvora,ispitivanje,P_Neutral,nije_dostupno_iz_izvora,nije_dostupno_iz_izvora,Neutral,jedan_uvjezbani_koder
test-1855,Opcija neurednog restrukturiranja predstavila bi značajan rizik za gospodarski rast sa svim posljedicama koje iz toga mogu proizaći.,HR,test_file,1855,77370,1855,nije_dostupno_iz_izvora,ispitivanje,Negative,nije_dostupno_iz_izvora,nije_dostupno_iz_izvora,Negative,jedan_uvjezbani_koder
test-1858,"I kada tu sliku preslikamo na ovo što se dogodilo proteklih tjedan dana jedinicama lokalne samouprave onda si mi u Hrvatskoj moramo postaviti jedno veliko, veliko pitanje odgovornosti oko donošenja određenih zakona.",HR,test_file,1858,95143,1858,nije_dostupno_iz_izvora,ispitivanje,Negative,nije_dostupno_iz_izvora,nije_dostupno_iz_izvora,Negative,jedan_uvjezbani_koder
test-1859,"Mislim da je od svih ovih tema ovdje jedino taj referendum o ukidanju Ustavnog zakona ili nepoštivanju Ustavnog zakona, da je to nažalost jedna odluka sa mirisom predizborne kampanje.",HR,test_file,1859,95621,1859,nije_dostupno_iz_izvora,ispitivanje,Negative,nije_dostupno_iz_izvora,nije_dostupno_iz_izvora,Negative,jedan_uvjezbani_koder
test-1861,"Kod nas je 1,29, a za usporedbu recimo u Njemačkoj je 3,91 naprema 1; u Italiji 3,17 naprema 1. To je činjenica i to stoji.",HR,test_file,1861,60283,1861,nije_dostupno_iz_izvora,ispitivanje,N_Neutral,nije_dostupno_iz_izvora,nije_dostupno_iz_izvora,Neutral,jedan_uvjezbani_koder
test-1863,"Dakle, kolika je to ušteda i sredstava i državnihj novaca i samoga truda a u konačnici daje bolje rezultate tu se ne bih ponavljala tu je detaljno o tome govorio glavni državni odvjetnik.",HR,test_file,1863,23202,1863,nije_dostupno_iz_izvora,ispitivanje,Positive,nije_dostupno_iz_izvora,nije_dostupno_iz_izvora,Positive,jedan_uvjezbani_koder
test-1864,Noćas smo radili prvu preliminarnu analizu jer su sve države notificirale Europsku komisiju o tome što rade.,HR,test_file,1864,193566,1864,nije_dostupno_iz_izvora,ispitivanje,P_Neutral,nije_dostupno_iz_izvora,nije_dostupno_iz_izvora,Neutral,jedan_uvjezbani_koder
test-1865,"Da Vlada pogriješi, dogodi se da Vlada pogriješi i da sad treba odlukama Parlamenta pokriti takvu pogrešku Vlade.",HR,test_file,1865,74571,1865,nije_dostupno_iz_izvora,ispitivanje,Negative,nije_dostupno_iz_izvora,nije_dostupno_iz_izvora,Negative,jedan_uvjezbani_koder
test-1866,"Sad će to provoditi županija, tj. politika će odlučivati o kadrovima, tj. kadroviranju a znamo kad politika odlučuje da prije svega gura svoje kadrove.",HR,test_file,1866,151148,1866,nije_dostupno_iz_izvora,ispitivanje,Negative,nije_dostupno_iz_izvora,nije_dostupno_iz_izvora,Negative,jedan_uvjezbani_koder
test-1867,Interesantno uvijek čujete šta ja kažem tamo u zadnjem redu.,HR,test_file,1867,86982,1867,nije_dostupno_iz_izvora,ispitivanje,Negative,nije_dostupno_iz_izvora,nije_dostupno_iz_izvora,Negative,jedan_uvjezbani_koder
test-1869,"Poštovana pomoćnice ministra, ja nisam zadovoljna sa vašim obrazloženjem.",HR,test_file,1869,60752,1869,nije_dostupno_iz_izvora,ispitivanje,Negative,nije_dostupno_iz_izvora,nije_dostupno_iz_izvora,Negative,jedan_uvjezbani_koder
test-1871,Drugo što ste govorili to je da treba urediti registar državne imovine i to odredbom članka 25.,HR,test_file,1871,30734,1871,nije_dostupno_iz_izvora,ispitivanje,P_Neutral,nije_dostupno_iz_izvora,nije_dostupno_iz_izvora,Neutral,jedan_uvjezbani_koder
test-1872,"Našli su razne načine, samo da iscrpe i opljačkaju ove građane.",HR,test_file,1872,75306,1872,nije_dostupno_iz_izvora,ispitivanje,Negative,nije_dostupno_iz_izvora,nije_dostupno_iz_izvora,Negative,jedan_uvjezbani_koder
test-1873,"Zato upravo uvodimo, širimo mogućnost rada za opće dobro.",HR,test_file,1873,28621,1873,nije_dostupno_iz_izvora,ispitivanje,Positive,nije_dostupno_iz_izvora,nije_dostupno_iz_izvora,Positive,jedan_uvjezbani_koder
test-1874,"Uvodi se propisani proces izvještavanja i procedura kod svih aktera u nadzoru, konkretno ribarske inspekcije, obalne straže i pomorske policije što osigurava učinkovit i efikasan sustav kontrole.",HR,test_file,1874,50946,1874,nije_dostupno_iz_izvora,ispitivanje,Positive,nije_dostupno_iz_izvora,nije_dostupno_iz_izvora,Positive,jedan_uvjezbani_koder
test-1875,Općinski sud u Rovinju postoji od 1811. godine i Prvi je zemaljski sud u Istri.,HR,test_file,1875,87878,1875,nije_dostupno_iz_izvora,ispitivanje,P_Neutral,nije_dostupno_iz_izvora,nije_dostupno_iz_izvora,Neutral,jedan_uvjezbani_koder
test-1876,"Prema tome, činjenice na stol, idemo razgovarati dokle ste došli u borbu protiv korupcije, u borbu za gospodarski oporavak i završetak pregovora.",HR,test_file,1876,57823,1876,nije_dostupno_iz_izvora,ispitivanje,M_Negative,nije_dostupno_iz_izvora,nije_dostupno_iz_izvora,Negative,jedan_uvjezbani_koder
test-1878,"Ja vam to s terena govorim koji obilazim, bio sam i neki dan u Ravnim kotarima, puna im je kapa gledat vas.",HR,test_file,1878,75204,1878,nije_dostupno_iz_izvora,ispitivanje,Negative,nije_dostupno_iz_izvora,nije_dostupno_iz_izvora,Negative,jedan_uvjezbani_koder
test-1880,"Radnik tuži poslodavca zbog neisplate plaće ili ne primanje potvrde o neisplaćenoj plaći i obračunu plaće, teret dokazivanja je na radniku ne na poslodavcu.",HR,test_file,1880,83537,1880,nije_dostupno_iz_izvora,ispitivanje,Negative,nije_dostupno_iz_izvora,nije_dostupno_iz_izvora,Negative,jedan_uvjezbani_koder
test-1883,"Poštovani kolega Vukšiću, rasprava o sigurnosti jel tako pripadnika Oružanih snaga ne može biti ni demagogija ni populizam.",HR,test_file,1883,94907,1883,nije_dostupno_iz_izvora,ispitivanje,M_Negative,nije_dostupno_iz_izvora,nije_dostupno_iz_izvora,Negative,jedan_uvjezbani_koder
test-1884,Naravno da je analiza gospodarskih podataka bez obzira što se oni temelje na brojkama i na postocima je daleko od toga da je jednoznačna i da je plošna i da nema jako puno dimenzija.,HR,test_file,1884,79881,1884,nije_dostupno_iz_izvora,ispitivanje,N_Neutral,nije_dostupno_iz_izvora,nije_dostupno_iz_izvora,Neutral,jedan_uvjezbani_koder
test-1885,"Da ili ne, nema skrivanja, kao što je bilo u situaciji u raspravi oko istospolnih parova.",HR,test_file,1885,109037,1885,nije_dostupno_iz_izvora,ispitivanje,M_Negative,nije_dostupno_iz_izvora,nije_dostupno_iz_izvora,Negative,jedan_uvjezbani_koder
test-1886,A ja ću vam sada nabrojiti dva zakona koji ovaj zakon derogira.,HR,test_file,1886,95763,1886,nije_dostupno_iz_izvora,ispitivanje,Negative,nije_dostupno_iz_izvora,nije_dostupno_iz_izvora,Negative,jedan_uvjezbani_koder
test-1889,"Ta područja su vezano uz to, ne možemo reći da svako ministarstvo radi za sebe, svako ministarstvo je sastavni dio Vlade.",HR,test_file,1889,36711,1889,nije_dostupno_iz_izvora,ispitivanje,P_Neutral,nije_dostupno_iz_izvora,nije_dostupno_iz_izvora,Neutral,jedan_uvjezbani_koder
test-1890,Sve je prepuno formulacija kao što je citiram iz standarda za osnovno školstvo.,HR,test_file,1890,7318,1890,nije_dostupno_iz_izvora,ispitivanje,P_Neutral,nije_dostupno_iz_izvora,nije_dostupno_iz_izvora,Neutral,jedan_uvjezbani_koder
test-1891,"I vi ste to činili kao predsjednica Vlade zajedno sa svojim suradnicima i ministrom pravosuđa, kao što i današnja Vlada to čini.",HR,test_file,1891,79358,1891,nije_dostupno_iz_izvora,ispitivanje,Negative,nije_dostupno_iz_izvora,nije_dostupno_iz_izvora,Negative,jedan_uvjezbani_koder
test-1893,Hrvatski građani su to normalno potrošili i to se vidi kroz neke sljedeće stavke na prihodovnoj strani proračuna.,HR,test_file,1893,105829,1893,nije_dostupno_iz_izvora,ispitivanje,N_Neutral,nije_dostupno_iz_izvora,nije_dostupno_iz_izvora,Neutral,jedan_uvjezbani_koder
test-1894,"Uz to imamo još i pokoju drugu izmjenu, neke od njih bolje, neke još i pokoju drugu izmjenu.",HR,test_file,1894,74428,1894,nije_dostupno_iz_izvora,ispitivanje,M_Positive,nije_dostupno_iz_izvora,nije_dostupno_iz_izvora,Positive,jedan_uvjezbani_koder
test-1897,"Hvala vam lijepo gospođo potpredsjednice Hrvatskoga sabora, uvažena kolegice.",HR,test_file,1897,82563,1897,nije_dostupno_iz_izvora,ispitivanje,Positive,nije_dostupno_iz_izvora,nije_dostupno_iz_izvora,Positive,jedan_uvjezbani_koder
test-1898,A sve koje zakona što je bilo na toj javnoj raspravi na web stranici Ministarstva socijalne politike i mladih nalazi se kompletna rasprava.,HR,test_file,1898,115038,1898,nije_dostupno_iz_izvora,ispitivanje,P_Neutral,nije_dostupno_iz_izvora,nije_dostupno_iz_izvora,Neutral,jedan_uvjezbani_koder
test-1900,"Tko je osnovao to povjerenstvo, temeljem kojeg zakona ili akta ostaje nepoznanica.",HR,test_file,1900,61769,1900,nije_dostupno_iz_izvora,ispitivanje,Negative,nije_dostupno_iz_izvora,nije_dostupno_iz_izvora,Negative,jedan_uvjezbani_koder
test-1902,"Pa ja tvrdim, samo hrvatske banke, nitko drugi.",HR,test_file,1902,29104,1902,nije_dostupno_iz_izvora,ispitivanje,N_Neutral,nije_dostupno_iz_izvora,nije_dostupno_iz_izvora,Neutral,jedan_uvjezbani_koder
test-1906,"Ja si postavljam pitanje, gdje je tu država, tko to kontrolira.",HR,test_file,1906,50663,1906,nije_dostupno_iz_izvora,ispitivanje,Negative,nije_dostupno_iz_izvora,nije_dostupno_iz_izvora,Negative,jedan_uvjezbani_koder
test-1907,"Da li mislite da bi to bilo dobro za hrvatsku ekonomiju, za naš financijski sustav.",HR,test_file,1907,53342,1907,nije_dostupno_iz_izvora,ispitivanje,M_Positive,nije_dostupno_iz_izvora,nije_dostupno_iz_izvora,Positive,jedan_uvjezbani_koder
test-1909,"Dakle olako se dopustilo da se Hrvatska demografski slama, slama, slama, da bi sada možda bili na granici od 4 milijuna stanovnika.",HR,test_file,1909,104059,1909,nije_dostupno_iz_izvora,ispitivanje,Negative,nije_dostupno_iz_izvora,nije_dostupno_iz_izvora,Negative,jedan_uvjezbani_koder
test-1910,Zatim mislim da je člankom 134. je propisano dvije godine postotak oštećenja organizma za reviziju dvije godine.,HR,test_file,1910,26380,1910,nije_dostupno_iz_izvora,ispitivanje,N_Neutral,nije_dostupno_iz_izvora,nije_dostupno_iz_izvora,Neutral,jedan_uvjezbani_koder
test-1911,SDP je vodeća stranka na vlasti i spominjala se i razmatrala se mogućnost da se Državni inspektorat ojača na način da se postepeno sve inspekcijske službe prebace u državni inspektorat.,HR,test_file,1911,65326,1911,nije_dostupno_iz_izvora,ispitivanje,Positive,nije_dostupno_iz_izvora,nije_dostupno_iz_izvora,Positive,jedan_uvjezbani_koder
test-1912,Mi iz drugih stranaka s velikom pozornošću i zanimanjem pratimo kako vi te trke vodite.,HR,test_file,1912,53544,1912,nije_dostupno_iz_izvora,ispitivanje,Positive,nije_dostupno_iz_izvora,nije_dostupno_iz_izvora,Positive,jedan_uvjezbani_koder
test-1914,"Da, pred svjedocima. …/Upadica sa strane, ne čuje se./…",HR,test_file,1914,106403,1914,nije_dostupno_iz_izvora,ispitivanje,P_Neutral,nije_dostupno_iz_izvora,nije_dostupno_iz_izvora,Neutral,jedan_uvjezbani_koder
test-1915,A zašto se onda ne radi već sada na tome da to bude dosljedno?,HR,test_file,1915,109319,1915,nije_dostupno_iz_izvora,ispitivanje,Negative,nije_dostupno_iz_izvora,nije_dostupno_iz_izvora,Negative,jedan_uvjezbani_koder
test-1918,"U Velikoj Britaniji procjenjuje se da je potkraj, dakle ovog drugog tisućljeća godišnje umiralo i do 400 ljudi zbog posljedica šteta nanesenih liječenjem.",HR,test_file,1918,66780,1918,nije_dostupno_iz_izvora,ispitivanje,Negative,nije_dostupno_iz_izvora,nije_dostupno_iz_izvora,Negative,jedan_uvjezbani_koder
test-1919,Pa je evo načinilo novi prijedlog koji je nažalost još lošiji.,HR,test_file,1919,33470,1919,nije_dostupno_iz_izvora,ispitivanje,Negative,nije_dostupno_iz_izvora,nije_dostupno_iz_izvora,Negative,jedan_uvjezbani_koder
test-1921,"Pa tako konkretno za taj nesretni Brodosplit, došlo je do ogromnog rasipanja radnika.",HR,test_file,1921,130987,1921,nije_dostupno_iz_izvora,ispitivanje,Negative,nije_dostupno_iz_izvora,nije_dostupno_iz_izvora,Negative,jedan_uvjezbani_koder
test-1922,"I čak i uporabnu dozvolu bi trebali imati, krše zakon.",HR,test_file,1922,137180,1922,nije_dostupno_iz_izvora,ispitivanje,Negative,nije_dostupno_iz_izvora,nije_dostupno_iz_izvora,Negative,jedan_uvjezbani_koder
test-1923,"Međutim, mislim da to više ovisi o organiziranosti i osposobljenosti i broju naših inspekcijskih službi nego što to ima veze sa samim deklarativnim zakonskim rješenjem.",HR,test_file,1923,12411,1923,nije_dostupno_iz_izvora,ispitivanje,P_Neutral,nije_dostupno_iz_izvora,nije_dostupno_iz_izvora,Neutral,jedan_uvjezbani_koder
test-1924,"Ali dok nas ne opali po glavi i one koji sada misle da je to dobro, mislim da se neće bitnije promijeniti.",HR,test_file,1924,96535,1924,nije_dostupno_iz_izvora,ispitivanje,Negative,nije_dostupno_iz_izvora,nije_dostupno_iz_izvora,Negative,jedan_uvjezbani_koder
test-1926,"Da ste vidjeli ovo što smo mi vidjeli i noćas gledali mjere drugih zemalja, onda bi ih možda gledali malo drukčijom optikom.",HR,test_file,1926,192585,1926,nije_dostupno_iz_izvora,ispitivanje,Negative,nije_dostupno_iz_izvora,nije_dostupno_iz_izvora,Negative,jedan_uvjezbani_koder
test-1938,"Ako je to točno onda se postavlja pitanje, i time obrazlažem ispravak netočnoga navoda.",HR,test_file,1938,52495,1938,nije_dostupno_iz_izvora,ispitivanje,N_Neutral,nije_dostupno_iz_izvora,nije_dostupno_iz_izvora,Neutral,jedan_uvjezbani_koder
test-1939,Koji je onda razlog da HT ne plaća pravo služnosti lokalnoj samoupravi?,HR,test_file,1939,44675,1939,nije_dostupno_iz_izvora,ispitivanje,Negative,nije_dostupno_iz_izvora,nije_dostupno_iz_izvora,Negative,jedan_uvjezbani_koder
test-1945,"Gospođe i gospodo zastupnici, nastavljamo sa sjednicom i raspravom o Konačnom prijedlogu Zakona o humanitarnom razminiranju i Zakona o posebnim pravima iz mirovinskog osiguranja zaposlenika na poslovima razminiranja.",HR,test_file,1945,53157,1945,nije_dostupno_iz_izvora,ispitivanje,P_Neutral,nije_dostupno_iz_izvora,nije_dostupno_iz_izvora,Neutral,jedan_uvjezbani_koder
test-1946,"I jeste pitanje kredib8lnosti našega pravosuđa i jeste pitanje opće sigurnosti ljudi, sad više ne onih koji su ove ili one nacionalnosti, nego svih koji žive na tom području.",HR,test_file,1946,23212,1946,nije_dostupno_iz_izvora,ispitivanje,M_Positive,nije_dostupno_iz_izvora,nije_dostupno_iz_izvora,Positive,jedan_uvjezbani_koder
test-1948,"Ovim Prijedlogom mjera nije pogođena, siromašni Hrvati od svojih skomnih primanja teško mogu plaćati kazne europskih iznosa.",HR,test_file,1948,17851,1948,nije_dostupno_iz_izvora,ispitivanje,Negative,nije_dostupno_iz_izvora,nije_dostupno_iz_izvora,Negative,jedan_uvjezbani_koder
test-1953,"Da u toj energetici nema novca, da se tu ne dijeli kažem određene premije koje bi bile, onda ne bismo ovoga imali.",HR,test_file,1953,44987,1953,nije_dostupno_iz_izvora,ispitivanje,M_Negative,nije_dostupno_iz_izvora,nije_dostupno_iz_izvora,Negative,jedan_uvjezbani_koder
test-1957,Ja sam te povlaštene informacije doznao i dobio na terenu na licu mjesta kada je HDZ donosio prvi puta Zakon dakle o legalizaciji nezakonito izgrađenih građevina.,HR,test_file,1957,61477,1957,nije_dostupno_iz_izvora,ispitivanje,N_Neutral,nije_dostupno_iz_izvora,nije_dostupno_iz_izvora,Neutral,jedan_uvjezbani_koder
test-1958,To da se proglašava u biti podužnicom Europske banke to doista ne može nikako se prihvatiti.,HR,test_file,1958,23289,1958,nije_dostupno_iz_izvora,ispitivanje,Negative,nije_dostupno_iz_izvora,nije_dostupno_iz_izvora,Negative,jedan_uvjezbani_koder
test-1960,"Također se propisuje da ukoliko ispitani uzorci ne odgovaraju propisanom sastavu i slično, inspektor posljednjim zaključkom utvrđuje iznos tih troškova i kome se trebaju platiti i u kojem roku.",HR,test_file,1960,15874,1960,nije_dostupno_iz_izvora,ispitivanje,N_Neutral,nije_dostupno_iz_izvora,nije_dostupno_iz_izvora,Neutral,jedan_uvjezbani_koder
test-1961,"I konačno ovim Prijedlogom zakona određena i obveza povjerenstva da svaka tri mjeseca izvješćuje Vladu Republike Hrvatske o svom radu, a glede uništenja opojne droge.",HR,test_file,1961,22213,1961,nije_dostupno_iz_izvora,ispitivanje,N_Neutral,nije_dostupno_iz_izvora,nije_dostupno_iz_izvora,Neutral,jedan_uvjezbani_koder
test-1963,"Informacije o podnesenim zahtjevima, predstavkama, peticijama, prijedlozima kao i drugim aktivnostima koje su korisnici preuzeli prema tijelu javne vlasti.",HR,test_file,1963,8324,1963,nije_dostupno_iz_izvora,ispitivanje,P_Neutral,nije_dostupno_iz_izvora,nije_dostupno_iz_izvora,Neutral,jedan_uvjezbani_koder
test-1964,Ono što je u ruralnim područjima karakteristično da žene često niti nemaju informaciju o tim mjerama ili nemaju dovoljno informacija.,HR,test_file,1964,146064,1964,nije_dostupno_iz_izvora,ispitivanje,Negative,nije_dostupno_iz_izvora,nije_dostupno_iz_izvora,Negative,jedan_uvjezbani_koder
test-1966,"Ali nije, pogledajte ako vi date nekome nekakvu neodređenu ovlast onda ne možete reći … nego naprosto pročitajte si pa ćete vidjet da to nije tako.",HR,test_file,1966,57950,1966,nije_dostupno_iz_izvora,ispitivanje,Negative,nije_dostupno_iz_izvora,nije_dostupno_iz_izvora,Negative,jedan_uvjezbani_koder
test-1969,"Naime, u originalnom tekstu prilog 1. ima koliko sam vidio 3 stranice.",HR,test_file,1969,33544,1969,nije_dostupno_iz_izvora,ispitivanje,P_Neutral,nije_dostupno_iz_izvora,nije_dostupno_iz_izvora,Neutral,jedan_uvjezbani_koder
test-1974,"Dakle, nova agencija trebala bi osigurati bolji nadzor sustava upravljanja sigurnošću željezničkog prometa i učinkovitu regulaciju te omogućiti jednak i nediskriminirajući pristup svim sudionicima na tržištu željezničkih usluga.",HR,test_file,1974,17351,1974,nije_dostupno_iz_izvora,ispitivanje,Positive,nije_dostupno_iz_izvora,nije_dostupno_iz_izvora,Positive,jedan_uvjezbani_koder
test-1975,To je dobro i u kontekstu prijašnjeg zakona o kojima smo također raspravljali i dobro je da se koncentrira jedna takva materija upravo na jednom mjestu.,HR,test_file,1975,94086,1975,nije_dostupno_iz_izvora,ispitivanje,Positive,nije_dostupno_iz_izvora,nije_dostupno_iz_izvora,Positive,jedan_uvjezbani_koder
test-1976,"Daje mišljenje Vladi RH o nacrtu prijedloga nacionalnog programa sporta, daje mišljenje o prioritetnim projektima, elaboratima i studijama koje će se financirati u sustavu javnih potreba u sportu.",HR,test_file,1976,127523,1976,nije_dostupno_iz_izvora,ispitivanje,P_Neutral,nije_dostupno_iz_izvora,nije_dostupno_iz_izvora,Neutral,jedan_uvjezbani_koder
test-1977,"To vam je kao kanal Dunav-Sava, ako se vi odnosite kao što se HDZ-ova vlast bila odnosila prema kanalu Dunav-Sava, obećavali ga svake četiri godine, a nikad ga nisu niti završili.",HR,test_file,1977,22738,1977,nije_dostupno_iz_izvora,ispitivanje,Negative,nije_dostupno_iz_izvora,nije_dostupno_iz_izvora,Negative,jedan_uvjezbani_koder
test-1979,"Stoga ovaj ne postoji iskustvo, dakle ne postoji recentno iskustvo koji bi se mogli, mogli osloniti.",HR,test_file,1979,193842,1979,nije_dostupno_iz_izvora,ispitivanje,N_Neutral,nije_dostupno_iz_izvora,nije_dostupno_iz_izvora,Neutral,jedan_uvjezbani_koder
test-1980,Ali i HERA mora preuzeti ja bih rekao svoje poslove i u tim politikama dati svoj doprinos kroz stručne analize.,HR,test_file,1980,66349,1980,nije_dostupno_iz_izvora,ispitivanje,P_Neutral,nije_dostupno_iz_izvora,nije_dostupno_iz_izvora,Neutral,jedan_uvjezbani_koder
test-1981,"A najuspješnija mjera je 10 tisuća mladih, školovanih i pametnih ljudi koji svoju budućnost vide odlaskom u inozemstvo.",HR,test_file,1981,19881,1981,nije_dostupno_iz_izvora,ispitivanje,Negative,nije_dostupno_iz_izvora,nije_dostupno_iz_izvora,Negative,jedan_uvjezbani_koder
test-1982,"Imate političku snagu, imate veličinu, možda ćete i uspjeti zapravo u tome no mislim da ćete ostati usamljeni u hrvatskoj politici.",HR,test_file,1982,90727,1982,nije_dostupno_iz_izvora,ispitivanje,M_Negative,nije_dostupno_iz_izvora,nije_dostupno_iz_izvora,Negative,jedan_uvjezbani_koder
test-1986,"Hvala lijepa gospodine potpredsjedniče, uvažene kolegice i kolege zastupnici.",HR,test_file,1986,13785,1986,nije_dostupno_iz_izvora,ispitivanje,Positive,nije_dostupno_iz_izvora,nije_dostupno_iz_izvora,Positive,jedan_uvjezbani_koder
test-1989,"Prvo norma kaže što predstavlja državno vlasništvo, a onda kako se to dokazuje.",HR,test_file,1989,29814,1989,nije_dostupno_iz_izvora,ispitivanje,P_Neutral,nije_dostupno_iz_izvora,nije_dostupno_iz_izvora,Neutral,jedan_uvjezbani_koder
test-1993,Znači trebalo je saborskim zastupnicima ipak priznati neku sigurnost koliku toliku da mogu ovdje slobodno govoriti.,HR,test_file,1993,1990,1993,nije_dostupno_iz_izvora,ispitivanje,M_Negative,nije_dostupno_iz_izvora,nije_dostupno_iz_izvora,Negative,jedan_uvjezbani_koder
test-1995,Hrvatska država i hrvatske Vlade su često puta bili ta majmuni na grani koji su rezali tu granu na kojoj sjede i praktično doveli Hrvatsku u veliku ovisnost.,HR,test_file,1995,28161,1995,nije_dostupno_iz_izvora,ispitivanje,Negative,nije_dostupno_iz_izvora,nije_dostupno_iz_izvora,Negative,jedan_uvjezbani_koder
test-1996,"Javila sam se zbog konstatacije uvaženog zastupnika gospodina Radoša koji je komentirao ono što je u uvodnom dijelu govorio predsjednik Vlade dr Ivo Sanader , o vraćanju dostojanstva hrvatskih branitelja i članovima njihovih obitelji.",HR,test_file,1996,3782,1996,nije_dostupno_iz_izvora,ispitivanje,M_Positive,nije_dostupno_iz_izvora,nije_dostupno_iz_izvora,Positive,jedan_uvjezbani_koder
test-1997,"Slažem se da se to ne bi smjelo događati ali ne bih htio stigmatizirati srpsku etničku zajednicu tim sramotnim činom koji se događa i sa filmom, ako hoćete i sa himnom.",HR,test_file,1997,4646,1997,nije_dostupno_iz_izvora,ispitivanje,M_Negative,nije_dostupno_iz_izvora,nije_dostupno_iz_izvora,Negative,jedan_uvjezbani_koder
test-1998,"De facto, na taj način Vlada uvodi IV. i V. mirovinski stup i postavlja se pitanje koliko je još stupova potrebno da bi mirovinski sustav postao održiv?",HR,test_file,1998,66865,1998,nije_dostupno_iz_izvora,ispitivanje,M_Negative,nije_dostupno_iz_izvora,nije_dostupno_iz_izvora,Negative,jedan_uvjezbani_koder
test-1999,"Jer prije svega nisam budala, završio sam fakultet svojim znanjem i svojim radom i prošao sam puno stručnih i onih poslova u Saboru koji su se ticali ulaska naše zemlje u Europsku uniju.",HR,test_file,1999,960,1999,nije_dostupno_iz_izvora,ispitivanje,Positive,nije_dostupno_iz_izvora,nije_dostupno_iz_izvora,Positive,jedan_uvjezbani_koder
test-2000,Ove godine 124 milijuna kuna i jedan podatak iznimno važan.,HR,test_file,2000,1338,2000,nije_dostupno_iz_izvora,ispitivanje,P_Neutral,nije_dostupno_iz_izvora,nije_dostupno_iz_izvora,Neutral,jedan_uvjezbani_koder
test-2001,Naravno imamo razumijevanja kada ovdje na samom početku zakona kada u članku 6. stavku 2. govorimo o kako moramo postupno dostupnim audiovizualne medijske usluge osobama sa oštećenjem sluha i vida.,HR,test_file,2001,64652,2001,nije_dostupno_iz_izvora,ispitivanje,Positive,nije_dostupno_iz_izvora,nije_dostupno_iz_izvora,Positive,jedan_uvjezbani_koder
test-2004,"Konvencija o kontaktima s djecom stupila ne na snagu 1. rujna 2005. godine, a ona nadopunjuje i razrađuje način ostvarivanja prava djeteta utvrđen Konvencijom Ujedinjenih naroda o pravima djeteta.",HR,test_file,2004,18671,2004,nije_dostupno_iz_izvora,ispitivanje,P_Neutral,nije_dostupno_iz_izvora,nije_dostupno_iz_izvora,Neutral,jedan_uvjezbani_koder
test-2005,"Nisam znao da će na tako cjeloviti, stručan i kvalitetan način obrazložiti sve o biocidima.",HR,test_file,2005,88408,2005,nije_dostupno_iz_izvora,ispitivanje,Positive,nije_dostupno_iz_izvora,nije_dostupno_iz_izvora,Positive,jedan_uvjezbani_koder
test-2007,"Dakle, pred vama je na stolu izvješće, odnosno godišnji obračun Državnog proračuna za 2007. godinu.",HR,test_file,2007,15623,2007,nije_dostupno_iz_izvora,ispitivanje,P_Neutral,nije_dostupno_iz_izvora,nije_dostupno_iz_izvora,Neutral,jedan_uvjezbani_koder
test-2009,Pa paradoks je da u onim županijama gdje su najveća iseljavanja HDZ na vlasti u svojoj županiji da ne govorim Splitsko-dalmatinskoj.,HR,test_file,2009,151294,2009,nije_dostupno_iz_izvora,ispitivanje,Negative,nije_dostupno_iz_izvora,nije_dostupno_iz_izvora,Negative,jedan_uvjezbani_koder
test-2010,Iz svih tih razloga dame i gospodo teško je podržati ovakav rebalans proračuna.,HR,test_file,2010,40489,2010,nije_dostupno_iz_izvora,ispitivanje,Negative,nije_dostupno_iz_izvora,nije_dostupno_iz_izvora,Negative,jedan_uvjezbani_koder
test-2013,Nažalost u puno institucija u RH veliki broj ljudi radi po inerciji i ne razmišlja što bi bilo dobro a što ne bi bilo dobro.,HR,test_file,2013,2952,2013,nije_dostupno_iz_izvora,ispitivanje,Negative,nije_dostupno_iz_izvora,nije_dostupno_iz_izvora,Negative,jedan_uvjezbani_koder
test-2016,"Zato sam i rekao da bi njih trebalo ugraditi u ovaj zakon, upravo zbog toga.",HR,test_file,2016,76843,2016,nije_dostupno_iz_izvora,ispitivanje,P_Neutral,nije_dostupno_iz_izvora,nije_dostupno_iz_izvora,Neutral,jedan_uvjezbani_koder
test-2017,"Na razini države postoji direktor HT-a, Croatia Airlines-a, dalje mi ne pada napamet.",HR,test_file,2017,46307,2017,nije_dostupno_iz_izvora,ispitivanje,P_Neutral,nije_dostupno_iz_izvora,nije_dostupno_iz_izvora,Neutral,jedan_uvjezbani_koder
test-2020,I to je dobro i o tome u svakom slučaju trebamo napredovati.,HR,test_file,2020,3777,2020,nije_dostupno_iz_izvora,ispitivanje,Positive,nije_dostupno_iz_izvora,nije_dostupno_iz_izvora,Positive,jedan_uvjezbani_koder
test-2022,Opseg misije je utvrđen Rezolucijom Vijeća sigurnosti i tu je stvar potpuno jasna.,HR,test_file,2022,39464,2022,nije_dostupno_iz_izvora,ispitivanje,P_Neutral,nije_dostupno_iz_izvora,nije_dostupno_iz_izvora,Neutral,jedan_uvjezbani_koder
test-2023,"Sve ovo ostalo nemaju pravo pitati, nikada će biti isplata tih njihovih proizvoda, kada će dobiti nadoknade, gdje će na policama njihova roba stajati, pod kojim uvjetima će se prodavati.",HR,test_file,2023,55004,2023,nije_dostupno_iz_izvora,ispitivanje,Negative,nije_dostupno_iz_izvora,nije_dostupno_iz_izvora,Negative,jedan_uvjezbani_koder
test-2024,Ujedno čestitam Dan Sabora svim službenicama i službenicima Hrvatskog sabora.,HR,test_file,2024,40375,2024,nije_dostupno_iz_izvora,ispitivanje,Positive,nije_dostupno_iz_izvora,nije_dostupno_iz_izvora,Positive,jedan_uvjezbani_koder
test-2026,To se zove nasilje i to ovaj Sabor ne bi smio dozvoliti.,HR,test_file,2026,71265,2026,nije_dostupno_iz_izvora,ispitivanje,Negative,nije_dostupno_iz_izvora,nije_dostupno_iz_izvora,Negative,jedan_uvjezbani_koder
test-2027,I zanima me još uvijek zašto je Hrvatska zadnja po isplaćenim sredstvima iz EU od svih država članica EU?,HR,test_file,2027,175236,2027,nije_dostupno_iz_izvora,ispitivanje,Negative,nije_dostupno_iz_izvora,nije_dostupno_iz_izvora,Negative,jedan_uvjezbani_koder
test-2029,"- Konačni prijedlog Zakona o izmjenama Zakona o članarinama u turističkim zajednicama, hitni postupak, prvo i drugo čitanje, P.Z. BR..",HR,test_file,2029,120116,2029,nije_dostupno_iz_izvora,ispitivanje,P_Neutral,nije_dostupno_iz_izvora,nije_dostupno_iz_izvora,Neutral,jedan_uvjezbani_koder
test-2031,"Možda bi trebalo govoriti o pravima žena, međutim, mislim da treba ipak više govoriti o pravima djece.",HR,test_file,2031,14964,2031,nije_dostupno_iz_izvora,ispitivanje,P_Neutral,nije_dostupno_iz_izvora,nije_dostupno_iz_izvora,Neutral,jedan_uvjezbani_koder
test-2033,"I drugo, svi smo se ovdje kod izvješća svake godine pučkog pravobranitelja upravo podsjećali na to da najviše problema ima u upravi.",HR,test_file,2033,35316,2033,nije_dostupno_iz_izvora,ispitivanje,Negative,nije_dostupno_iz_izvora,nije_dostupno_iz_izvora,Negative,jedan_uvjezbani_koder
test-2035,Sveučilište je inače nastalo na temeljima Visoke elektrotehničke škole u Varaždinu koja je počela sa radom 2001. godine.,HR,test_file,2035,110981,2035,nije_dostupno_iz_izvora,ispitivanje,P_Neutral,nije_dostupno_iz_izvora,nije_dostupno_iz_izvora,Neutral,jedan_uvjezbani_koder
test-2037,Inače svakako zbog temeljne intencije ovoga zakona mi ćemo ga prihvatiti i za njega glasati.,HR,test_file,2037,38341,2037,nije_dostupno_iz_izvora,ispitivanje,Positive,nije_dostupno_iz_izvora,nije_dostupno_iz_izvora,Positive,jedan_uvjezbani_koder
test-2039,"Naime, evo zaduženje vraća se iz prihoda agencije, ne opterećuje proračun i, na bilo koji način.",HR,test_file,2039,72029,2039,nije_dostupno_iz_izvora,ispitivanje,Positive,nije_dostupno_iz_izvora,nije_dostupno_iz_izvora,Positive,jedan_uvjezbani_koder
test-2040,"Prema tome dajemo im mogućnost da investiraju, da ulažu, da rade na programima, i da povuču što više sredstava iz fondova Europske unije.",HR,test_file,2040,22452,2040,nije_dostupno_iz_izvora,ispitivanje,Positive,nije_dostupno_iz_izvora,nije_dostupno_iz_izvora,Positive,jedan_uvjezbani_koder
test-2041,Pa smo imali izgradnju ribarske flote uz pomoć nekoliko ministarstava i subvenciju tih ministarstava.,HR,test_file,2041,3526,2041,nije_dostupno_iz_izvora,ispitivanje,P_Neutral,nije_dostupno_iz_izvora,nije_dostupno_iz_izvora,Neutral,jedan_uvjezbani_koder
test-2042,"Međutim, kažu bila je 8%, sada možete dobiti uz 4%.",HR,test_file,2042,86366,2042,nije_dostupno_iz_izvora,ispitivanje,P_Neutral,nije_dostupno_iz_izvora,nije_dostupno_iz_izvora,Neutral,jedan_uvjezbani_koder
test-2047,"Jer stričeki u vrtićima participiraju samo sa 1% pokazuje o tome na koji način ćemo našu djecu senzibilizirati za rodne uloge, za podjelu kućanskih poslova i podjele skrbi o djeci.",HR,test_file,2047,53742,2047,nije_dostupno_iz_izvora,ispitivanje,Negative,nije_dostupno_iz_izvora,nije_dostupno_iz_izvora,Negative,jedan_uvjezbani_koder
test-2049,Spominjete ministra Marića koji se izuzeo od svih odluka koje se vezane za bilo koju raspravu u mojoj Vladi uz ovaj zakon o kojem je danas riječ.,HR,test_file,2049,35648,2049,nije_dostupno_iz_izvora,ispitivanje,N_Neutral,nije_dostupno_iz_izvora,nije_dostupno_iz_izvora,Neutral,jedan_uvjezbani_koder
test-2053,"Međutim, da nije sve baš najsjajnije nam govori 2 podatka, pad industrijske proizvodnje što već slušamo kroz mjesece i kolegica Makar je spomenula također pad izvoza.",HR,test_file,2053,105799,2053,nije_dostupno_iz_izvora,ispitivanje,Negative,nije_dostupno_iz_izvora,nije_dostupno_iz_izvora,Negative,jedan_uvjezbani_koder
test-2055,"Za provedbu pojedinih odredbi navedenih akata do sada nisu bile propisane upravne pristojbe, stoga se ovim prijedlogom iste predlažu.",HR,test_file,2055,45807,2055,nije_dostupno_iz_izvora,ispitivanje,P_Neutral,nije_dostupno_iz_izvora,nije_dostupno_iz_izvora,Neutral,jedan_uvjezbani_koder
test-2056,To su stvari o kojima treba razgovarati i o kojima itekako ovisi budućnost Republike Hrvatske.,HR,test_file,2056,51925,2056,nije_dostupno_iz_izvora,ispitivanje,M_Positive,nije_dostupno_iz_izvora,nije_dostupno_iz_izvora,Positive,jedan_uvjezbani_koder
test-2057,"Amandman se ne prihvaća, jer je Vlada Republike Hrvatske sama predložila amandman koji je sadržajno identičan amandmanu Odbora za zakonodavstvo Hrvatskog sabora.",HR,test_file,2057,43195,2057,nije_dostupno_iz_izvora,ispitivanje,N_Neutral,nije_dostupno_iz_izvora,nije_dostupno_iz_izvora,Neutral,jedan_uvjezbani_koder
test-2063,"Tako da evo, mislim da je ovo detaljnije razrađeno i tražim glasanje.",HR,test_file,2063,103374,2063,nije_dostupno_iz_izvora,ispitivanje,P_Neutral,nije_dostupno_iz_izvora,nije_dostupno_iz_izvora,Neutral,jedan_uvjezbani_koder
test-2064,"Integralno upravljanje razvojem lokalnih zajednica, podizanjem kvalitete i dostupnost komunalnih i socijalnih usluga, te sustavna skrb o ranjivim skupinama stanovništva i konačno sustavna skrb o zaštiti okoliša.",HR,test_file,2064,39300,2064,nije_dostupno_iz_izvora,ispitivanje,Positive,nije_dostupno_iz_izvora,nije_dostupno_iz_izvora,Positive,jedan_uvjezbani_koder
test-2066,Jer ovakav način ako skačete sa članka na članak pa se vraćate natrag stvara određene zabune.,HR,test_file,2066,40096,2066,nije_dostupno_iz_izvora,ispitivanje,N_Neutral,nije_dostupno_iz_izvora,nije_dostupno_iz_izvora,Neutral,jedan_uvjezbani_koder
test-2068,"Dakle, ništa nije to moje izmišljeno nego sam skinula što je britansko udruženje donijelo za dobrobit djece izglasano u Strasbourgu u svibnju 1998. godine.",HR,test_file,2068,58676,2068,nije_dostupno_iz_izvora,ispitivanje,P_Neutral,nije_dostupno_iz_izvora,nije_dostupno_iz_izvora,Neutral,jedan_uvjezbani_koder
test-2069,To je istina i zbog toga HŽ ne može prosperirati jer je namjera osloboditi tržište privatnim investitorima iz inozemstva.,HR,test_file,2069,78234,2069,nije_dostupno_iz_izvora,ispitivanje,Negative,nije_dostupno_iz_izvora,nije_dostupno_iz_izvora,Negative,jedan_uvjezbani_koder
test-2074,"Da, upravo sam to i naglasio u raspravi što ste još vi sad posebno apostrofirali i hvala vam na tome.",HR,test_file,2074,13311,2074,nije_dostupno_iz_izvora,ispitivanje,Positive,nije_dostupno_iz_izvora,nije_dostupno_iz_izvora,Positive,jedan_uvjezbani_koder
test-2075,"Znači: ""Govornik može govoriti samo o temi o kojoj se raspravlja prema utvrđenom dnevnom redu.",HR,test_file,2075,136,2075,nije_dostupno_iz_izvora,ispitivanje,P_Neutral,nije_dostupno_iz_izvora,nije_dostupno_iz_izvora,Neutral,jedan_uvjezbani_koder
test-2077,"Pa to je naša realnost, to je hrvatska realnost.",HR,test_file,2077,152698,2077,nije_dostupno_iz_izvora,ispitivanje,N_Neutral,nije_dostupno_iz_izvora,nije_dostupno_iz_izvora,Neutral,jedan_uvjezbani_koder
test-2079,"Međutim, to smo već raspravljali i to smo već govorili u raspravi o Zakonu o sustavu državne uprave.",HR,test_file,2079,163734,2079,nije_dostupno_iz_izvora,ispitivanje,P_Neutral,nije_dostupno_iz_izvora,nije_dostupno_iz_izvora,Neutral,jedan_uvjezbani_koder
test-2081,Malo sam čitala iz izvještaja koje smo dobili i slušala kako se o tome govori.,HR,test_file,2081,181726,2081,nije_dostupno_iz_izvora,ispitivanje,P_Neutral,nije_dostupno_iz_izvora,nije_dostupno_iz_izvora,Neutral,jedan_uvjezbani_koder
test-2082,"Pa ako je to nekakva mega korporacija američkog vlasnika onda se pokušava na taj način, ako ne, onda sa američkom Vladom.",HR,test_file,2082,32514,2082,nije_dostupno_iz_izvora,ispitivanje,P_Neutral,nije_dostupno_iz_izvora,nije_dostupno_iz_izvora,Neutral,jedan_uvjezbani_koder
test-2084,"I Hrvatska se tu bori, mi ne sjedimo, mi nismo poslušnici, mi ne slušamo, mi aktivno sudjelujemo i predlažemo.",HR,test_file,2084,67071,2084,nije_dostupno_iz_izvora,ispitivanje,Positive,nije_dostupno_iz_izvora,nije_dostupno_iz_izvora,Positive,jedan_uvjezbani_koder
test-2085,"Rekli ste želimo vlast imamo rješenja, znali ste u što se upuštate.",HR,test_file,2085,26733,2085,nije_dostupno_iz_izvora,ispitivanje,M_Negative,nije_dostupno_iz_izvora,nije_dostupno_iz_izvora,Negative,jedan_uvjezbani_koder
test-2087,Međutim ja mislim da u ovom Domu treba progovoriti o nečemu drugom.,HR,test_file,2087,59632,2087,nije_dostupno_iz_izvora,ispitivanje,N_Neutral,nije_dostupno_iz_izvora,nije_dostupno_iz_izvora,Neutral,jedan_uvjezbani_koder
test-2088,"U kontekstu za ustavljanja depopulacije dijelova teritorija i neravnomjernog regionalnog razvoja provodi se program integrirane fizičke, gospodarske i socijalne regeneracije malih gradova na ratom pogođenim područjima.",HR,test_file,2088,144036,2088,nije_dostupno_iz_izvora,ispitivanje,P_Neutral,nije_dostupno_iz_izvora,nije_dostupno_iz_izvora,Neutral,jedan_uvjezbani_koder
test-2090,"To bi bio jedini pravilan način na koji bi se iskazala lista najčešćih kršitelja, dakle tijela javne ovlasti koji su dužni primijeniti Zakon o javnoj nabavi a pritom vrše različite povrede.",HR,test_file,2090,57721,2090,nije_dostupno_iz_izvora,ispitivanje,M_Positive,nije_dostupno_iz_izvora,nije_dostupno_iz_izvora,Positive,jedan_uvjezbani_koder
test-2091,"Što se poreznih olakšica, banke su s obzirom na to dal su imale dobit ili gubitak, one su koristile porezni štit.",HR,test_file,2091,77520,2091,nije_dostupno_iz_izvora,ispitivanje,P_Neutral,nije_dostupno_iz_izvora,nije_dostupno_iz_izvora,Neutral,jedan_uvjezbani_koder
test-2093,"I trebati će svaki dan kada navrate u kiosk platiti dodatnih dvije kune ili 90 do 1000 kuna godišnje, kako bi sve ovo bilo očito je kao i do sada.",HR,test_file,2093,16264,2093,nije_dostupno_iz_izvora,ispitivanje,Negative,nije_dostupno_iz_izvora,nije_dostupno_iz_izvora,Negative,jedan_uvjezbani_koder
test-2095,Kako to onda objašnjavate i na koji način mislite da će se to moći nadoknaditi zdravstvu?,HR,test_file,2095,64987,2095,nije_dostupno_iz_izvora,ispitivanje,M_Negative,nije_dostupno_iz_izvora,nije_dostupno_iz_izvora,Negative,jedan_uvjezbani_koder
test-2099,"Prema tome, nikako da objasnite zašto ne bi država ušla u vlasničku strukturu tvrtke u kojoj danas iskrcat će 30-ak, 40 ili 50 milijuna kuna.",HR,test_file,2099,203558,2099,nije_dostupno_iz_izvora,ispitivanje,M_Negative,nije_dostupno_iz_izvora,nije_dostupno_iz_izvora,Negative,jedan_uvjezbani_koder
test-2100,"Treba znati da je trenutno u udomiteljskim obiteljima smješteno više od 2400 djece, dok ih je više od 1000 u domovima za djecu.",HR,test_file,2100,170575,2100,nije_dostupno_iz_izvora,ispitivanje,N_Neutral,nije_dostupno_iz_izvora,nije_dostupno_iz_izvora,Neutral,jedan_uvjezbani_koder
test-2101,"Plinski ugovori, vi znadete da ja kao ministar gospodarstva i prošla Vlada nismo konzumirali.",HR,test_file,2101,21860,2101,nije_dostupno_iz_izvora,ispitivanje,P_Neutral,nije_dostupno_iz_izvora,nije_dostupno_iz_izvora,Neutral,jedan_uvjezbani_koder
test-2102,Definitivno stvarno je bilo nepredvidljivo da bi u 16 sati radnim danom mogla trajati rasprava onda je normalno da je zakazan Klub zastupnika u to vrijeme.,HR,test_file,2102,5506,2102,nije_dostupno_iz_izvora,ispitivanje,P_Neutral,nije_dostupno_iz_izvora,nije_dostupno_iz_izvora,Neutral,jedan_uvjezbani_koder
test-2104,"Uspjeli su skupiti većinu za pučku pravobranitelju, za pravobraniteljicu za osobe s invaliditetom nisu izabrali novu.",HR,test_file,2104,11380,2104,nije_dostupno_iz_izvora,ispitivanje,M_Negative,nije_dostupno_iz_izvora,nije_dostupno_iz_izvora,Negative,jedan_uvjezbani_koder
test-2105,"Ja znam da si vi vjerujete, vjerovao je sebi i Sanader, vjerovao je isto u zastupnike HDZ-a, vjerovao je u Predsjedništvo HDZ-a.",HR,test_file,2105,28049,2105,nije_dostupno_iz_izvora,ispitivanje,M_Negative,nije_dostupno_iz_izvora,nije_dostupno_iz_izvora,Negative,jedan_uvjezbani_koder
test-2106,"Ja jesam za reformu poreznog sustava, ali na jedan sasvim drugačiji način.",HR,test_file,2106,15742,2106,nije_dostupno_iz_izvora,ispitivanje,M_Positive,nije_dostupno_iz_izvora,nije_dostupno_iz_izvora,Positive,jedan_uvjezbani_koder
test-2111,"Tako da je opća panika bila kad su se tada radnici pobunili, a sada dizati radnike na bunu.",HR,test_file,2111,51541,2111,nije_dostupno_iz_izvora,ispitivanje,Negative,nije_dostupno_iz_izvora,nije_dostupno_iz_izvora,Negative,jedan_uvjezbani_koder
test-2113,Pa mi radimo isti posao da dobijemo što bolji zakon. mi isti zakon čitamo različito iz različitih rekursa.,HR,test_file,2113,29131,2113,nije_dostupno_iz_izvora,ispitivanje,M_Positive,nije_dostupno_iz_izvora,nije_dostupno_iz_izvora,Positive,jedan_uvjezbani_koder
test-2115,Iz toga sam izvlačio zaključak da je bio prijedlog u interesu građana Republike Hrvatske a ne u političkom interesu HDZ-a i njegovih zastupnika.,HR,test_file,2115,21545,2115,nije_dostupno_iz_izvora,ispitivanje,Positive,nije_dostupno_iz_izvora,nije_dostupno_iz_izvora,Positive,jedan_uvjezbani_koder
test-2116,"Ali mi i sad plaćamo 5% a to je realno, razumijete?",HR,test_file,2116,45327,2116,nije_dostupno_iz_izvora,ispitivanje,P_Neutral,nije_dostupno_iz_izvora,nije_dostupno_iz_izvora,Neutral,jedan_uvjezbani_koder
test-2117,"Tako da iz tog ministarstva naše obitelji dobivaju samo obećavajuće riječi, a djelo je zakazalo.",HR,test_file,2117,73439,2117,nije_dostupno_iz_izvora,ispitivanje,Negative,nije_dostupno_iz_izvora,nije_dostupno_iz_izvora,Negative,jedan_uvjezbani_koder
test-2118,I drugi dio poštovani zastupnik Petar Baranović u ime istog kluba HNS-a.,HR,test_file,2118,30909,2118,nije_dostupno_iz_izvora,ispitivanje,P_Neutral,nije_dostupno_iz_izvora,nije_dostupno_iz_izvora,Neutral,jedan_uvjezbani_koder
test-2121,"Nitko nikada još nije snimio serijale o Strossmayeru, Gaju, Starčeviću i Radiću.",HR,test_file,2121,185611,2121,nije_dostupno_iz_izvora,ispitivanje,N_Neutral,nije_dostupno_iz_izvora,nije_dostupno_iz_izvora,Neutral,jedan_uvjezbani_koder
test-2122,I zbog svega ovog naprijed navedenog klub SDP-a podržat će ove izmjene.,HR,test_file,2122,23823,2122,nije_dostupno_iz_izvora,ispitivanje,P_Neutral,nije_dostupno_iz_izvora,nije_dostupno_iz_izvora,Neutral,jedan_uvjezbani_koder
test-2126,"Ne treba se bojati digitalizacije, vjerujete u praksi nažalost iz papirnatih knjiga je nestajalo više dokumenata nego što će nestat iz digitaliziranih.",HR,test_file,2126,28696,2126,nije_dostupno_iz_izvora,ispitivanje,M_Positive,nije_dostupno_iz_izvora,nije_dostupno_iz_izvora,Positive,jedan_uvjezbani_koder
test-2128,"Petrijevčanin rekla da se možda nalazimo u najvećoj krizi nakon II. svjetskog rata, ona će bit ako ona potraje.",HR,test_file,2128,192838,2128,nije_dostupno_iz_izvora,ispitivanje,Negative,nije_dostupno_iz_izvora,nije_dostupno_iz_izvora,Negative,jedan_uvjezbani_koder
test-2130,"Hvala lijepo uvaženi predsjedniče Hrvatskoga sabora, poštovane kolegice i kolege.",HR,test_file,2130,2858,2130,nije_dostupno_iz_izvora,ispitivanje,Positive,nije_dostupno_iz_izvora,nije_dostupno_iz_izvora,Positive,jedan_uvjezbani_koder
test-2131,Ovdje mogu reći da želim živjeti u društvu u kojem dijete ili mlada osoba koja je dobro informirana o svemu što droga nosi nikada neće ni poželjeti isprobati drogu.,HR,test_file,2131,19003,2131,nije_dostupno_iz_izvora,ispitivanje,M_Positive,nije_dostupno_iz_izvora,nije_dostupno_iz_izvora,Positive,jedan_uvjezbani_koder
test-2133,"S obzirom da ovaj zakon predstavlja alat policiji i sudovima da se uhvate u koštac sa sprečavanjem nereda sve mjere su usmjerene prema prekršiteljima, nikao prema gledateljima, navijačima ili navijačkim skupinama.",HR,test_file,2133,183012,2133,nije_dostupno_iz_izvora,ispitivanje,P_Neutral,nije_dostupno_iz_izvora,nije_dostupno_iz_izvora,Neutral,jedan_uvjezbani_koder
test-2136,Hrvatska je već godinama opterećena velikim gospodarskim problemima i došlo je uistinu vrijeme kada više nema vremena odgađati početak rješavanja ovih problema.,HR,test_file,2136,3532,2136,nije_dostupno_iz_izvora,ispitivanje,Negative,nije_dostupno_iz_izvora,nije_dostupno_iz_izvora,Negative,jedan_uvjezbani_koder
test-2139,"Drugi najveći prihod proračuna jesu doprinosi koji su planirani za 1,1 milijardu kuna više kao rezultat kako kaže vlast veže zaposlenosti i bolje naplate istih.",HR,test_file,2139,22380,2139,nije_dostupno_iz_izvora,ispitivanje,Positive,nije_dostupno_iz_izvora,nije_dostupno_iz_izvora,Positive,jedan_uvjezbani_koder
test-2141,Zato me konkretno zanimaju dvije stvari ako mi može možda dati odgovor.,HR,test_file,2141,44450,2141,nije_dostupno_iz_izvora,ispitivanje,P_Neutral,nije_dostupno_iz_izvora,nije_dostupno_iz_izvora,Neutral,jedan_uvjezbani_koder
test-2145,Evo danas raspravljamo ponovno o zakonu kojim definiramo ugovaranje zajma.,HR,test_file,2145,117197,2145,nije_dostupno_iz_izvora,ispitivanje,P_Neutral,nije_dostupno_iz_izvora,nije_dostupno_iz_izvora,Neutral,jedan_uvjezbani_koder
test-2146,To smo mi delegirali svoju namjernost. … /Upadica se ne čuje./ …,HR,test_file,2146,69309,2146,nije_dostupno_iz_izvora,ispitivanje,P_Neutral,nije_dostupno_iz_izvora,nije_dostupno_iz_izvora,Neutral,jedan_uvjezbani_koder
test-2151,"Ne mogu smatrati ni spasiteljicom ni privatizaciju i prodaju Plive ni INA-e ni banaka, ni HT-a ni ostalih tvrtki.",HR,test_file,2151,64196,2151,nije_dostupno_iz_izvora,ispitivanje,Negative,nije_dostupno_iz_izvora,nije_dostupno_iz_izvora,Negative,jedan_uvjezbani_koder
test-2152,"Kod donošenja zakona primjenjuju se odredbe Poslovnika koji se odnose na drugo čitanje zakona, to su članci 155. do 157.",HR,test_file,2152,42672,2152,nije_dostupno_iz_izvora,ispitivanje,P_Neutral,nije_dostupno_iz_izvora,nije_dostupno_iz_izvora,Neutral,jedan_uvjezbani_koder
test-2153,"Mi danas raspravljamo više-manje o proračunu, raspravljamo o odnosu zastupnika, odnosno vijećnika i izvršne vlasti.",HR,test_file,2153,59051,2153,nije_dostupno_iz_izvora,ispitivanje,P_Neutral,nije_dostupno_iz_izvora,nije_dostupno_iz_izvora,Neutral,jedan_uvjezbani_koder
test-2155,"Osobno smatram, a isto tako i mi u klubu Hrvatske seljačke stranke smatramo da bi se mirovine trebale financirati iz doprinosa mirovinskog osiguranja koje uplaćuju osiguranici.",HR,test_file,2155,83999,2155,nije_dostupno_iz_izvora,ispitivanje,P_Neutral,nije_dostupno_iz_izvora,nije_dostupno_iz_izvora,Neutral,jedan_uvjezbani_koder
test-2163,"Prošlo je godinu dana i sada smo na dobrom putu da ponovno raspravljamo o istoj problematici, o istoj temi.",HR,test_file,2163,106150,2163,nije_dostupno_iz_izvora,ispitivanje,Negative,nije_dostupno_iz_izvora,nije_dostupno_iz_izvora,Negative,jedan_uvjezbani_koder
test-2165,Uzrok treba tražiti u tome što imamo nedovoljnu gospodarsku aktivnost i nisku zaposlenost.,HR,test_file,2165,5167,2165,nije_dostupno_iz_izvora,ispitivanje,Negative,nije_dostupno_iz_izvora,nije_dostupno_iz_izvora,Negative,jedan_uvjezbani_koder
test-2166,"Pa nisam ja bio protiv zajma i mislim da su svi dobro čuli da je on povoljan, da je ako se dobro potroši ja sam u načelu postavio drugo pitanje.",HR,test_file,2166,74361,2166,nije_dostupno_iz_izvora,ispitivanje,M_Positive,nije_dostupno_iz_izvora,nije_dostupno_iz_izvora,Positive,jedan_uvjezbani_koder
test-2167,"Gospodine Bulj, tako je ja ću ponoviti na str. 85. godišnjeg izvješća 4 milijuna kuna, 4 milijuna kuna, ostalo se potroši na plaće.",HR,test_file,2167,53684,2167,nije_dostupno_iz_izvora,ispitivanje,P_Neutral,nije_dostupno_iz_izvora,nije_dostupno_iz_izvora,Neutral,jedan_uvjezbani_koder
test-2168,"Prema tome, moguće je kombinacijom ostalih varijabli smanjivati deficit države i u budućnosti sa sasma realnim stopama rasta, a naravno težiti prema izuzetno visokima.",HR,test_file,2168,91027,2168,nije_dostupno_iz_izvora,ispitivanje,Positive,nije_dostupno_iz_izvora,nije_dostupno_iz_izvora,Positive,jedan_uvjezbani_koder
test-2169,"Zato što će ako se iščitavaju odrednice strategije vidi se da će iz te strategije kasnije uslijediti i izmjene određenih, odnosno donošenje i izmjena određenih provedbenih propisa.",HR,test_file,2169,41086,2169,nije_dostupno_iz_izvora,ispitivanje,P_Neutral,nije_dostupno_iz_izvora,nije_dostupno_iz_izvora,Neutral,jedan_uvjezbani_koder
test-2171,"I ono što je najvažnije, za sve predloženo postoje dovoljna financijska sredstva, postoji dovoljan novac, mi za razliku od vas i po ovom prijedlogu želimo biti na strani naših građana.",HR,test_file,2171,109607,2171,nije_dostupno_iz_izvora,ispitivanje,Positive,nije_dostupno_iz_izvora,nije_dostupno_iz_izvora,Positive,jedan_uvjezbani_koder
test-2172,Ne znamo koliko to duboko odlazi i zato ovdje je potrebno osigurati što se tiče HNB-a kunsku likvidnost u sustavu.,HR,test_file,2172,36167,2172,nije_dostupno_iz_izvora,ispitivanje,P_Neutral,nije_dostupno_iz_izvora,nije_dostupno_iz_izvora,Neutral,jedan_uvjezbani_koder
test-2174,"Pa ako je ruralno područje RH zaista demografski najviše pogođeno, pa o ovome smo trebali raspravljati znatno prije.",HR,test_file,2174,122852,2174,nije_dostupno_iz_izvora,ispitivanje,Negative,nije_dostupno_iz_izvora,nije_dostupno_iz_izvora,Negative,jedan_uvjezbani_koder
test-2175,"I mislim da treba požuriti što prije naša premijerka, što prije do doma do Rohatinskoga da dobije što prije savjete za eventualnu ili može bitni nekakav popravak, odnosno preporuke kako dalje.",HR,test_file,2175,36766,2175,nije_dostupno_iz_izvora,ispitivanje,M_Negative,nije_dostupno_iz_izvora,nije_dostupno_iz_izvora,Negative,jedan_uvjezbani_koder
test-2179,O sustavu i njegovoj izgradnji po mjeri zadovoljenja parametara na ljestvici globalne konkurentnosti ovdje nema ni riječi.,HR,test_file,2179,99002,2179,nije_dostupno_iz_izvora,ispitivanje,Negative,nije_dostupno_iz_izvora,nije_dostupno_iz_izvora,Negative,jedan_uvjezbani_koder
test-2180,"Pa ljudi moji, ne može uz takve kamate opstati nitko, a još se uvijek kao sufinancirale Hrvatska banka za obnovu i razvoj s 5-6% zamislite.",HR,test_file,2180,86432,2180,nije_dostupno_iz_izvora,ispitivanje,Negative,nije_dostupno_iz_izvora,nije_dostupno_iz_izvora,Negative,jedan_uvjezbani_koder
test-2182,"Za naš su bili aršini katastrofalni, sjećate se što je trebalo sve ispuniti da bi Hrvatska ušla u EU.",HR,test_file,2182,145254,2182,nije_dostupno_iz_izvora,ispitivanje,Negative,nije_dostupno_iz_izvora,nije_dostupno_iz_izvora,Negative,jedan_uvjezbani_koder
test-2183,I nije naša odgovornost što mi ovdje danas u ovim satima raspravljamo … /Upadica Reiner: Kolega Bulj isteklo vam je vrijeme./ … nego isključivo predsjednik Sabora.,HR,test_file,2183,159174,2183,nije_dostupno_iz_izvora,ispitivanje,N_Neutral,nije_dostupno_iz_izvora,nije_dostupno_iz_izvora,Neutral,jedan_uvjezbani_koder
test-2184,"Dakle, u jednoj normi došlo je do jednog vrlo velike kontradikcije.",HR,test_file,2184,29814,2184,nije_dostupno_iz_izvora,ispitivanje,Negative,nije_dostupno_iz_izvora,nije_dostupno_iz_izvora,Negative,jedan_uvjezbani_koder
test-2185,6 milijardi kuna je bila zarada u 2014. godini.,HR,test_file,2185,1473,2185,nije_dostupno_iz_izvora,ispitivanje,P_Neutral,nije_dostupno_iz_izvora,nije_dostupno_iz_izvora,Neutral,jedan_uvjezbani_koder
test-2188,"Prije svega mislim da je važno, doduše nije da je publika jako velika, ali nema veze, smatram da je važno reći i objasniti zbog čega je govor mržnje moćan.",HR,test_file,2188,75564,2188,nije_dostupno_iz_izvora,ispitivanje,Negative,nije_dostupno_iz_izvora,nije_dostupno_iz_izvora,Negative,jedan_uvjezbani_koder
test-2189,Zato kažem uz to dodati eventualno i sudbene dane mislim da smo onda pokrili ovaj problem o kojem smo govorili.,HR,test_file,2189,94390,2189,nije_dostupno_iz_izvora,ispitivanje,M_Positive,nije_dostupno_iz_izvora,nije_dostupno_iz_izvora,Positive,jedan_uvjezbani_koder
test-2190,"Kolega Bačić, evo ja sam pozorno slušao vašu raspravu i drago mi je da se u mnogim detaljima slažemo.",HR,test_file,2190,32255,2190,nije_dostupno_iz_izvora,ispitivanje,Positive,nije_dostupno_iz_izvora,nije_dostupno_iz_izvora,Positive,jedan_uvjezbani_koder
test-2191,"Tamo naime dublji vodonosni slojevi koji prelaze granicu država su česta pojava, ne samo na području Slavonije, na području cijele panonske nizine.",HR,test_file,2191,60084,2191,nije_dostupno_iz_izvora,ispitivanje,P_Neutral,nije_dostupno_iz_izvora,nije_dostupno_iz_izvora,Neutral,jedan_uvjezbani_koder
test-2196,Da smo po antifašističkoj borbi mi pobjednici u Drugom svjetskom ratu.,HR,test_file,2196,18797,2196,nije_dostupno_iz_izvora,ispitivanje,Positive,nije_dostupno_iz_izvora,nije_dostupno_iz_izvora,Positive,jedan_uvjezbani_koder
test-2197,"Nije rijedak slučaj da se zbog 100000 kuna duga izgubi kuća vrijedna više od milijun kuna ili nekoliko milijuna kuna i tu su zapravo, tu se događa najveći kriminal.",HR,test_file,2197,15581,2197,nije_dostupno_iz_izvora,ispitivanje,Negative,nije_dostupno_iz_izvora,nije_dostupno_iz_izvora,Negative,jedan_uvjezbani_koder
test-2199,Mislim da je to upravo na temelju studije zatečenog stanja arboretuma Trsteno i to s florističko vegetacijskim aspektom i aspektom obnove dijela arhitektonskog fonda jedna od trenutno najvažnijih djelatnosti.,HR,test_file,2199,88738,2199,nije_dostupno_iz_izvora,ispitivanje,P_Neutral,nije_dostupno_iz_izvora,nije_dostupno_iz_izvora,Neutral,jedan_uvjezbani_koder
test-2200,"Da zaključim, to što ćete nekima ponuditi administrativnim rješenjem žute kartice bojim se da je premalo u odnosu na ono što želimo dobiti kao izlazak birača.",HR,test_file,2200,35660,2200,nije_dostupno_iz_izvora,ispitivanje,Negative,nije_dostupno_iz_izvora,nije_dostupno_iz_izvora,Negative,jedan_uvjezbani_koder
test-2202,"U prvom redu da i tu se čulo sa saborske govornice oko osnovne mirovine, gdje se osnovna mirovina smatra da je to mirovina iz I. mirovinskog stupa.",HR,test_file,2202,82449,2202,nije_dostupno_iz_izvora,ispitivanje,P_Neutral,nije_dostupno_iz_izvora,nije_dostupno_iz_izvora,Neutral,jedan_uvjezbani_koder
test-2203,A ja upravo suprotno rušim tezu obrane Ivice Todorića jer nastojim konkretnim dokazima potkrijepiti činjenicu da je Ivica Todorić u RH imao političku zaštitu stranke koja vam pripada.,HR,test_file,2203,58382,2203,nije_dostupno_iz_izvora,ispitivanje,Negative,nije_dostupno_iz_izvora,nije_dostupno_iz_izvora,Negative,jedan_uvjezbani_koder
test-2206,Kad govorimo o korupciji u nekoj zemlji mi govorimo o Vladi te zemlje.,HR,test_file,2206,60740,2206,nije_dostupno_iz_izvora,ispitivanje,Negative,nije_dostupno_iz_izvora,nije_dostupno_iz_izvora,Negative,jedan_uvjezbani_koder
test-2207,"Pa evo, svoje pitanje upućujem ministru unutarnjih poslova gospodinu Tomislavu Karamarku.",HR,test_file,2207,52767,2207,nije_dostupno_iz_izvora,ispitivanje,P_Neutral,nije_dostupno_iz_izvora,nije_dostupno_iz_izvora,Neutral,jedan_uvjezbani_koder
test-2208,Kažem gospodine Maras što se tiče izmjena stopa u ugostiteljstvu i u turizmu ja mislim da će to uvelike naštetiti našem turističkom sektoru i ugostiteljstvu.,HR,test_file,2208,3390,2208,nije_dostupno_iz_izvora,ispitivanje,Negative,nije_dostupno_iz_izvora,nije_dostupno_iz_izvora,Negative,jedan_uvjezbani_koder
test-2209,Danas presađivanje koštane srži vrlo uspješno radi i prof. Jakšić u Merkuru.,HR,test_file,2209,16781,2209,nije_dostupno_iz_izvora,ispitivanje,Positive,nije_dostupno_iz_izvora,nije_dostupno_iz_izvora,Positive,jedan_uvjezbani_koder
test-2210,"Poštovana pravobraniteljice za djecu sa suradnicom, cijenjene kolegice i kolege.",HR,test_file,2210,81552,2210,nije_dostupno_iz_izvora,ispitivanje,P_Neutral,nije_dostupno_iz_izvora,nije_dostupno_iz_izvora,Neutral,jedan_uvjezbani_koder
test-2213,Zakon će biti donesen danas a materijalni i socijalni položaj umirovljenika neće se promjeniti ali baš nimalo.,HR,test_file,2213,19131,2213,nije_dostupno_iz_izvora,ispitivanje,Negative,nije_dostupno_iz_izvora,nije_dostupno_iz_izvora,Negative,jedan_uvjezbani_koder
test-2214,"Tu se kada govorimo o minimalnoj količini za poticanje u proizvodnji mlijeka, ostalo je sve isto kako je bilo, potpuno isto.",HR,test_file,2214,13034,2214,nije_dostupno_iz_izvora,ispitivanje,Negative,nije_dostupno_iz_izvora,nije_dostupno_iz_izvora,Negative,jedan_uvjezbani_koder
test-2215,"Kolega Žagar, vi tražite da mi garantiramo znači učinak određene porezne mjere, da mi garantiramo njezin učinak?",HR,test_file,2215,17168,2215,nije_dostupno_iz_izvora,ispitivanje,N_Neutral,nije_dostupno_iz_izvora,nije_dostupno_iz_izvora,Neutral,jedan_uvjezbani_koder
test-2216,"Poštovani gospodine dopredsjedniče Hrvatskog sabora, gospodine ministre, prije svega pohvaljujem uspostavu Državnog inspektora nešto što je ugašeno prije 5 ili 6 godina i pokazalo se na terenu jako lošim.",HR,test_file,2216,113661,2216,nije_dostupno_iz_izvora,ispitivanje,Negative,nije_dostupno_iz_izvora,nije_dostupno_iz_izvora,Negative,jedan_uvjezbani_koder
test-2220,"Stručne radne skupine praktički rade reviziju onoga što je rađeno bilo, što je došlo sa javnog savjetovanja.",HR,test_file,2220,60352,2220,nije_dostupno_iz_izvora,ispitivanje,P_Neutral,nije_dostupno_iz_izvora,nije_dostupno_iz_izvora,Neutral,jedan_uvjezbani_koder
test-2222,Zašto su ovi obiteljski centri postigli dobre rezultate tamo gdje se radilo po pravilima struke.,HR,test_file,2222,57427,2222,nije_dostupno_iz_izvora,ispitivanje,Positive,nije_dostupno_iz_izvora,nije_dostupno_iz_izvora,Positive,jedan_uvjezbani_koder
test-2225,"Nemojte me prisiljavati da upućujem opomene, a nakon toga i strože kazne.",HR,test_file,2225,20254,2225,nije_dostupno_iz_izvora,ispitivanje,Negative,nije_dostupno_iz_izvora,nije_dostupno_iz_izvora,Negative,jedan_uvjezbani_koder
test-2226,Ako tada nije trebala politička odgovornost. …/Upadica se ne čuje./…,HR,test_file,2226,92043,2226,nije_dostupno_iz_izvora,ispitivanje,Negative,nije_dostupno_iz_izvora,nije_dostupno_iz_izvora,Negative,jedan_uvjezbani_koder
test-2227,"Osigurati sredstva za pokrivanje dospjelih obveza, zdravstvenih ustanova starijih od 180 dana i osigurati isplatu dakle naknade bolovanja i porodiljske dopuste.",HR,test_file,2227,12786,2227,nije_dostupno_iz_izvora,ispitivanje,P_Neutral,nije_dostupno_iz_izvora,nije_dostupno_iz_izvora,Neutral,jedan_uvjezbani_koder
test-2229,"Vi znate da i porez na dohodak ima progresivne stope itd., da postoji porez na dobit.",HR,test_file,2229,4967,2229,nije_dostupno_iz_izvora,ispitivanje,P_Neutral,nije_dostupno_iz_izvora,nije_dostupno_iz_izvora,Neutral,jedan_uvjezbani_koder
test-2230,"Dakle, mi moramo pomoći načinom kako se mi ponašamo.",HR,test_file,2230,7805,2230,nije_dostupno_iz_izvora,ispitivanje,Positive,nije_dostupno_iz_izvora,nije_dostupno_iz_izvora,Positive,jedan_uvjezbani_koder
test-2231,"Po nekim procjenama čak i bolje od onih koji su izašli sa nastavničkih fakulteta, koji barataju matičnom znanošću, ali ne barataju sa dovoljno znanja i vještina iz pedagoško-psihološke grupe predmeta.",HR,test_file,2231,10555,2231,nije_dostupno_iz_izvora,ispitivanje,M_Positive,nije_dostupno_iz_izvora,nije_dostupno_iz_izvora,Positive,jedan_uvjezbani_koder
test-2233,To jesu otvorena pitanja i možemo slobodno o tome razgovarati.,HR,test_file,2233,40198,2233,nije_dostupno_iz_izvora,ispitivanje,P_Neutral,nije_dostupno_iz_izvora,nije_dostupno_iz_izvora,Neutral,jedan_uvjezbani_koder
test-2234,"One koje imaju od jednog do 5 zaposlenih, njih je 7 tisuća i 300, ili ukupno kad to sve skupa zbrojite to vam je 95%.",HR,test_file,2234,42218,2234,nije_dostupno_iz_izvora,ispitivanje,P_Neutral,nije_dostupno_iz_izvora,nije_dostupno_iz_izvora,Neutral,jedan_uvjezbani_koder
test-2235,"Ne da ničim nije točna, nego bi prije rekao da je točno da gospodin Kajin u najblažu ruku ne trpi institucije ove države, a time i državu.",HR,test_file,2235,91874,2235,nije_dostupno_iz_izvora,ispitivanje,Negative,nije_dostupno_iz_izvora,nije_dostupno_iz_izvora,Negative,jedan_uvjezbani_koder
test-2236,Možda uopće neke ništa ne koštaju nego jednostavno su apsurdne i besmislene a ljudima bi jako puno značilo.,HR,test_file,2236,95085,2236,nije_dostupno_iz_izvora,ispitivanje,Negative,nije_dostupno_iz_izvora,nije_dostupno_iz_izvora,Negative,jedan_uvjezbani_koder
test-2237,"Naime, kasnimo sa projektima prema onome što ja imam kao informaciju.",HR,test_file,2237,183235,2237,nije_dostupno_iz_izvora,ispitivanje,Negative,nije_dostupno_iz_izvora,nije_dostupno_iz_izvora,Negative,jedan_uvjezbani_koder
test-2238,"Jedan Fond za regionalni razvoj bar tako kad je osnovan i kad je najavljivan trebao je biti jedan fond pompozno najavljivano koji će osigurati određeni regionalni, ravnomjeran regionalni razvoj regija u Republici Hrvatskoj.",HR,test_file,2238,70019,2238,nije_dostupno_iz_izvora,ispitivanje,M_Positive,nije_dostupno_iz_izvora,nije_dostupno_iz_izvora,Positive,jedan_uvjezbani_koder
test-2239,"Danas smo čuli ovdje, mislim da je uvaženi kolega Šišljagić govorio o odgovornosti i požrtvovnosti kirurga, a i svih drugih liječnika.",HR,test_file,2239,24419,2239,nije_dostupno_iz_izvora,ispitivanje,Positive,nije_dostupno_iz_izvora,nije_dostupno_iz_izvora,Positive,jedan_uvjezbani_koder
test-2240,"Dapače, ovdje se uopće ne vodi računa i zanemaruje se glavna činjenica kome služe ti sudovi, ne služe samoj državi kao državi, nego ljudima, nego građanima.",HR,test_file,2240,61677,2240,nije_dostupno_iz_izvora,ispitivanje,Negative,nije_dostupno_iz_izvora,nije_dostupno_iz_izvora,Negative,jedan_uvjezbani_koder
test-2241,Pa mnogi su danas ovdje govoreći o ovoj krizi koja nas je snašla govorili o nekom nevidljivom neprijatelju protiv kojeg se borimo.,HR,test_file,2241,189094,2241,nije_dostupno_iz_izvora,ispitivanje,Negative,nije_dostupno_iz_izvora,nije_dostupno_iz_izvora,Negative,jedan_uvjezbani_koder
test-2242,"To jeste nešto o čemu smo mi dosta vremena razgovarali i u javnosti izlazi sa stavovima, međutim to je manji dio nezakonite imovine koja se u ovoj zemlji pojavljuje.",HR,test_file,2242,24150,2242,nije_dostupno_iz_izvora,ispitivanje,Negative,nije_dostupno_iz_izvora,nije_dostupno_iz_izvora,Negative,jedan_uvjezbani_koder
test-2243,"Evo, nakon što je jedna majka govorila o ovom problemu, red je da jedan otac se osvrne na problematiku o kojoj smo danas dosta toga čuli.",HR,test_file,2243,1377,2243,nije_dostupno_iz_izvora,ispitivanje,N_Neutral,nije_dostupno_iz_izvora,nije_dostupno_iz_izvora,Neutral,jedan_uvjezbani_koder
test-2244,Ni to nije sapunica ni to nije dim ni to nije nešto što se raspršilo.,HR,test_file,2244,24153,2244,nije_dostupno_iz_izvora,ispitivanje,Negative,nije_dostupno_iz_izvora,nije_dostupno_iz_izvora,Negative,jedan_uvjezbani_koder
test-2245,"Poslovnika, ali evo vi ste zapravo rekli već sve što sam ja htio reći pa vam se i zahvaljujem.",HR,test_file,2245,29449,2245,nije_dostupno_iz_izvora,ispitivanje,Positive,nije_dostupno_iz_izvora,nije_dostupno_iz_izvora,Positive,jedan_uvjezbani_koder
test-2247,"Mi nismo čuli ovdje koliko je to oslobođenja plaćanja poreza na dohodak predstavlja gubitak za državni proračun, a koliko za lokalni.",HR,test_file,2247,16909,2247,nije_dostupno_iz_izvora,ispitivanje,Negative,nije_dostupno_iz_izvora,nije_dostupno_iz_izvora,Negative,jedan_uvjezbani_koder
test-2250,"Dakle, svi stručni standardi koji se sada odnose na javne knjižnice i na obavljanje knjižnice djelatnosti, odnose se na sve vrste knjižnica, tako i u tom smislu i na privatne knjižnice.",HR,test_file,2250,126670,2250,nije_dostupno_iz_izvora,ispitivanje,P_Neutral,nije_dostupno_iz_izvora,nije_dostupno_iz_izvora,Neutral,jedan_uvjezbani_koder
test-2251,"Ja to kažem i kao pravnik, a i kao osoba koja prati rad ministarstva i ministra i tu nema ništa ono što bi se moglo reći da to nije tako.",HR,test_file,2251,38713,2251,nije_dostupno_iz_izvora,ispitivanje,M_Positive,nije_dostupno_iz_izvora,nije_dostupno_iz_izvora,Positive,jedan_uvjezbani_koder
test-2254,"No, da se skoncentriramo na onaj posao koji nas čeka.",HR,test_file,2254,195909,2254,nije_dostupno_iz_izvora,ispitivanje,P_Neutral,nije_dostupno_iz_izvora,nije_dostupno_iz_izvora,Neutral,jedan_uvjezbani_koder
test-2257,"No ono što sve te mineralne sirovine stavlja pod jedan nazivnik to je da su oni osnova za industrijsku proizvodnju, a samim time i osnova gospodarskog razvoja svake države.",HR,test_file,2257,71820,2257,nije_dostupno_iz_izvora,ispitivanje,P_Neutral,nije_dostupno_iz_izvora,nije_dostupno_iz_izvora,Neutral,jedan_uvjezbani_koder
test-2258,"Imaš takav odgovoran posao, neko s tim djetetom mora biti doma.",HR,test_file,2258,194028,2258,nije_dostupno_iz_izvora,ispitivanje,P_Neutral,nije_dostupno_iz_izvora,nije_dostupno_iz_izvora,Neutral,jedan_uvjezbani_koder
test-2259,"To je čisto obmana bila i to je svakako i trebalo uzeti iz zakona, prekrižiti, izbaciti iz zakona.",HR,test_file,2259,57176,2259,nije_dostupno_iz_izvora,ispitivanje,Negative,nije_dostupno_iz_izvora,nije_dostupno_iz_izvora,Negative,jedan_uvjezbani_koder
test-2260,Još jednom napominjem da Hrvati ne traže ništa više od onog što im pripada po Ustavu jer su i oni ravnopravni uz ostala dva naroda u BiH-u.,HR,test_file,2260,121861,2260,nije_dostupno_iz_izvora,ispitivanje,P_Neutral,nije_dostupno_iz_izvora,nije_dostupno_iz_izvora,Neutral,jedan_uvjezbani_koder
test-2261,"I sad ako pogledamo, ja sam i premijeru napomenuo Zakon o poljoprivrednom zemljištu za sve nove zakupe omogućava da se zakup plati do 30. prosinca, 31. prosinca tekuće godine.",HR,test_file,2261,193017,2261,nije_dostupno_iz_izvora,ispitivanje,P_Neutral,nije_dostupno_iz_izvora,nije_dostupno_iz_izvora,Neutral,jedan_uvjezbani_koder
test-2264,"Ne kažem da se ne može napraviti korekcija zakonske regulative, one od 1.1.2002. i promijeniti zakonska regulativa, da se ne uplaćuje 5% nego da se taj omjer promjeni.",HR,test_file,2264,67382,2264,nije_dostupno_iz_izvora,ispitivanje,M_Negative,nije_dostupno_iz_izvora,nije_dostupno_iz_izvora,Negative,jedan_uvjezbani_koder
test-2265,"Jedan od kolega je spomenuo neke od tih posljedica, neki od tih posljedica su oduzimanje vlastitog života, neke od tih posljedica su raspadi obitelji, ostajanja bez jedine nekretnine.",HR,test_file,2265,119223,2265,nije_dostupno_iz_izvora,ispitivanje,Negative,nije_dostupno_iz_izvora,nije_dostupno_iz_izvora,Negative,jedan_uvjezbani_koder
test-2266,"Mi tražimo, dakle, mi smo se skoncentrirali na ""Viktor Lenac"".",HR,test_file,2266,21623,2266,nije_dostupno_iz_izvora,ispitivanje,N_Neutral,nije_dostupno_iz_izvora,nije_dostupno_iz_izvora,Neutral,jedan_uvjezbani_koder
test-2267,Ali što vrijeme ide dalje to je situacija sve lošija i sve nepovoljnija.,HR,test_file,2267,79318,2267,nije_dostupno_iz_izvora,ispitivanje,Negative,nije_dostupno_iz_izvora,nije_dostupno_iz_izvora,Negative,jedan_uvjezbani_koder
test-2268,"Evo nakon ovog ništavila traženja i ništavila rasprave, ja bi se referirao na ovo što je kolega Maras govorio a odnosi se na štrajk prosvjetnih djelatnika.",HR,test_file,2268,177586,2268,nije_dostupno_iz_izvora,ispitivanje,Negative,nije_dostupno_iz_izvora,nije_dostupno_iz_izvora,Negative,jedan_uvjezbani_koder
test-2269,Na kraju krajeva ovo je i prigoda da s ovom deklaracijom da Hrvatski sabor oda počast uspomeni i dade zahvalnost svim antifašističkim borcima ali jednako tako uspomeni na sve žrtve fašizma.,HR,test_file,2269,35853,2269,nije_dostupno_iz_izvora,ispitivanje,M_Positive,nije_dostupno_iz_izvora,nije_dostupno_iz_izvora,Positive,jedan_uvjezbani_koder
test-2272,"Poštovani gospodine saborski zastupniče, Ministarstvo obitelji, branitelja i međugeneracijske solidarnosti uspješno provodi vladin program stručnog osposobljavanja i zapošljavanja nezaposlenih Hrvatskih branitelja i djece poginulih Hrvatskih branitelja već nekoliko godina.",HR,test_file,2272,45788,2272,nije_dostupno_iz_izvora,ispitivanje,Positive,nije_dostupno_iz_izvora,nije_dostupno_iz_izvora,Positive,jedan_uvjezbani_koder
test-2273,"Manje drame je bilo oko postizanja dvotrećinskih, nego nadpolovičnih većina u Hrvatskom saboru.",HR,test_file,2273,46636,2273,nije_dostupno_iz_izvora,ispitivanje,M_Negative,nije_dostupno_iz_izvora,nije_dostupno_iz_izvora,Negative,jedan_uvjezbani_koder
test-2275,Kad je u pitanju nacionalni program športa ja ga držim svojevrsnom strategijom razvoja športa i držim da je ovo vrlo važan segment ovog zakona.,HR,test_file,2275,58109,2275,nije_dostupno_iz_izvora,ispitivanje,Positive,nije_dostupno_iz_izvora,nije_dostupno_iz_izvora,Positive,jedan_uvjezbani_koder
test-2276,Uvođenje prava na žalbu protiv odluke zavoda donesenih u prvom stupnju te se predviđa ustrojavanje žalbenih vijeća koja bi odlučivala po žalbama i koja bi djelovala pri Zavodu kao neovisna tijela.,HR,test_file,2276,90690,2276,nije_dostupno_iz_izvora,ispitivanje,P_Neutral,nije_dostupno_iz_izvora,nije_dostupno_iz_izvora,Neutral,jedan_uvjezbani_koder
test-2278,"Međutim, ja o rudarenju ne želim govoriti, ja želim govoriti o tome kako ćemo RH vidjeti za 5, 10, 15 ili 20 godina.",HR,test_file,2278,102861,2278,nije_dostupno_iz_izvora,ispitivanje,P_Neutral,nije_dostupno_iz_izvora,nije_dostupno_iz_izvora,Neutral,jedan_uvjezbani_koder
test-2280,Ja osobno iščitavam jednu poruku koja je usmjerena velikom cilju te dugačke i teške kompozicije koja je vukla taj teret.,HR,test_file,2280,34950,2280,nije_dostupno_iz_izvora,ispitivanje,M_Positive,nije_dostupno_iz_izvora,nije_dostupno_iz_izvora,Positive,jedan_uvjezbani_koder
test-2281,Ali ovo je Zakon o Hrvatskoj poljoprivrednoj komori kolega Kajin.,HR,test_file,2281,60587,2281,nije_dostupno_iz_izvora,ispitivanje,N_Neutral,nije_dostupno_iz_izvora,nije_dostupno_iz_izvora,Neutral,jedan_uvjezbani_koder
test-2282,Uvjeren sam da će se sa podzakonskim aktom to svakako morati definirati.,HR,test_file,2282,9525,2282,nije_dostupno_iz_izvora,ispitivanje,P_Neutral,nije_dostupno_iz_izvora,nije_dostupno_iz_izvora,Neutral,jedan_uvjezbani_koder
test-2285,"Radi se zapravo o tomu hoćemo li poštivati bolonsku deklaraciju, lisabonsku konvenciju i dalje one imaju naravno cilj da se harmonizira visoko obrazovanje i to zbog znatno veće mobilnosti i studenata i profesora.",HR,test_file,2285,5556,2285,nije_dostupno_iz_izvora,ispitivanje,M_Positive,nije_dostupno_iz_izvora,nije_dostupno_iz_izvora,Positive,jedan_uvjezbani_koder
test-2286,Na ovo ukazujem zbog daljnjih planova i potreba povjerenstva u ostvarivanju novih ciljeva.,HR,test_file,2286,3855,2286,nije_dostupno_iz_izvora,ispitivanje,Positive,nije_dostupno_iz_izvora,nije_dostupno_iz_izvora,Positive,jedan_uvjezbani_koder
test-2288,"Ministar poljoprivredi govori o potrebi povećanja proizvodnje, a Vlada istodobno svojim mjerama proizvođača ostavlja bez tržišta i time ih prisiljava na smanjenje proizvodnje.",HR,test_file,2288,61140,2288,nije_dostupno_iz_izvora,ispitivanje,Negative,nije_dostupno_iz_izvora,nije_dostupno_iz_izvora,Negative,jedan_uvjezbani_koder
test-2292,I zato je važno kakav primjer mi ostavljamo zemljama kandidatima i što sve činimo da im pomognemo ili odmognemo.,HR,test_file,2292,50812,2292,nije_dostupno_iz_izvora,ispitivanje,P_Neutral,nije_dostupno_iz_izvora,nije_dostupno_iz_izvora,Neutral,jedan_uvjezbani_koder
test-2295,Ima jako veliki broj ljudi koji zlorabi socijalnu pomoć i na lokalnoj i na državnoj razini i vi to svakako znate.,HR,test_file,2295,5005,2295,nije_dostupno_iz_izvora,ispitivanje,Negative,nije_dostupno_iz_izvora,nije_dostupno_iz_izvora,Negative,jedan_uvjezbani_koder
test-2297,"Govorim samo o onima kojima se dakle, kojima se detaljno ne želeći ulaziti u nečije drugo područje.",HR,test_file,2297,52311,2297,nije_dostupno_iz_izvora,ispitivanje,P_Neutral,nije_dostupno_iz_izvora,nije_dostupno_iz_izvora,Neutral,jedan_uvjezbani_koder
test-2299,"I tim dogovorom su obuhvaćene sve institucije, tijela i agencije EU, vidimo važnost tog dogovora.",HR,test_file,2299,81498,2299,nije_dostupno_iz_izvora,ispitivanje,Positive,nije_dostupno_iz_izvora,nije_dostupno_iz_izvora,Positive,jedan_uvjezbani_koder
test-2300,Svaka bolnica plaća drukčiji rabat jednom te istom dobavljaču lijekova.,HR,test_file,2300,139736,2300,nije_dostupno_iz_izvora,ispitivanje,N_Neutral,nije_dostupno_iz_izvora,nije_dostupno_iz_izvora,Neutral,jedan_uvjezbani_koder
test-2302,Gotovo 800 djelatnika Državnog zavoda za statistiku košta poreske obveznike isto onoliko koliko ovu državu koštaju i svi njeni istraživači koji rade na tisućama znanstveno-istraživačkih projekata.,HR,test_file,2302,74886,2302,nije_dostupno_iz_izvora,ispitivanje,Negative,nije_dostupno_iz_izvora,nije_dostupno_iz_izvora,Negative,jedan_uvjezbani_koder
test-2304,"Jučer je ovdje bilo riječi o alkoholizmu koji ćemo vjerojatno dotaknuti kad bude rasprava o sigurnosti Zakona o prometu, da tu ćemo moći reći koliko je zlo rašireno na području Hrvatske.",HR,test_file,2304,31790,2304,nije_dostupno_iz_izvora,ispitivanje,Negative,nije_dostupno_iz_izvora,nije_dostupno_iz_izvora,Negative,jedan_uvjezbani_koder
test-2307,"Moći će evo i takovi koji će stan od 100 kvadrata, a to im je prvi stan, prodati za taj stan, a kupiti stan od 120 kvadrata.",HR,test_file,2307,49944,2307,nije_dostupno_iz_izvora,ispitivanje,P_Neutral,nije_dostupno_iz_izvora,nije_dostupno_iz_izvora,Neutral,jedan_uvjezbani_koder
test-2308,"Naravno da nije sporno da u takvim zajednicama bude djece, međutim djeca nisu predmet uređenja ovog zakona, ona se ne mogu podvesti pod pravne učinke životnog partnerstva.",HR,test_file,2308,84496,2308,nije_dostupno_iz_izvora,ispitivanje,N_Neutral,nije_dostupno_iz_izvora,nije_dostupno_iz_izvora,Neutral,jedan_uvjezbani_koder
test-2311,Mi smo u tom trenutku bili i jesmo sada članica EU.,HR,test_file,2311,7985,2311,nije_dostupno_iz_izvora,ispitivanje,P_Neutral,nije_dostupno_iz_izvora,nije_dostupno_iz_izvora,Neutral,jedan_uvjezbani_koder
test-2314,"Zato kada govorimo o Zakonu o radu, ako ga već ističete ovdje kao nemezu, kao veliku prijetnju, pa dajte recite što smo to rekli mijenjati u Zakonu o radu.",HR,test_file,2314,3520,2314,nije_dostupno_iz_izvora,ispitivanje,Negative,nije_dostupno_iz_izvora,nije_dostupno_iz_izvora,Negative,jedan_uvjezbani_koder
test-2315,Mi u klubu Hrvatske demokratske zajednice ponovo ćemo kao i u prvom čitanju predložiti neke izmjene i dati primjedbe na konačni prijedlog ovog zakona sa namjerom da se donese zakon koji će biti provediv.,HR,test_file,2315,83260,2315,nije_dostupno_iz_izvora,ispitivanje,M_Positive,nije_dostupno_iz_izvora,nije_dostupno_iz_izvora,Positive,jedan_uvjezbani_koder
test-2316,"Ponavljam, klub Hrvatske seljačke stranke će ih prihvatiti, ali smatramo da je to prvi ozbiljan korak koji želimo napraviti mi, a pozivamo i vas da ispravimo nepravde prema novim umirovljenicima.",HR,test_file,2316,74438,2316,nije_dostupno_iz_izvora,ispitivanje,M_Positive,nije_dostupno_iz_izvora,nije_dostupno_iz_izvora,Positive,jedan_uvjezbani_koder
test-2317,Kako doći kolega Pankretiću do novca bez zajma u poljoprivredi?,HR,test_file,2317,74346,2317,nije_dostupno_iz_izvora,ispitivanje,Negative,nije_dostupno_iz_izvora,nije_dostupno_iz_izvora,Negative,jedan_uvjezbani_koder
test-2320,"Meni je drago da je kolega Ćosić dopunio, dakle zapravo ja bih rekao još cjelovitije sagledao ovu problematiku i dao doprinos.",HR,test_file,2320,48534,2320,nije_dostupno_iz_izvora,ispitivanje,Positive,nije_dostupno_iz_izvora,nije_dostupno_iz_izvora,Positive,jedan_uvjezbani_koder
test-2321,Evo zahvaljujući vašem preskakanu danas podijeljenog dnevnog reda i mom neznanju imam priliku nastaviti tamo gdje sam stal.,HR,test_file,2321,77272,2321,nije_dostupno_iz_izvora,ispitivanje,Negative,nije_dostupno_iz_izvora,nije_dostupno_iz_izvora,Negative,jedan_uvjezbani_koder
test-2322,"To vam dovoljno govori o decentralizaciji, mogućnostima decentralizacije u ovakvom neredu i stihiji.",HR,test_file,2322,154775,2322,nije_dostupno_iz_izvora,ispitivanje,Negative,nije_dostupno_iz_izvora,nije_dostupno_iz_izvora,Negative,jedan_uvjezbani_koder
test-2324,"A studentski centar, koji ujedno brine i o studentskoj prehrani, ali i smještaju je u sastavu Zagrebačkog sveučilišta.",HR,test_file,2324,38799,2324,nije_dostupno_iz_izvora,ispitivanje,P_Neutral,nije_dostupno_iz_izvora,nije_dostupno_iz_izvora,Neutral,jedan_uvjezbani_koder
test-2326,Što je hrvatska Vlada učinila da bi se izjednačio život muškaraca i žena onako i u onom privatnom životu.,HR,test_file,2326,58073,2326,nije_dostupno_iz_izvora,ispitivanje,N_Neutral,nije_dostupno_iz_izvora,nije_dostupno_iz_izvora,Neutral,jedan_uvjezbani_koder
test-2330,Ovo što sada predlažete je negacija zakona i to je ono što niste trebali raditi.,HR,test_file,2330,50581,2330,nije_dostupno_iz_izvora,ispitivanje,Negative,nije_dostupno_iz_izvora,nije_dostupno_iz_izvora,Negative,jedan_uvjezbani_koder
test-2332,Ja ne mogu a da prešutim i ono što smo jučer govorili na stepenicama.,HR,test_file,2332,38087,2332,nije_dostupno_iz_izvora,ispitivanje,N_Neutral,nije_dostupno_iz_izvora,nije_dostupno_iz_izvora,Neutral,jedan_uvjezbani_koder
test-2336,"Demokracija košta, ne možemo od te činjenice pobjeć, pa opet u hrvatskom slučaju moglo bi biti puno, puno jeftinije.",HR,test_file,2336,163730,2336,nije_dostupno_iz_izvora,ispitivanje,Negative,nije_dostupno_iz_izvora,nije_dostupno_iz_izvora,Negative,jedan_uvjezbani_koder
test-2340,To je pamet koju su prosuli brojni ekonomski analitičari i znanstvenici ekonomske teorije.,HR,test_file,2340,26350,2340,nije_dostupno_iz_izvora,ispitivanje,N_Neutral,nije_dostupno_iz_izvora,nije_dostupno_iz_izvora,Neutral,jedan_uvjezbani_koder
test-2342,Sredstva ako su nedostupna sada je i takav je stav Vlade ona nisu nemoguća da se ovoga časa zbrinu.,HR,test_file,2342,9478,2342,nije_dostupno_iz_izvora,ispitivanje,M_Positive,nije_dostupno_iz_izvora,nije_dostupno_iz_izvora,Positive,jedan_uvjezbani_koder
test-2347,Naravno građanin mora onda razmišljati kod sklapanja ugovora da li ide u jedan institut ili drugi i koji su prednost i jednog i drugog.,HR,test_file,2347,67600,2347,nije_dostupno_iz_izvora,ispitivanje,P_Neutral,nije_dostupno_iz_izvora,nije_dostupno_iz_izvora,Neutral,jedan_uvjezbani_koder
test-2348,"Pa pitanje vama zašto onda prihvaćate to izvješće o poslovanju ovih trgovačkih društava, odnosno državnih tvrtki?",HR,test_file,2348,65236,2348,nije_dostupno_iz_izvora,ispitivanje,N_Neutral,nije_dostupno_iz_izvora,nije_dostupno_iz_izvora,Neutral,jedan_uvjezbani_koder
test-2350,Činjenica je da je nasilje potpuno neprihvatljivo ponašanje i oko toga se svi slažemo.,HR,test_file,2350,50482,2350,nije_dostupno_iz_izvora,ispitivanje,M_Negative,nije_dostupno_iz_izvora,nije_dostupno_iz_izvora,Negative,jedan_uvjezbani_koder
test-2351,"Kolega, moram reći iskreno da vas nisam razumio što ste pitali.",HR,test_file,2351,179277,2351,nije_dostupno_iz_izvora,ispitivanje,N_Neutral,nije_dostupno_iz_izvora,nije_dostupno_iz_izvora,Neutral,jedan_uvjezbani_koder
test-2352,Nećete vidjeti niti u Lici niti u Jasenku kojeg ste spomenuli sada niti jednog ministra niti političara koji bi trebao olakšati ljudima da rješavaju i pitanje imovine.,HR,test_file,2352,135436,2352,nije_dostupno_iz_izvora,ispitivanje,Negative,nije_dostupno_iz_izvora,nije_dostupno_iz_izvora,Negative,jedan_uvjezbani_koder
test-2353,"Evo možda za ovaj Zakon postojeći, naravno, a i predloženi novi se može reći kao možda za rijetko koji drugi, ali slično je i tamo stanje.",HR,test_file,2353,46871,2353,nije_dostupno_iz_izvora,ispitivanje,P_Neutral,nije_dostupno_iz_izvora,nije_dostupno_iz_izvora,Neutral,jedan_uvjezbani_koder
test-2355,"Zbog toga podržavam sve ovo što su rekli tim više što su vatrogasci i organizirani, vi ste dali i jedan povijesni pregled.",HR,test_file,2355,115086,2355,nije_dostupno_iz_izvora,ispitivanje,Positive,nije_dostupno_iz_izvora,nije_dostupno_iz_izvora,Positive,jedan_uvjezbani_koder
test-2356,Ženama je prilikom zapošljavanja češće postavljeno pitanje o obiteljskom statusu.,HR,test_file,2356,66322,2356,nije_dostupno_iz_izvora,ispitivanje,N_Neutral,nije_dostupno_iz_izvora,nije_dostupno_iz_izvora,Neutral,jedan_uvjezbani_koder
test-2357,I smatramo da bi to doprinijelo kad smo već uveli urbane aglomeracije boljem regionalnom razvoju svih područja.,HR,test_file,2357,92762,2357,nije_dostupno_iz_izvora,ispitivanje,Positive,nije_dostupno_iz_izvora,nije_dostupno_iz_izvora,Positive,jedan_uvjezbani_koder
test-2359,Sada ćemo se vratiti našoj točci Konačnog prijedloga Zakona o zdravstvenoj zaštiti i početi ćemo sa klubovima zastupnika.,HR,test_file,2359,98481,2359,nije_dostupno_iz_izvora,ispitivanje,P_Neutral,nije_dostupno_iz_izvora,nije_dostupno_iz_izvora,Neutral,jedan_uvjezbani_koder
test-2360,"Pozitivnim je ocjenjeno povećanje udjela zaštićenih površina u ukupnoj površini Republike Hrvatske, ali je ujedno upozoreno na važnost donošenja preostalih prostornih planova zaštićenih područja.",HR,test_file,2360,21147,2360,nije_dostupno_iz_izvora,ispitivanje,M_Positive,nije_dostupno_iz_izvora,nije_dostupno_iz_izvora,Positive,jedan_uvjezbani_koder
test-2362,"No, s obzirom da niste željeli odgovoriti na moje pitanje pred Saborom ja tražim pisani odgovor o onome što sam vas pitao.",HR,test_file,2362,49571,2362,nije_dostupno_iz_izvora,ispitivanje,N_Neutral,nije_dostupno_iz_izvora,nije_dostupno_iz_izvora,Neutral,jedan_uvjezbani_koder
test-2363,"Tvrdnja da su radnici prezaštićeni nije točna, najveći indeks zaštićenosti imamo u Austriji, Belgiji, Njemačkoj, Finskoj, tu je najveća sigurnost, najveća zaposlenost i najveće plaće.",HR,test_file,2363,83565,2363,nije_dostupno_iz_izvora,ispitivanje,M_Positive,nije_dostupno_iz_izvora,nije_dostupno_iz_izvora,Positive,jedan_uvjezbani_koder
test-2364,"Potpredsjednica Vlade tamo sjedi, ministar Marić, ministrica Žalac.",HR,test_file,2364,38274,2364,nije_dostupno_iz_izvora,ispitivanje,P_Neutral,nije_dostupno_iz_izvora,nije_dostupno_iz_izvora,Neutral,jedan_uvjezbani_koder
test-2365,Drugo što je dobro i što ja mislim da je najbolje utvrđuje financijsku odgovornost.,HR,test_file,2365,68469,2365,nije_dostupno_iz_izvora,ispitivanje,Positive,nije_dostupno_iz_izvora,nije_dostupno_iz_izvora,Positive,jedan_uvjezbani_koder
test-2366,Zar stvarno bi trebali čak i na taj način javno priznati da radimo cirkus od ovog Sabora.,HR,test_file,2366,11647,2366,nije_dostupno_iz_izvora,ispitivanje,Negative,nije_dostupno_iz_izvora,nije_dostupno_iz_izvora,Negative,jedan_uvjezbani_koder
test-2369,"Prema tome, mi ako hoćemo govoriti na toj razini mi smo i do danas imali posebne gradove ili gradove sa statusom velikih gradova.",HR,test_file,2369,34593,2369,nije_dostupno_iz_izvora,ispitivanje,P_Neutral,nije_dostupno_iz_izvora,nije_dostupno_iz_izvora,Neutral,jedan_uvjezbani_koder
test-2370,"To su otprilike dužnici prema poreznim obvezama koje imamo registrirane, a odnosi se na 25,8 milijardi.",HR,test_file,2370,4554,2370,nije_dostupno_iz_izvora,ispitivanje,N_Neutral,nije_dostupno_iz_izvora,nije_dostupno_iz_izvora,Neutral,jedan_uvjezbani_koder
test-2372,"Domobrani i ustaše 1309, to je bilo '99., 1134 2003.",HR,test_file,2372,112542,2372,nije_dostupno_iz_izvora,ispitivanje,Negative,nije_dostupno_iz_izvora,nije_dostupno_iz_izvora,Negative,jedan_uvjezbani_koder
test-2373,"Te sigurno je to pridonijelo, da smo po prvi put od 2008.g. u jednoj godini imali i 3 upitni rok na dragovoljnom vojnom osposobljavanju.",HR,test_file,2373,68064,2373,nije_dostupno_iz_izvora,ispitivanje,Positive,nije_dostupno_iz_izvora,nije_dostupno_iz_izvora,Positive,jedan_uvjezbani_koder
test-2374,"Znači dvostruko jače lokomotive koje sigurno imaju, kupovina takvih lokomotiva sigurno ima logičko obrazloženje.",HR,test_file,2374,115852,2374,nije_dostupno_iz_izvora,ispitivanje,Positive,nije_dostupno_iz_izvora,nije_dostupno_iz_izvora,Positive,jedan_uvjezbani_koder
test-2375,Ja ne znam zbog čega svi bježimo od toga i mislimo da je to ne znam kakav bauk.,HR,test_file,2375,73725,2375,nije_dostupno_iz_izvora,ispitivanje,M_Negative,nije_dostupno_iz_izvora,nije_dostupno_iz_izvora,Negative,jedan_uvjezbani_koder
test-2376,"Poštovani predsjedniče Uprave ""FINE"", cijenjene kolegice i kolege.",HR,test_file,2376,41156,2376,nije_dostupno_iz_izvora,ispitivanje,P_Neutral,nije_dostupno_iz_izvora,nije_dostupno_iz_izvora,Neutral,jedan_uvjezbani_koder
test-2379,"Koji, maloprije smo govorili o dječjem vrtiću Vladimira Nazora, sad je i osnovna škola.",HR,test_file,2379,206331,2379,nije_dostupno_iz_izvora,ispitivanje,P_Neutral,nije_dostupno_iz_izvora,nije_dostupno_iz_izvora,Neutral,jedan_uvjezbani_koder
test-2380,A onda proračun govori o lošim trendovima i lošim posljedicama iz protekle godine.,HR,test_file,2380,3963,2380,nije_dostupno_iz_izvora,ispitivanje,Negative,nije_dostupno_iz_izvora,nije_dostupno_iz_izvora,Negative,jedan_uvjezbani_koder
test-2384,"Prema hrvatskim državljanima se isključivo radi diskriminacija i represija od institucija, uvaženi predstavniče Vlade, kao što je od inspektorata državnoga Andrije Mikulića prema našim domaćim ugostiteljima.",HR,test_file,2384,200223,2384,nije_dostupno_iz_izvora,ispitivanje,Negative,nije_dostupno_iz_izvora,nije_dostupno_iz_izvora,Negative,jedan_uvjezbani_koder
test-2385,Gospodin Bačić evo traži repliku i govori je o tome.,HR,test_file,2385,53979,2385,nije_dostupno_iz_izvora,ispitivanje,P_Neutral,nije_dostupno_iz_izvora,nije_dostupno_iz_izvora,Neutral,jedan_uvjezbani_koder
test-2391,Kako vidim stavka je ovdje iznimno visoka milijun 242 tisuće kuna 235.,HR,test_file,2391,40546,2391,nije_dostupno_iz_izvora,ispitivanje,P_Neutral,nije_dostupno_iz_izvora,nije_dostupno_iz_izvora,Neutral,jedan_uvjezbani_koder
test-2392,Ima tri puta veću robnu razmjenu no što je imala 1990.,HR,test_file,2392,73006,2392,nije_dostupno_iz_izvora,ispitivanje,Positive,nije_dostupno_iz_izvora,nije_dostupno_iz_izvora,Positive,jedan_uvjezbani_koder
test-2393,"Uvaženi tajniče, uslužna područja, naveli ste kriterij 2 milijuna kubika vode kao može biti jel'.",HR,test_file,2393,135949,2393,nije_dostupno_iz_izvora,ispitivanje,Negative,nije_dostupno_iz_izvora,nije_dostupno_iz_izvora,Negative,jedan_uvjezbani_koder
test-2395,"Pa uistinu i ja mislim da je tako i nas većina ovdje smatra da je to tako, a onda bi trebali razotkriti zašto i od koga ide ta politizacija.",HR,test_file,2395,77342,2395,nije_dostupno_iz_izvora,ispitivanje,M_Negative,nije_dostupno_iz_izvora,nije_dostupno_iz_izvora,Negative,jedan_uvjezbani_koder
test-2398,"To je relativno gledano samo 1 do 2% rasta plaće, rasta neto plaće.",HR,test_file,2398,13063,2398,nije_dostupno_iz_izvora,ispitivanje,N_Neutral,nije_dostupno_iz_izvora,nije_dostupno_iz_izvora,Neutral,jedan_uvjezbani_koder
test-2400,Prije nekoliko dana sam sreo čovjeka na ulici koji je dobio račun za telefon od 6 tisuća kuna.,HR,test_file,2400,8439,2400,nije_dostupno_iz_izvora,ispitivanje,N_Neutral,nije_dostupno_iz_izvora,nije_dostupno_iz_izvora,Neutral,jedan_uvjezbani_koder
test-2404,"Jer vi imate odredbu da ako imate od nekoga stipendiju da ste dužni kod njega provesti 3, 4 godine na poslu to je najnormalnija stvar.",HR,test_file,2404,172004,2404,nije_dostupno_iz_izvora,ispitivanje,P_Neutral,nije_dostupno_iz_izvora,nije_dostupno_iz_izvora,Neutral,jedan_uvjezbani_koder
test-2405,"To su neozbiljne ocjene koje ne uvažavaju znanstvena istraživanja u ovoj oblasti i koji ne cijene vrlo složen, kompleksan rad u ovoj oblasti i u Republici Hrvatskoj i u susjednim državama.",HR,test_file,2405,136360,2405,nije_dostupno_iz_izvora,ispitivanje,Negative,nije_dostupno_iz_izvora,nije_dostupno_iz_izvora,Negative,jedan_uvjezbani_koder
test-2407,"Od isporuke drugog katamarana nizozemsko brodogradilište je u mjesec i pol prije isporuke odlučilo odustat od ugovora, Nizozemci, zato nismo naplatili nikakve penale.",HR,test_file,2407,138754,2407,nije_dostupno_iz_izvora,ispitivanje,N_Neutral,nije_dostupno_iz_izvora,nije_dostupno_iz_izvora,Neutral,jedan_uvjezbani_koder
test-2408,Pri tome ne mogu prihvatiti teze koje su bile tijekom jutra izrečene čak i od strane ministra kako može kupovati netko tko nema novca.,HR,test_file,2408,8002,2408,nije_dostupno_iz_izvora,ispitivanje,Negative,nije_dostupno_iz_izvora,nije_dostupno_iz_izvora,Negative,jedan_uvjezbani_koder
test-2410,"Ovdje se uvodi vremenski rok, to je rok od 3 mjeseca.",HR,test_file,2410,10929,2410,nije_dostupno_iz_izvora,ispitivanje,P_Neutral,nije_dostupno_iz_izvora,nije_dostupno_iz_izvora,Neutral,jedan_uvjezbani_koder
test-2413,Ne samo što je štetno nego je nekorektno i u svakom slučaju to ne smije biti uloga HRT-a.,HR,test_file,2413,70185,2413,nije_dostupno_iz_izvora,ispitivanje,Negative,nije_dostupno_iz_izvora,nije_dostupno_iz_izvora,Negative,jedan_uvjezbani_koder
test-2416,"U nekim slučajevima tražila je i trajne odgode, dakle da se neke od direktiva ne primjenjuju uopće na Hrvatsku.",HR,test_file,2416,18346,2416,nije_dostupno_iz_izvora,ispitivanje,N_Neutral,nije_dostupno_iz_izvora,nije_dostupno_iz_izvora,Neutral,jedan_uvjezbani_koder
test-2417,"Ovdje se vidi, s obzirom da je zakon donesen 2008. godine, ova sredstva nisu dostatna za funkcioniranje gradova, županija, za prenesene poslove, a onda možemo govorit o decentralizaciji.",HR,test_file,2417,23046,2417,nije_dostupno_iz_izvora,ispitivanje,Negative,nije_dostupno_iz_izvora,nije_dostupno_iz_izvora,Negative,jedan_uvjezbani_koder
test-2419,"Ali smatramo da nema potrebe da taj stav bude unutra, budući da u stavu 7. za obveze Agencije jamči Vlada Republike Hrvatske.",HR,test_file,2419,65636,2419,nije_dostupno_iz_izvora,ispitivanje,N_Neutral,nije_dostupno_iz_izvora,nije_dostupno_iz_izvora,Neutral,jedan_uvjezbani_koder
test-2421,Među negativnim aspektima jedan koji najčešće se spominje je da poljoprivrednici smatraju propise EU prijetnjom opstanku svojih imanja.,HR,test_file,2421,3631,2421,nije_dostupno_iz_izvora,ispitivanje,Negative,nije_dostupno_iz_izvora,nije_dostupno_iz_izvora,Negative,jedan_uvjezbani_koder
test-2422,"Da li je to Istanbulska konvencija, da je li to provođenje u drugim institucijama, tj. institucijama, pravosuđu, policiji, da li je to provođenje Istanbulske konvencije?",HR,test_file,2422,138789,2422,nije_dostupno_iz_izvora,ispitivanje,P_Neutral,nije_dostupno_iz_izvora,nije_dostupno_iz_izvora,Neutral,jedan_uvjezbani_koder
test-2423,"Utvrđujem da je većinom glasova, 115 glasova za i 1 suzdržanim glasom prihvaćen zaključak.",HR,test_file,2423,54587,2423,nije_dostupno_iz_izvora,ispitivanje,P_Neutral,nije_dostupno_iz_izvora,nije_dostupno_iz_izvora,Neutral,jedan_uvjezbani_koder
test-2425,"Klub zastupnika SDP-a prijavio se za sudjelovanje u raspravi, u njihovo ime govorit će zastupnica Romana Jerković.",HR,test_file,2425,51747,2425,nije_dostupno_iz_izvora,ispitivanje,P_Neutral,nije_dostupno_iz_izvora,nije_dostupno_iz_izvora,Neutral,jedan_uvjezbani_koder
test-2426,Niti najosnovnije školovanje nema 80 osoba od kojih 73 ima više od 19 godina i oni vjerojatno nikada neće završiti osnovnu školu.,HR,test_file,2426,18967,2426,nije_dostupno_iz_izvora,ispitivanje,Negative,nije_dostupno_iz_izvora,nije_dostupno_iz_izvora,Negative,jedan_uvjezbani_koder
test-2428,"Ne slušate struku, poslušajte komoru, članove inženjerskih komora i šta oni misle.",HR,test_file,2428,167593,2428,nije_dostupno_iz_izvora,ispitivanje,M_Negative,nije_dostupno_iz_izvora,nije_dostupno_iz_izvora,Negative,jedan_uvjezbani_koder
test-2431,"Dakle, to nije samo lakmus papir preko kojega se očitava s jedne strane sposobnost nacionalnoga gospodarstva, s druge strane sposobnost nacionalnog obrazovnog sustava da proizvodi potrebne kadrove.",HR,test_file,2431,11623,2431,nije_dostupno_iz_izvora,ispitivanje,N_Neutral,nije_dostupno_iz_izvora,nije_dostupno_iz_izvora,Neutral,jedan_uvjezbani_koder
test-2432,"Mi možemo imati društvo obrazovanih pojedinaca, koji će međutim odlaziti iz zemlje.",HR,test_file,2432,10208,2432,nije_dostupno_iz_izvora,ispitivanje,Negative,nije_dostupno_iz_izvora,nije_dostupno_iz_izvora,Negative,jedan_uvjezbani_koder
test-2434,"Banke to uopće ne nude, ne zbog građanina nego zbog svojih vlastitih interesa.",HR,test_file,2434,56143,2434,nije_dostupno_iz_izvora,ispitivanje,Negative,nije_dostupno_iz_izvora,nije_dostupno_iz_izvora,Negative,jedan_uvjezbani_koder
test-2437,"Poštovani kolega, naime ustvrdili ste da ovaj zakon ima za cilj efikasnost naplate vjerovnika.",HR,test_file,2437,56851,2437,nije_dostupno_iz_izvora,ispitivanje,P_Neutral,nije_dostupno_iz_izvora,nije_dostupno_iz_izvora,Neutral,jedan_uvjezbani_koder
test-2438,"Navedeno povećanje najvećim je dijelom uvjetovano migrantskom krizom uslijed koje je znatno povećan broj počinjenih kaznenih djela trgovanja ljudima ili protuzakonitog ulaženja, kretanja i boravka u RH.",HR,test_file,2438,183797,2438,nije_dostupno_iz_izvora,ispitivanje,Negative,nije_dostupno_iz_izvora,nije_dostupno_iz_izvora,Negative,jedan_uvjezbani_koder
test-2442,"I postoji, postoje osobe i institucije koje su nam spremne u tome pomoći.",HR,test_file,2442,65067,2442,nije_dostupno_iz_izvora,ispitivanje,Positive,nije_dostupno_iz_izvora,nije_dostupno_iz_izvora,Positive,jedan_uvjezbani_koder
test-2447,Nitko od njih nije ni pokušao navesti da li je ikad bio igdje volonter u bilo čemu i da je to bilo kakva stavka njegovog životopisa.,HR,test_file,2447,27692,2447,nije_dostupno_iz_izvora,ispitivanje,N_Neutral,nije_dostupno_iz_izvora,nije_dostupno_iz_izvora,Neutral,jedan_uvjezbani_koder
test-2454,"Politički sustav je organiziran shodno Ustavu, a u demokratskim sustavima je predviđeno da zastupnice i zastupnici predstavljaju narod.",HR,test_file,2454,90614,2454,nije_dostupno_iz_izvora,ispitivanje,P_Neutral,nije_dostupno_iz_izvora,nije_dostupno_iz_izvora,Neutral,jedan_uvjezbani_koder
test-2456,Mislim da sam sve obuhvatila i stojim na raspolaganju za sve daljnje.,HR,test_file,2456,92066,2456,nije_dostupno_iz_izvora,ispitivanje,P_Neutral,nije_dostupno_iz_izvora,nije_dostupno_iz_izvora,Neutral,jedan_uvjezbani_koder
test-2457,Dajem na glasovanje zaključak: Prihvaća se Izvješće o izvršenju Godišnjeg provedbenog plana statističkih aktivnosti Republike Hrvatske 2004. godine.,HR,test_file,2457,50838,2457,nije_dostupno_iz_izvora,ispitivanje,P_Neutral,nije_dostupno_iz_izvora,nije_dostupno_iz_izvora,Neutral,jedan_uvjezbani_koder
test-2458,Revizijom je utvrđeno da Ministarstvo turizma glavno je i izvršno tijelo za kreiranje i provođenje turističke politike u RH.,HR,test_file,2458,8943,2458,nije_dostupno_iz_izvora,ispitivanje,P_Neutral,nije_dostupno_iz_izvora,nije_dostupno_iz_izvora,Neutral,jedan_uvjezbani_koder
test-2459,"Svi znamo da se HDZ financira iz crnih fondova, svi znamo da iz tih crnih fondova financiraju i predizborne kampanje.",HR,test_file,2459,133695,2459,nije_dostupno_iz_izvora,ispitivanje,Negative,nije_dostupno_iz_izvora,nije_dostupno_iz_izvora,Negative,jedan_uvjezbani_koder
test-2460,"Dakle, naveo sam tri ključna razloga za mijenjanje ovoga postojećeg zakona.",HR,test_file,2460,75794,2460,nije_dostupno_iz_izvora,ispitivanje,P_Neutral,nije_dostupno_iz_izvora,nije_dostupno_iz_izvora,Neutral,jedan_uvjezbani_koder
test-2462,"I mi nećemo u ovome sudjelovati, znači nećemo, povlačimo se iz sabornice jer ovakvo ponašanje kada glasujete protiv onoga što ste sami obećavali je neprihvatljivo.",HR,test_file,2462,107556,2462,nije_dostupno_iz_izvora,ispitivanje,Negative,nije_dostupno_iz_izvora,nije_dostupno_iz_izvora,Negative,jedan_uvjezbani_koder
test-2467,"A naravno da jedan od glavnih razloga za preustroj je upravo to što ste rekli, smanjenje ovih logističkih službi, koje ćemo objediniti, a operativne službe će se dalje jačati.",HR,test_file,2467,120753,2467,nije_dostupno_iz_izvora,ispitivanje,Positive,nije_dostupno_iz_izvora,nije_dostupno_iz_izvora,Positive,jedan_uvjezbani_koder
test-2470,"Dakle, što pomoć svojoj rodbini, što za izgradnju svojih objekata.",HR,test_file,2470,25797,2470,nije_dostupno_iz_izvora,ispitivanje,P_Neutral,nije_dostupno_iz_izvora,nije_dostupno_iz_izvora,Neutral,jedan_uvjezbani_koder
test-2473,Kad to kažem onda pri tome ne mislim na većinu u Saboru nego mislim zapravo na sve vas poštovane zastupnice i zastupnici u svim odborima koji o tome raspravljate.,HR,test_file,2473,49290,2473,nije_dostupno_iz_izvora,ispitivanje,P_Neutral,nije_dostupno_iz_izvora,nije_dostupno_iz_izvora,Neutral,jedan_uvjezbani_koder
test-2474,S obzirom da je glavna uloga Nacionalnog vijeća za sport dosad bila davanje stručnog mišljenja ovim prijedlogom izmjena predlaže se da ono bude stručno i savjetodavno tijelo.,HR,test_file,2474,13591,2474,nije_dostupno_iz_izvora,ispitivanje,P_Neutral,nije_dostupno_iz_izvora,nije_dostupno_iz_izvora,Neutral,jedan_uvjezbani_koder
test-2476,"Također smo odlučili da se plaćanje poreza na dodanu vrijednost može odgoditi sve dok se ne naplate izdani računi, ali to ne znači da oslobađamo od plaćanja obveze PDV-a.",HR,test_file,2476,196036,2476,nije_dostupno_iz_izvora,ispitivanje,P_Neutral,nije_dostupno_iz_izvora,nije_dostupno_iz_izvora,Neutral,jedan_uvjezbani_koder
test-2478,Ovakav moj prijedlog također je na tragu smanjenja mjesta i područja u kojima može dolaziti do korupcije.,HR,test_file,2478,29468,2478,nije_dostupno_iz_izvora,ispitivanje,Positive,nije_dostupno_iz_izvora,nije_dostupno_iz_izvora,Positive,jedan_uvjezbani_koder
test-2479,"Ne možemo nismo mi ti koji mož3mo izbaciti, izbori, narod zapravo i glasaći će pokazati da li že se to napraviti.",HR,test_file,2479,120264,2479,nije_dostupno_iz_izvora,ispitivanje,P_Neutral,nije_dostupno_iz_izvora,nije_dostupno_iz_izvora,Neutral,jedan_uvjezbani_koder
test-2482,"Prema odredbama Zakona, Državni ured za reviziju obavezno godišnje obavlja reviziju državnog proračuna, fondova, odnosno zavoda na razini Republike Hrvatske i proračuna jedinica lokalne, odnosno područne samouprave.",HR,test_file,2482,36524,2482,nije_dostupno_iz_izvora,ispitivanje,P_Neutral,nije_dostupno_iz_izvora,nije_dostupno_iz_izvora,Neutral,jedan_uvjezbani_koder
test-2484,"Poštovani državni tajnik u Ministarstvu uprave Darko Nekić, izvolite.",HR,test_file,2484,155887,2484,nije_dostupno_iz_izvora,ispitivanje,P_Neutral,nije_dostupno_iz_izvora,nije_dostupno_iz_izvora,Neutral,jedan_uvjezbani_koder
test-2487,"Hrvatski branitelji, zajedno smo se izborili za domovinu, zajedno se borimo za budućnost naše djece, zaustavimo ono što je loše a borimo se da nam djeca opstanu ovdje.",HR,test_file,2487,50825,2487,nije_dostupno_iz_izvora,ispitivanje,Positive,nije_dostupno_iz_izvora,nije_dostupno_iz_izvora,Positive,jedan_uvjezbani_koder
test-2489,"Molim vas, idemo se držati vremena, jako ste ga prekardašili.",HR,test_file,2489,62355,2489,nije_dostupno_iz_izvora,ispitivanje,N_Neutral,nije_dostupno_iz_izvora,nije_dostupno_iz_izvora,Neutral,jedan_uvjezbani_koder
test-2490,"U Hrvatskoj se danas na Internetu može obaviti sve, gotovo sve, od bankarskih usluga, turističkih aranžmana i sve veći broj tvrtki međusobno počinje koristiti sve oblike elektroničkog poslovanja.",HR,test_file,2490,51970,2490,nije_dostupno_iz_izvora,ispitivanje,P_Neutral,nije_dostupno_iz_izvora,nije_dostupno_iz_izvora,Neutral,jedan_uvjezbani_koder
test-2491,"Zahvaljujem poštovani potpredsjedniče Hrvatskoga sabora, štovani kolegice i kolege zastupnici.",HR,test_file,2491,65900,2491,nije_dostupno_iz_izvora,ispitivanje,P_Neutral,nije_dostupno_iz_izvora,nije_dostupno_iz_izvora,Neutral,jedan_uvjezbani_koder
test-2494,Vi morate platiti ekstra nešto da bi pogledali neku emisiju.,HR,test_file,2494,7819,2494,nije_dostupno_iz_izvora,ispitivanje,N_Neutral,nije_dostupno_iz_izvora,nije_dostupno_iz_izvora,Neutral,jedan_uvjezbani_koder
test-2498,Šef svake benzinske pumpe je u boljoj poziciji danas od zastupnika.,HR,test_file,2498,1170,2498,nije_dostupno_iz_izvora,ispitivanje,Negative,nije_dostupno_iz_izvora,nije_dostupno_iz_izvora,Negative,jedan_uvjezbani_koder
test-2500,"Dakle, s jedne strane morate vodit računa o prostornom planiranju da ne vučete novi promet u centar grada, ali s druge strane morate vodit računa o tome kakovi su oni zagađivači.",HR,test_file,2500,183960,2500,nije_dostupno_iz_izvora,ispitivanje,Negative,nije_dostupno_iz_izvora,nije_dostupno_iz_izvora,Negative,jedan_uvjezbani_koder
test-2502,"Dakle ako imate ovakav zakon, ako omogućujete relativno jednostavno da se veliki broj zgrada legalizira onda morate imati zaista jaku obrambenu mašineriju koja mora biti s jedne strane brzo izdavanje dozvole.",HR,test_file,2502,41605,2502,nije_dostupno_iz_izvora,ispitivanje,P_Neutral,nije_dostupno_iz_izvora,nije_dostupno_iz_izvora,Neutral,jedan_uvjezbani_koder
test-2503,Djeca danas u Hrvatskoj nemaju posla jer se životni standard sroza.,HR,test_file,2503,7172,2503,nije_dostupno_iz_izvora,ispitivanje,Negative,nije_dostupno_iz_izvora,nije_dostupno_iz_izvora,Negative,jedan_uvjezbani_koder
test-2504,"A provodila se tako da su određeni iznosi bili i da su se ti iznosi doznačavali načelniku, gradonačelniku i ne znam ni ja kome.",HR,test_file,2504,62479,2504,nije_dostupno_iz_izvora,ispitivanje,Negative,nije_dostupno_iz_izvora,nije_dostupno_iz_izvora,Negative,jedan_uvjezbani_koder
test-2505,"Najveće teškoće i najveću pozornost koju ćemo morati posvetiti vidim u onim poglavljima gdje ćemo zbog stanja u pojedinim ovlastima hrvatskog društva, hrvatskog gospodarstva morati tražiti najveća i najduža prijelazna razdoblja.",HR,test_file,2505,81670,2505,nije_dostupno_iz_izvora,ispitivanje,Negative,nije_dostupno_iz_izvora,nije_dostupno_iz_izvora,Negative,jedan_uvjezbani_koder
test-2506,"A ako slučajno odbija to onda gubi i ugovor sa HZZO-om i prestaje onda njegov status, status kojega ima.",HR,test_file,2506,91233,2506,nije_dostupno_iz_izvora,ispitivanje,Negative,nije_dostupno_iz_izvora,nije_dostupno_iz_izvora,Negative,jedan_uvjezbani_koder
test-2507,"Međutim ovdje treba napomenuti, zapravo ta osoba se mora obvezati da će u daljnjem roku od 6 mjeseci od dana sklapanja kupoprodajnog ugovora podnijeti zahtjev nadležnom tijelu državne uprave za ishođenje građevinske dozvole.",HR,test_file,2507,51998,2507,nije_dostupno_iz_izvora,ispitivanje,P_Neutral,nije_dostupno_iz_izvora,nije_dostupno_iz_izvora,Neutral,jedan_uvjezbani_koder
test-2509,"Ja ću vas sada kratko provesti kroz, znači ovaj zakon i kroz najvažnije promjene koje se uvode ovim izmjenama i dopunama zakona.",HR,test_file,2509,64797,2509,nije_dostupno_iz_izvora,ispitivanje,P_Neutral,nije_dostupno_iz_izvora,nije_dostupno_iz_izvora,Neutral,jedan_uvjezbani_koder
test-2512,"Ove godine smo imali gotovo 5 mjeseci snijega, još uvijek ga imamo na stranama koje su daleko od sunca, a ova ih strategija jednostavno ne uvažava.",HR,test_file,2512,39299,2512,nije_dostupno_iz_izvora,ispitivanje,Negative,nije_dostupno_iz_izvora,nije_dostupno_iz_izvora,Negative,jedan_uvjezbani_koder
test-2514,"Ali da ne idem dalje na gospodina Končara, za investicije, odnosno za razvoj je bitno financiranje.",HR,test_file,2514,95268,2514,nije_dostupno_iz_izvora,ispitivanje,P_Neutral,nije_dostupno_iz_izvora,nije_dostupno_iz_izvora,Neutral,jedan_uvjezbani_koder
test-2515,"Malo možda bi trebalo malo razgovarati i o pošti, dakle o Hrvatskim poštama, možda usporedbe javni operateri i ostali.",HR,test_file,2515,9389,2515,nije_dostupno_iz_izvora,ispitivanje,P_Neutral,nije_dostupno_iz_izvora,nije_dostupno_iz_izvora,Neutral,jedan_uvjezbani_koder
test-2516,"Sada kaže USKOK na svojoj, ja sam bar pročitao na teleteksu, provest će se vještačenje.",HR,test_file,2516,34483,2516,nije_dostupno_iz_izvora,ispitivanje,N_Neutral,nije_dostupno_iz_izvora,nije_dostupno_iz_izvora,Neutral,jedan_uvjezbani_koder
test-2518,Svidjelo se svemogućem premijeru da uvede odredbu o nula promila.,HR,test_file,2518,6620,2518,nije_dostupno_iz_izvora,ispitivanje,Negative,nije_dostupno_iz_izvora,nije_dostupno_iz_izvora,Negative,jedan_uvjezbani_koder
test-2520,"Želim vjerovati da, a i u raspravi je nekoliko zastupnika iz redova vladajuće većine nekoliko rješenja iz našeg prijedloga zakona podržalo i smatra ih dobrim rješenjem uostalom.",HR,test_file,2520,43192,2520,nije_dostupno_iz_izvora,ispitivanje,Positive,nije_dostupno_iz_izvora,nije_dostupno_iz_izvora,Positive,jedan_uvjezbani_koder
test-2522,"Pozdravljamo i ovo produženje sa 3 na četiri godine i u tom dijelu, dakle ovog drugog zakona nemamo nekih bitnih primjedbi.",HR,test_file,2522,112886,2522,nije_dostupno_iz_izvora,ispitivanje,Positive,nije_dostupno_iz_izvora,nije_dostupno_iz_izvora,Positive,jedan_uvjezbani_koder
test-2523,"Mi u RH imamo 4,3 milijuna korisnika u pokretnoj mreži telekomunikacijskih usluga.",HR,test_file,2523,124581,2523,nije_dostupno_iz_izvora,ispitivanje,P_Neutral,nije_dostupno_iz_izvora,nije_dostupno_iz_izvora,Neutral,jedan_uvjezbani_koder
test-2525,Podsjetio bih samo na skandal koji je nastao onog tjedna od 2.11. do 8.11. kad je bilo organizirano sučeljavanje na HRT-u pa je onda sramotno odgođeno.,HR,test_file,2525,4353,2525,nije_dostupno_iz_izvora,ispitivanje,Negative,nije_dostupno_iz_izvora,nije_dostupno_iz_izvora,Negative,jedan_uvjezbani_koder
test-2528,"Izuzetno važna tema, riječ je, znamo koliko je zadužen i HAC i Hrvatske ceste, ista stvar se događa.",HR,test_file,2528,42594,2528,nije_dostupno_iz_izvora,ispitivanje,Negative,nije_dostupno_iz_izvora,nije_dostupno_iz_izvora,Negative,jedan_uvjezbani_koder
test-2532,"O njima sam govorio u ovome Domu, spominjući različite načine stjecanja invaliditeta i ogromne razlike koje iz toga proizlaze.",HR,test_file,2532,49166,2532,nije_dostupno_iz_izvora,ispitivanje,N_Neutral,nije_dostupno_iz_izvora,nije_dostupno_iz_izvora,Neutral,jedan_uvjezbani_koder
test-2535,"Ali, s druge strane HNS koji je sjedao ovdje i bio dio oporbe i kritizira ovaj zakon, danas ga hvali.",HR,test_file,2535,101359,2535,nije_dostupno_iz_izvora,ispitivanje,Negative,nije_dostupno_iz_izvora,nije_dostupno_iz_izvora,Negative,jedan_uvjezbani_koder
test-2536,"Takva osoba će onda biti dobar član društva, dobar inženjer, dobar kuhar, dobar političar.",HR,test_file,2536,76062,2536,nije_dostupno_iz_izvora,ispitivanje,Positive,nije_dostupno_iz_izvora,nije_dostupno_iz_izvora,Positive,jedan_uvjezbani_koder
test-2537,U trenutcima kada financije otimamo građanima ili kada su građanima otete njihove financije onda teško možemo govoriti da su državna i javna tijela u funkciji građana.,HR,test_file,2537,37506,2537,nije_dostupno_iz_izvora,ispitivanje,Negative,nije_dostupno_iz_izvora,nije_dostupno_iz_izvora,Negative,jedan_uvjezbani_koder
test-2538,"Ne od konstatacije, ne od stava, nego od pitanja.",HR,test_file,2538,65514,2538,nije_dostupno_iz_izvora,ispitivanje,N_Neutral,nije_dostupno_iz_izvora,nije_dostupno_iz_izvora,Neutral,jedan_uvjezbani_koder
test-2540,Suglasja oko nakana oko toga gdje nas put vodi i nakon toga da tim putem želimo krenuti.,HR,test_file,2540,30902,2540,nije_dostupno_iz_izvora,ispitivanje,Positive,nije_dostupno_iz_izvora,nije_dostupno_iz_izvora,Positive,jedan_uvjezbani_koder
test-2541,Ja kolegice i kolege to ne mogu zaboraviti i ne želim zaboraviti.,HR,test_file,2541,43908,2541,nije_dostupno_iz_izvora,ispitivanje,M_Negative,nije_dostupno_iz_izvora,nije_dostupno_iz_izvora,Negative,jedan_uvjezbani_koder
test-2542,"Ukoliko prijavitelj koristi druge mjere potpore, davatelj potpore uračunava iskorištenost, odnosno iznose preostale za korištenje do maksimalnog iznosa sukladno uredbi, opće skupnom izuzeću.",HR,test_file,2542,69919,2542,nije_dostupno_iz_izvora,ispitivanje,P_Neutral,nije_dostupno_iz_izvora,nije_dostupno_iz_izvora,Neutral,jedan_uvjezbani_koder
test-2544,"Ja ne velim ni da smo je u ovom trenutku prihvatili ili je nismo prihvatili, dakle to trenutka izglasavanja intervencije u zakon su moguće.",HR,test_file,2544,112898,2544,nije_dostupno_iz_izvora,ispitivanje,P_Neutral,nije_dostupno_iz_izvora,nije_dostupno_iz_izvora,Neutral,jedan_uvjezbani_koder
test-2550,"Dakle nije potrebno uvijek sve prepisivati, nekad treba pokazati inovativnost i modele koje smo mi zapravo i sami uočili da najbolje funkcioniraju.",HR,test_file,2550,110154,2550,nije_dostupno_iz_izvora,ispitivanje,M_Negative,nije_dostupno_iz_izvora,nije_dostupno_iz_izvora,Negative,jedan_uvjezbani_koder
test-2551,"U svemu ovome obavezno treba uključiti jedinice lokalne, regionalne samouprave jer one najbolje znaju što zapravo treba na njihovim područjima.",HR,test_file,2551,93266,2551,nije_dostupno_iz_izvora,ispitivanje,Positive,nije_dostupno_iz_izvora,nije_dostupno_iz_izvora,Positive,jedan_uvjezbani_koder
test-2552,"Ali za nas je ono bitnije, ako već imamo institut minimalne plaće da li je ona isključivo ekonomsko-gospodarskog značaja i kriterija ili i socijalnog.",HR,test_file,2552,18662,2552,nije_dostupno_iz_izvora,ispitivanje,P_Neutral,nije_dostupno_iz_izvora,nije_dostupno_iz_izvora,Neutral,jedan_uvjezbani_koder
test-2553,"Dakle, isto postoje neke nelogičnosti koji su kriteriji, koje su okolnosti, na koji način ako ćemo na taj način razmišljati.",HR,test_file,2553,104790,2553,nije_dostupno_iz_izvora,ispitivanje,Negative,nije_dostupno_iz_izvora,nije_dostupno_iz_izvora,Negative,jedan_uvjezbani_koder
test-2556,Na dnevnom redu imamo Deklaraciju o potpori hrvatskom narodu u Bosni i Hercegovini i Bosni i Hercegovini u procesu ustavnih promjena.,HR,test_file,2556,80839,2556,nije_dostupno_iz_izvora,ispitivanje,P_Neutral,nije_dostupno_iz_izvora,nije_dostupno_iz_izvora,Neutral,jedan_uvjezbani_koder
test-2558,"Međutim, demografska problematika barem hrvatskih otoka začeta je prije više od stotinjak godina kad se zbog bolesti loze itd. napuštalo i išlo prema dolje.",HR,test_file,2558,15354,2558,nije_dostupno_iz_izvora,ispitivanje,Negative,nije_dostupno_iz_izvora,nije_dostupno_iz_izvora,Negative,jedan_uvjezbani_koder
test-2560,"Ako nekom dajemo novac, a mirovina jest novac, onda ga ne smijemo dati iz tuđeg džepa.",HR,test_file,2560,7025,2560,nije_dostupno_iz_izvora,ispitivanje,M_Negative,nije_dostupno_iz_izvora,nije_dostupno_iz_izvora,Negative,jedan_uvjezbani_koder
test-2561,"Ali to je stvar kojoj se moramo posvetiti, prije svega mi koji činimo vladajuću koaliciju ali isto tako i ostali kolege, zato vaš poziv cijenim.",HR,test_file,2561,60204,2561,nije_dostupno_iz_izvora,ispitivanje,Positive,nije_dostupno_iz_izvora,nije_dostupno_iz_izvora,Positive,jedan_uvjezbani_koder
test-2564,"Nadalje, predlagatelj nije uzeo u obzir zakonsku obavezu edukacije vještaka i unapređivanje poslova vještačenja što zasigurno iziskuje određena financijska opterećenja.",HR,test_file,2564,73353,2564,nije_dostupno_iz_izvora,ispitivanje,Negative,nije_dostupno_iz_izvora,nije_dostupno_iz_izvora,Negative,jedan_uvjezbani_koder
test-2566,"Nitko ne zna u Njemačkoj kako će riješiti problem Deutsche Banke, o tome se pokušava se to i tamo pokušavaju preko toga preći, ali ne može.",HR,test_file,2566,187470,2566,nije_dostupno_iz_izvora,ispitivanje,Negative,nije_dostupno_iz_izvora,nije_dostupno_iz_izvora,Negative,jedan_uvjezbani_koder
test-2569,"Na žalost radi dobre literature, a na sreću kod često loših ideoligiziranih udžbenika.",HR,test_file,2569,60126,2569,nije_dostupno_iz_izvora,ispitivanje,Negative,nije_dostupno_iz_izvora,nije_dostupno_iz_izvora,Negative,jedan_uvjezbani_koder
test-2573,To se prije svega odnosi na smanjivanje poreznog opterećenja za velik broj građana i poduzetnika.,HR,test_file,2573,9787,2573,nije_dostupno_iz_izvora,ispitivanje,P_Neutral,nije_dostupno_iz_izvora,nije_dostupno_iz_izvora,Neutral,jedan_uvjezbani_koder
test-2574,"Donesena su dva Pravilnika o smještaju tražitelja azila i azilanata i stranaca pod privremenom zaštitom, te o visini novčane pomoći koja im se daje.",HR,test_file,2574,90423,2574,nije_dostupno_iz_izvora,ispitivanje,P_Neutral,nije_dostupno_iz_izvora,nije_dostupno_iz_izvora,Neutral,jedan_uvjezbani_koder
test-2575,"On, Haag se zatvara za godinu, godinu i pol dana.",HR,test_file,2575,15218,2575,nije_dostupno_iz_izvora,ispitivanje,N_Neutral,nije_dostupno_iz_izvora,nije_dostupno_iz_izvora,Neutral,jedan_uvjezbani_koder
test-2576,"U Ministarstvu znanosti, obrazovanja i sporta kada smo preuzeli ministarstvo rekli smo da vlada dosta kaotično stanje i nered u puno segmenata.",HR,test_file,2576,12337,2576,nije_dostupno_iz_izvora,ispitivanje,Negative,nije_dostupno_iz_izvora,nije_dostupno_iz_izvora,Negative,jedan_uvjezbani_koder
test-2581,"Poštovani potpredsjedniče Sabora, poštovani državni tajniče sa suradnicom, dame i gospodo zastupnici.",HR,test_file,2581,135313,2581,nije_dostupno_iz_izvora,ispitivanje,P_Neutral,nije_dostupno_iz_izvora,nije_dostupno_iz_izvora,Neutral,jedan_uvjezbani_koder
test-2584,"Dakle, idemo u tom smjeru i mislim da nije dobro uopće upoređivati sa bilokojim drugim Hrvatima, da li se to radi o iseljeništvu ili Hrvatima u BiH-u, hvala lijepo.",HR,test_file,2584,142869,2584,nije_dostupno_iz_izvora,ispitivanje,Negative,nije_dostupno_iz_izvora,nije_dostupno_iz_izvora,Negative,jedan_uvjezbani_koder
test-2586,S vezi u s tim u ime Kluba Hrvatske stranke prava tražim pauzu od 15 minuta.,HR,test_file,2586,11482,2586,nije_dostupno_iz_izvora,ispitivanje,P_Neutral,nije_dostupno_iz_izvora,nije_dostupno_iz_izvora,Neutral,jedan_uvjezbani_koder
test-2588,Europska ne propisuje niti gleda na taj način a podsjetit ću vas da člankom 22.,HR,test_file,2588,59537,2588,nije_dostupno_iz_izvora,ispitivanje,N_Neutral,nije_dostupno_iz_izvora,nije_dostupno_iz_izvora,Neutral,jedan_uvjezbani_koder
test-2590,Kao što vam je znano Ured pravobraniteljice za djecu temeljem Zakona o pravobranitelju za djecu ne postupa samo po prijavama već i po vlastitim inicijativama prateći stanje povreda u društvu općenito.,HR,test_file,2590,88228,2590,nije_dostupno_iz_izvora,ispitivanje,P_Neutral,nije_dostupno_iz_izvora,nije_dostupno_iz_izvora,Neutral,jedan_uvjezbani_koder
test-2592,"Nakon iscrpne provedene rasprave Odbor je većinom glasova, 9 za 1 suzdržan odlučio predočiti Hrvatskom saboru da donosi sljedeći zaključak.",HR,test_file,2592,68474,2592,nije_dostupno_iz_izvora,ispitivanje,P_Neutral,nije_dostupno_iz_izvora,nije_dostupno_iz_izvora,Neutral,jedan_uvjezbani_koder
test-2595,"Nema procedure, a slabo vas razumijem pa sam došao tu bliže.",HR,test_file,2595,20731,2595,nije_dostupno_iz_izvora,ispitivanje,M_Negative,nije_dostupno_iz_izvora,nije_dostupno_iz_izvora,Negative,jedan_uvjezbani_koder
test-2597,Ali budući da drugi ne govore o tome mi moramo o tome govoriti.,HR,test_file,2597,40525,2597,nije_dostupno_iz_izvora,ispitivanje,M_Negative,nije_dostupno_iz_izvora,nije_dostupno_iz_izvora,Negative,jedan_uvjezbani_koder
test-2599,Dakle broj tih ugovora o leasingu sklopljenih tijekom prvih šest mjeseci porastao je čak za 40% u odnosu na prošlu godinu.,HR,test_file,2599,72492,2599,nije_dostupno_iz_izvora,ispitivanje,P_Neutral,nije_dostupno_iz_izvora,nije_dostupno_iz_izvora,Neutral,jedan_uvjezbani_koder
test-2600,Ne i kao potpredsjednik se bavio problemima koje ste ostavili 2000. godine. vi znate od negativnog trenda došli smo do pozitivnog trenda.,HR,test_file,2600,56101,2600,nije_dostupno_iz_izvora,ispitivanje,M_Positive,nije_dostupno_iz_izvora,nije_dostupno_iz_izvora,Positive,jedan_uvjezbani_koder
